,index,date,close,diff,open,high,low,volume
0,0,1999.07.05,11000.0,1150.0,11000.0,11000.0,11000.0,21635.0
1,1,1999.07.06,12300.0,1300.0,12300.0,12300.0,10500.0,215514.0
2,2,1999.07.07,13750.0,1450.0,13700.0,13750.0,12600.0,91552.0
3,3,1999.07.08,15400.0,1650.0,15400.0,15400.0,15000.0,21750.0
4,4,1999.07.09,17200.0,1800.0,17200.0,17200.0,17200.0,8243.0
5,5,1999.07.12,19250.0,2050.0,19250.0,19250.0,19250.0,7304.0
6,6,1999.07.13,20800.0,1550.0,21550.0,21550.0,16950.0,144697.0
7,7,1999.07.14,18350.0,2450.0,20000.0,20000.0,18350.0,57315.0
8,8,1999.07.15,17000.0,1350.0,16500.0,19900.0,16150.0,120376.0
9,9,1999.07.16,16650.0,350.0,17500.0,17700.0,16300.0,48708.0
10,10,1999.07.19,15500.0,1150.0,16650.0,16950.0,15100.0,57572.0
11,11,1999.07.20,15350.0,150.0,15700.0,16800.0,15200.0,54018.0
12,12,1999.07.21,13550.0,1800.0,15100.0,15200.0,13550.0,46276.0
13,13,1999.07.22,11950.0,1600.0,12500.0,13300.0,11950.0,59998.0
14,14,1999.07.23,13350.0,1400.0,12000.0,13350.0,12000.0,75348.0
15,15,1999.07.26,11750.0,1600.0,11750.0,12700.0,11750.0,53283.0
16,16,1999.07.27,10650.0,1100.0,10700.0,12200.0,10350.0,52806.0
17,17,1999.07.28,11100.0,450.0,10650.0,11800.0,10650.0,48613.0
18,18,1999.07.29,11200.0,100.0,11000.0,11850.0,10300.0,50030.0
19,19,1999.07.30,10500.0,700.0,11000.0,11300.0,10200.0,28262.0
20,20,1999.08.02,9950.0,550.0,10000.0,10200.0,9300.0,36079.0
21,21,1999.08.03,10000.0,50.0,9300.0,10500.0,9050.0,31150.0
22,22,1999.08.04,10000.0,0.0,9600.0,10400.0,9600.0,37337.0
23,23,1999.08.05,11000.0,1000.0,10500.0,11200.0,9850.0,53491.0
24,24,1999.08.06,11800.0,800.0,11050.0,11900.0,10800.0,75399.0
25,25,1999.08.09,13200.0,1400.0,12500.0,13200.0,12300.0,30962.0
26,26,1999.08.10,12250.0,950.0,13900.0,13900.0,11650.0,66758.0
27,27,1999.08.11,11200.0,1050.0,12000.0,12000.0,11200.0,31193.0
28,28,1999.08.12,11200.0,0.0,11600.0,11900.0,10800.0,23979.0
29,29,1999.08.13,11200.0,0.0,11000.0,11950.0,11000.0,28687.0
30,30,1999.08.16,10700.0,500.0,11200.0,11700.0,10500.0,24177.0
31,31,1999.08.17,10000.0,700.0,10500.0,11200.0,10000.0,22895.0
32,32,1999.08.18,9750.0,250.0,9500.0,9880.0,8800.0,29433.0
33,33,1999.08.19,10900.0,1150.0,9500.0,10900.0,9450.0,25172.0
34,34,1999.08.20,10300.0,600.0,10500.0,10850.0,10200.0,22520.0
35,35,1999.08.23,11100.0,800.0,10300.0,11400.0,10300.0,26618.0
36,36,1999.08.24,10900.0,200.0,11200.0,11300.0,10600.0,18678.0
37,37,1999.08.25,11300.0,400.0,11200.0,11900.0,11200.0,30648.0
38,38,1999.08.26,11000.0,300.0,11400.0,11400.0,10800.0,25048.0
39,39,1999.08.27,10850.0,150.0,10800.0,11400.0,10350.0,25893.0
40,40,1999.08.30,10800.0,50.0,10500.0,11000.0,10500.0,22038.0
41,41,1999.08.31,12050.0,1250.0,11100.0,12050.0,10600.0,88953.0
42,42,1999.09.01,12700.0,650.0,12600.0,13450.0,12200.0,84738.0
43,43,1999.09.02,11600.0,1100.0,12100.0,12400.0,11200.0,34492.0
44,44,1999.09.03,12200.0,600.0,11700.0,12950.0,11100.0,41865.0
45,45,1999.09.06,13650.0,1450.0,13000.0,13650.0,12800.0,85095.0
46,46,1999.09.07,13100.0,550.0,13700.0,13900.0,12700.0,44667.0
47,47,1999.09.08,13000.0,100.0,13200.0,13600.0,12000.0,36476.0
48,48,1999.09.09,12300.0,700.0,12200.0,12750.0,12000.0,15056.0
49,49,1999.09.10,12200.0,100.0,12400.0,12800.0,11900.0,12917.0
50,50,1999.09.13,11750.0,450.0,11850.0,13400.0,11700.0,20547.0
51,51,1999.09.14,11800.0,50.0,11750.0,12000.0,11050.0,16822.0
52,52,1999.09.15,11900.0,100.0,12000.0,12450.0,11600.0,9075.0
53,53,1999.09.16,11800.0,100.0,11500.0,11900.0,11500.0,14037.0
54,54,1999.09.17,12600.0,800.0,11600.0,12600.0,11300.0,25542.0
55,55,1999.09.20,12200.0,400.0,12550.0,12600.0,12000.0,21096.0
56,56,1999.09.21,12200.0,0.0,11800.0,12500.0,11800.0,31023.0
57,57,1999.09.22,11850.0,350.0,11800.0,12200.0,11600.0,38810.0
58,58,1999.09.27,9300.0,2550.0,9200.0,9550.0,9200.0,12487.0
59,59,1999.09.28,9300.0,0.0,8900.0,9400.0,8900.0,7204.0
60,60,1999.09.29,8840.0,460.0,9300.0,9300.0,8800.0,5842.0
61,61,1999.09.30,8400.0,440.0,8500.0,8850.0,7780.0,3874.0
62,62,1999.10.01,7450.0,950.0,7500.0,8000.0,7400.0,7163.0
63,63,1999.10.04,7400.0,50.0,6710.0,7820.0,6710.0,6115.0
64,64,1999.10.05,8200.0,800.0,7400.0,8280.0,7400.0,11387.0
65,65,1999.10.06,7800.0,400.0,7510.0,8500.0,7400.0,3644.0
66,66,1999.10.07,8290.0,490.0,8000.0,8400.0,7800.0,5423.0
67,67,1999.10.08,7910.0,380.0,7910.0,8290.0,7800.0,6332.0
68,68,1999.10.11,8540.0,630.0,7800.0,8700.0,7800.0,20971.0
69,69,1999.10.12,9500.0,960.0,8340.0,9560.0,8340.0,53377.0
70,70,1999.10.13,8730.0,770.0,9490.0,9490.0,8360.0,21154.0
71,71,1999.10.14,8480.0,250.0,8730.0,8730.0,7690.0,56618.0
72,72,1999.10.15,8480.0,0.0,8730.0,8730.0,7690.0,56618.0
73,73,1999.10.18,7650.0,830.0,7800.0,8000.0,7400.0,30297.0
74,74,1999.10.19,7580.0,70.0,7700.0,7770.0,7400.0,24970.0
75,75,1999.10.20,7890.0,310.0,7610.0,7900.0,7480.0,43117.0
76,76,1999.10.21,7680.0,210.0,8180.0,8180.0,7500.0,26715.0
77,77,1999.10.22,7600.0,80.0,7500.0,7800.0,7500.0,9749.0
78,78,1999.10.25,7200.0,400.0,7600.0,7800.0,6900.0,14066.0
79,79,1999.10.26,7100.0,100.0,7200.0,7200.0,6810.0,16009.0
80,80,1999.10.27,7300.0,200.0,7100.0,7910.0,7100.0,41109.0
81,81,1999.10.28,7000.0,300.0,7100.0,7300.0,7000.0,13648.0
82,82,1999.10.29,7250.0,250.0,7000.0,7410.0,7000.0,19248.0
83,83,1999.11.01,7350.0,100.0,7250.0,7600.0,7010.0,26020.0
84,84,1999.11.02,7980.0,630.0,7350.0,8200.0,7260.0,36517.0
85,85,1999.11.03,8380.0,400.0,8000.0,8590.0,7500.0,70686.0
86,86,1999.11.04,8700.0,320.0,9100.0,9100.0,8450.0,57983.0
87,87,1999.11.05,8500.0,200.0,9000.0,9000.0,8220.0,35945.0
88,88,1999.11.08,8410.0,90.0,8500.0,8800.0,8300.0,68569.0
89,89,1999.11.09,7950.0,460.0,8600.0,8600.0,7620.0,31446.0
90,90,1999.11.10,7800.0,150.0,8000.0,8190.0,7500.0,31424.0
91,91,1999.11.11,8090.0,290.0,7800.0,8230.0,7600.0,57430.0
92,92,1999.11.15,7790.0,300.0,7200.0,7800.0,7100.0,32337.0
93,93,1999.11.16,7600.0,190.0,7650.0,8200.0,7330.0,82422.0
94,94,1999.11.17,8290.0,690.0,8000.0,8450.0,7800.0,181877.0
95,95,1999.11.18,7690.0,600.0,8200.0,8200.0,7400.0,69712.0
96,96,1999.11.19,7600.0,90.0,7500.0,7940.0,7400.0,67630.0
97,97,1999.11.22,7540.0,60.0,7300.0,8100.0,7300.0,78793.0
98,98,1999.11.23,7640.0,100.0,7600.0,7850.0,7400.0,82650.0
99,99,1999.11.24,7820.0,180.0,8000.0,8200.0,7700.0,166119.0
100,100,1999.11.25,7410.0,410.0,7820.0,7820.0,7400.0,80101.0
101,101,1999.11.26,6850.0,560.0,7270.0,7410.0,6600.0,72083.0
102,102,1999.11.29,6850.0,0.0,6750.0,6850.0,6210.0,45740.0
103,103,1999.11.30,6790.0,60.0,6350.0,7000.0,6300.0,44349.0
104,104,1999.12.01,6730.0,60.0,6920.0,7200.0,6600.0,64310.0
105,105,1999.12.02,6400.0,330.0,6700.0,6950.0,6200.0,56713.0
106,106,1999.12.03,6610.0,210.0,6600.0,6780.0,6400.0,35551.0
107,107,1999.12.06,6560.0,50.0,6940.0,6940.0,6200.0,72862.0
108,108,1999.12.07,6180.0,380.0,6350.0,6550.0,6100.0,55610.0
109,109,1999.12.08,6210.0,30.0,6100.0,6210.0,5810.0,38365.0
110,110,1999.12.09,6600.0,390.0,6700.0,6800.0,6530.0,80234.0
111,111,1999.12.10,7390.0,790.0,6660.0,7390.0,6200.0,175124.0
112,112,1999.12.13,7250.0,140.0,7350.0,7880.0,6850.0,109385.0
113,113,1999.12.14,6880.0,370.0,7010.0,7020.0,6750.0,72137.0
114,114,1999.12.15,6690.0,190.0,6800.0,6850.0,6300.0,60817.0
115,115,1999.12.16,6560.0,130.0,6650.0,6790.0,6400.0,50905.0
116,116,1999.12.17,6400.0,160.0,6560.0,6600.0,6210.0,41733.0
117,117,1999.12.20,6350.0,50.0,6210.0,6420.0,6200.0,21703.0
118,118,1999.12.21,6080.0,270.0,6200.0,6300.0,6000.0,50110.0
119,119,1999.12.22,5900.0,180.0,5880.0,6100.0,5880.0,44668.0
120,120,1999.12.23,6000.0,100.0,6000.0,6200.0,5900.0,46000.0
121,121,1999.12.24,6100.0,100.0,6000.0,6300.0,6000.0,23351.0
122,122,1999.12.27,6160.0,60.0,6050.0,6400.0,6000.0,31956.0
123,123,1999.12.28,6400.0,240.0,6160.0,6590.0,6160.0,54484.0
124,124,2000.01.04,6100.0,300.0,6400.0,6400.0,5640.0,41425.0
125,125,2000.01.05,5600.0,500.0,5700.0,6000.0,5500.0,28142.0
126,126,2000.01.06,5390.0,210.0,5650.0,5900.0,5300.0,27766.0
127,127,2000.01.07,5210.0,180.0,5500.0,5500.0,5200.0,24977.0
128,128,2000.01.10,5250.0,40.0,5300.0,5400.0,5050.0,24226.0
129,129,2000.01.11,5500.0,250.0,5100.0,5500.0,5100.0,75062.0
130,130,2000.01.12,5300.0,200.0,5500.0,5600.0,5200.0,41353.0
131,131,2000.01.14,6300.0,1000.0,5800.0,6300.0,5550.0,50867.0
132,132,2000.01.17,6070.0,230.0,6100.0,6450.0,5700.0,43494.0
133,133,2000.01.18,6100.0,30.0,5720.0,6200.0,5450.0,28974.0
134,134,2000.01.19,5870.0,230.0,6200.0,6200.0,5750.0,29494.0
135,135,2000.01.20,6090.0,220.0,6100.0,6350.0,5750.0,63012.0
136,136,2000.01.21,6500.0,410.0,6090.0,6800.0,5800.0,67733.0
137,137,2000.01.24,6700.0,200.0,6200.0,6700.0,6200.0,59157.0
138,138,2000.01.25,6700.0,0.0,6690.0,6880.0,6350.0,53296.0
139,139,2000.01.26,6400.0,300.0,6400.0,6700.0,6050.0,19077.0
140,140,2000.01.27,6440.0,40.0,6060.0,6500.0,6060.0,19463.0
141,141,2000.01.28,6120.0,320.0,6140.0,6400.0,6120.0,22191.0
142,142,2000.01.31,6180.0,60.0,5710.0,6180.0,5700.0,12760.0
143,143,2000.02.02,6070.0,110.0,6050.0,6200.0,5910.0,21312.0
144,144,2000.02.03,6020.0,50.0,6070.0,6300.0,5950.0,25480.0
145,145,2000.02.07,6130.0,110.0,6100.0,6200.0,6000.0,16579.0
146,146,2000.02.08,6000.0,130.0,6010.0,6130.0,5850.0,14264.0
147,147,2000.02.09,5850.0,150.0,5800.0,5950.0,5700.0,22432.0
148,148,2000.02.10,5350.0,500.0,5800.0,5800.0,5350.0,19044.0
149,149,2000.02.11,5390.0,40.0,5350.0,5480.0,5200.0,10831.0
150,150,2000.02.14,4960.0,430.0,5100.0,5100.0,4850.0,22395.0
151,151,2000.02.15,5000.0,40.0,4970.0,5000.0,4800.0,10449.0
152,152,2000.02.16,4900.0,100.0,4700.0,5000.0,4700.0,11504.0
153,153,2000.02.17,4830.0,70.0,4800.0,4950.0,4800.0,10556.0
154,154,2000.02.18,4690.0,140.0,4900.0,4990.0,4520.0,22380.0
155,155,2000.02.21,4700.0,10.0,4700.0,4700.0,4400.0,33324.0
156,156,2000.02.22,5260.0,560.0,4500.0,5260.0,4400.0,32262.0
157,157,2000.02.23,5470.0,210.0,5300.0,5700.0,5000.0,28171.0
158,158,2000.02.24,5050.0,420.0,5500.0,5500.0,4910.0,19922.0
159,159,2000.02.25,5050.0,0.0,5010.0,5050.0,5000.0,12695.0
160,160,2000.02.28,5080.0,30.0,5050.0,5250.0,5000.0,22997.0
161,161,2000.02.29,5000.0,80.0,5300.0,5300.0,5000.0,15637.0
162,162,2000.03.02,5600.0,600.0,5200.0,5600.0,5050.0,31932.0
163,163,2000.03.03,5380.0,220.0,5590.0,5590.0,5200.0,23180.0
164,164,2000.03.06,6020.0,640.0,5480.0,6020.0,5210.0,68290.0
165,165,2000.03.07,5890.0,130.0,6400.0,6490.0,5710.0,25911.0
166,166,2000.03.08,5910.0,20.0,6190.0,6200.0,5760.0,34819.0
167,167,2000.03.09,6610.0,700.0,5900.0,6610.0,5810.0,114107.0
168,168,2000.03.10,6850.0,240.0,6820.0,7400.0,6610.0,123559.0
169,169,2000.03.13,7300.0,450.0,6850.0,7450.0,6420.0,114820.0
170,170,2000.03.14,7000.0,300.0,7100.0,7400.0,6510.0,87498.0
171,171,2000.03.15,7840.0,840.0,7390.0,7840.0,7200.0,185595.0
172,172,2000.04.28,5360.0,2480.0,5490.0,5650.0,5310.0,83244.0
173,173,2000.05.01,5360.0,0.0,5490.0,5650.0,5310.0,83244.0
174,174,2000.05.02,5370.0,10.0,5250.0,5490.0,5100.0,78460.0
175,175,2000.05.03,5360.0,10.0,5210.0,5560.0,5210.0,69717.0
176,176,2000.05.04,5250.0,110.0,5360.0,5450.0,5170.0,59705.0
177,177,2000.05.08,5250.0,0.0,5200.0,5320.0,5120.0,49573.0
178,178,2000.05.09,5370.0,120.0,5300.0,5380.0,5210.0,47004.0
179,179,2000.05.10,5290.0,80.0,5300.0,5380.0,5160.0,29315.0
180,180,2000.05.12,5340.0,50.0,5200.0,5350.0,5180.0,45441.0
181,181,2000.05.15,5040.0,300.0,5300.0,5790.0,5000.0,133246.0
182,182,2000.05.18,5050.0,10.0,4700.0,5050.0,4600.0,68520.0
183,183,2000.05.19,5030.0,20.0,4900.0,5090.0,4750.0,39545.0
184,184,2000.05.22,5030.0,0.0,5030.0,5070.0,5000.0,47583.0
185,185,2000.05.23,5150.0,120.0,5050.0,5630.0,5000.0,55540.0
186,186,2000.05.24,5150.0,0.0,5000.0,5300.0,5000.0,58113.0
187,187,2000.05.25,5410.0,260.0,5100.0,5560.0,5100.0,70160.0
188,188,2000.05.26,5010.0,400.0,5120.0,5400.0,5000.0,41813.0
189,189,2000.05.29,5060.0,50.0,5010.0,5150.0,5000.0,36079.0
190,190,2000.05.30,5400.0,340.0,5140.0,5400.0,5060.0,45175.0
191,191,2000.05.31,5640.0,240.0,5400.0,5790.0,5400.0,75159.0
192,192,2000.06.01,5460.0,180.0,5500.0,5600.0,5400.0,35813.0
193,193,2000.06.02,5310.0,150.0,5450.0,5800.0,5310.0,20577.0
194,194,2000.06.05,5940.0,630.0,5560.0,5940.0,5560.0,111953.0
195,195,2000.06.07,6650.0,710.0,6580.0,6650.0,6450.0,291850.0
196,196,2000.06.08,5970.0,680.0,6810.0,7250.0,5860.0,225513.0
197,197,2000.06.09,5480.0,490.0,5650.0,5990.0,5270.0,92803.0
198,198,2000.06.12,5490.0,10.0,5310.0,5800.0,5270.0,66487.0
199,199,2000.06.13,5300.0,190.0,5400.0,5540.0,5150.0,60881.0
200,200,2000.06.14,5490.0,190.0,5100.0,5900.0,5100.0,128086.0
201,201,2000.06.15,5260.0,230.0,5610.0,5770.0,5200.0,45571.0
202,202,2000.06.16,5200.0,60.0,5220.0,5350.0,5170.0,33949.0
203,203,2000.06.19,5150.0,50.0,5150.0,5340.0,5150.0,27074.0
204,204,2000.06.20,5330.0,180.0,5100.0,5350.0,5100.0,35809.0
205,205,2000.06.21,5270.0,60.0,5340.0,5390.0,5200.0,23608.0
206,206,2000.06.22,5240.0,30.0,5230.0,5300.0,5150.0,20232.0
207,207,2000.06.23,5210.0,30.0,5200.0,5250.0,5120.0,21079.0
208,208,2000.06.26,5230.0,20.0,5170.0,5300.0,5170.0,21736.0
209,209,2000.06.27,5240.0,10.0,5250.0,5260.0,5180.0,20384.0
210,210,2000.06.28,5270.0,30.0,5290.0,5600.0,5180.0,77891.0
211,211,2000.06.29,5340.0,70.0,5400.0,5460.0,5200.0,41711.0
212,212,2000.06.30,5320.0,20.0,5300.0,5370.0,5210.0,30572.0
213,213,2000.07.03,5460.0,140.0,5280.0,5570.0,5280.0,54484.0
214,214,2000.07.04,5660.0,200.0,5480.0,5790.0,5480.0,35843.0
215,215,2000.07.05,5800.0,140.0,5660.0,5980.0,5620.0,82003.0
216,216,2000.07.06,6020.0,220.0,5820.0,6150.0,5820.0,98605.0
217,217,2000.07.07,6080.0,60.0,5900.0,6500.0,5800.0,136079.0
218,218,2000.07.10,5930.0,150.0,6200.0,6300.0,5610.0,79939.0
219,219,2000.07.11,5800.0,130.0,6000.0,6190.0,5730.0,100946.0
220,220,2000.07.12,5720.0,80.0,5800.0,5950.0,5650.0,50665.0
221,221,2000.07.13,5840.0,120.0,5620.0,5880.0,5620.0,25583.0
222,222,2000.07.14,5900.0,60.0,5910.0,5970.0,5740.0,36169.0
223,223,2000.07.18,5830.0,70.0,5910.0,5940.0,5730.0,13293.0
224,224,2000.07.19,5670.0,160.0,5700.0,5790.0,5560.0,13920.0
225,225,2000.07.20,5540.0,130.0,5500.0,5700.0,5490.0,9475.0
226,226,2000.07.21,5480.0,60.0,5700.0,5700.0,5300.0,15204.0
227,227,2000.07.24,5350.0,130.0,5300.0,5440.0,5300.0,23873.0
228,228,2000.07.25,5270.0,80.0,5220.0,5400.0,5220.0,23555.0
229,229,2000.07.26,5300.0,30.0,5250.0,5400.0,5210.0,21577.0
230,230,2000.07.27,5390.0,90.0,5300.0,5600.0,5250.0,20799.0
231,231,2000.07.28,5260.0,130.0,5400.0,5450.0,5250.0,14667.0
232,232,2000.07.31,5180.0,80.0,5210.0,5210.0,5100.0,19737.0
233,233,2000.08.01,5300.0,120.0,5200.0,5750.0,5200.0,52098.0
234,234,2000.08.02,5340.0,40.0,5400.0,5600.0,5310.0,26794.0
235,235,2000.08.03,5280.0,60.0,5300.0,5430.0,5280.0,41259.0
236,236,2000.08.04,5340.0,60.0,5320.0,5420.0,5250.0,31782.0
237,237,2000.08.07,5520.0,180.0,5300.0,5670.0,5300.0,65573.0
238,238,2000.08.08,5970.0,450.0,5600.0,6180.0,5600.0,180276.0
239,239,2000.08.09,5800.0,170.0,5970.0,6050.0,5520.0,75329.0
240,240,2000.08.10,6000.0,200.0,5800.0,6390.0,5630.0,97822.0
241,241,2000.08.11,5790.0,210.0,6000.0,6050.0,5610.0,50151.0
242,242,2000.08.14,5900.0,110.0,5830.0,6200.0,5600.0,99585.0
243,243,2000.08.16,5790.0,110.0,5750.0,5980.0,5670.0,34834.0
244,244,2000.08.17,6000.0,210.0,5790.0,6150.0,5700.0,57583.0
245,245,2000.08.18,6490.0,490.0,6010.0,6640.0,5900.0,164041.0
246,246,2000.08.21,6300.0,190.0,6450.0,7250.0,6220.0,263603.0
247,247,2000.08.22,6000.0,300.0,6280.0,6300.0,5810.0,106211.0
248,248,2000.08.23,5880.0,120.0,5850.0,6240.0,5800.0,121041.0
249,249,2000.08.24,5630.0,250.0,5810.0,5970.0,5620.0,88164.0
250,250,2000.08.25,5570.0,60.0,5450.0,5740.0,5450.0,35582.0
251,251,2000.08.28,5790.0,220.0,5670.0,5890.0,5510.0,62351.0
252,252,2000.08.29,5710.0,80.0,5700.0,5960.0,5660.0,48509.0
253,253,2000.08.30,5700.0,10.0,5850.0,5940.0,5640.0,31003.0
254,254,2000.08.31,5530.0,170.0,5700.0,5830.0,5450.0,31602.0
255,255,2000.09.01,5710.0,180.0,5580.0,5710.0,5500.0,42469.0
256,256,2000.09.04,5810.0,100.0,5750.0,5840.0,5610.0,29340.0
257,257,2000.09.05,5800.0,10.0,5680.0,5900.0,5630.0,15473.0
258,258,2000.09.06,5780.0,20.0,5880.0,5900.0,5700.0,29106.0
259,259,2000.09.07,5480.0,300.0,5780.0,5800.0,5460.0,47367.0
260,260,2000.09.08,5500.0,20.0,5430.0,5630.0,5430.0,27054.0
261,261,2000.09.14,5550.0,50.0,5350.0,5550.0,5280.0,30555.0
262,262,2000.09.15,5430.0,120.0,5400.0,5630.0,5310.0,60366.0
263,263,2000.09.18,4980.0,450.0,5230.0,5310.0,4780.0,89854.0
264,264,2000.09.19,5000.0,20.0,4980.0,5200.0,4720.0,38927.0
265,265,2000.09.20,5090.0,90.0,5100.0,5190.0,5060.0,19981.0
266,266,2000.09.21,5050.0,40.0,5100.0,5150.0,4930.0,23866.0
267,267,2000.09.22,4930.0,120.0,5100.0,5100.0,4750.0,61415.0
268,268,2000.09.25,5070.0,140.0,4800.0,5080.0,4800.0,19315.0
269,269,2000.09.26,5060.0,10.0,5070.0,5100.0,4970.0,15101.0
270,270,2000.09.27,5170.0,110.0,5030.0,5200.0,4950.0,36226.0
271,271,2000.09.28,5150.0,20.0,5170.0,5220.0,5050.0,15697.0
272,272,2000.09.29,5140.0,10.0,5290.0,5290.0,5050.0,26826.0
273,273,2000.10.02,5090.0,50.0,5100.0,5200.0,5010.0,18500.0
274,274,2000.10.04,5070.0,20.0,4970.0,5080.0,4930.0,19388.0
275,275,2000.10.05,5050.0,20.0,5100.0,5100.0,5030.0,17861.0
276,276,2000.10.06,5030.0,20.0,4950.0,5070.0,4950.0,30642.0
277,277,2000.10.09,5030.0,0.0,5030.0,5060.0,4960.0,24731.0
278,278,2000.10.10,5000.0,30.0,5030.0,5050.0,4980.0,17463.0
279,279,2000.10.11,5000.0,0.0,5290.0,5340.0,4960.0,54535.0
280,280,2000.10.12,4990.0,10.0,5020.0,5050.0,4930.0,15494.0
281,281,2000.10.13,4970.0,20.0,4990.0,5000.0,4850.0,31805.0
282,282,2000.10.16,5010.0,40.0,4980.0,5090.0,4970.0,36655.0
283,283,2000.10.17,4980.0,30.0,4970.0,5030.0,4930.0,27501.0
284,284,2000.10.18,4970.0,10.0,4920.0,4990.0,4890.0,12919.0
285,285,2000.10.19,4970.0,0.0,4930.0,4990.0,4910.0,7360.0
286,286,2000.10.20,5040.0,70.0,4970.0,5100.0,4950.0,23046.0
287,287,2000.10.23,4900.0,140.0,5000.0,5090.0,4710.0,13418.0
288,288,2000.10.24,4990.0,90.0,4950.0,4990.0,4840.0,14634.0
289,289,2000.10.25,4990.0,0.0,4900.0,5000.0,4900.0,9779.0
290,290,2000.10.26,5120.0,130.0,4990.0,5190.0,4990.0,65215.0
291,291,2000.10.27,5070.0,50.0,5280.0,5280.0,4990.0,21101.0
292,292,2000.10.30,5000.0,70.0,4970.0,5090.0,4900.0,22369.0
293,293,2000.10.31,4990.0,10.0,4940.0,5000.0,4900.0,9936.0
294,294,2000.11.01,5000.0,10.0,4940.0,5000.0,4920.0,16038.0
295,295,2000.11.02,5110.0,110.0,5000.0,5460.0,4950.0,96090.0
296,296,2000.11.03,5110.0,0.0,5180.0,5190.0,5000.0,24851.0
297,297,2000.11.06,5100.0,10.0,5140.0,5140.0,5050.0,10179.0
298,298,2000.11.07,5100.0,0.0,5110.0,5110.0,5030.0,15062.0
299,299,2000.11.08,5070.0,30.0,5100.0,5100.0,5040.0,14536.0
300,300,2000.11.09,5000.0,70.0,5000.0,5050.0,4970.0,15014.0
301,301,2000.11.10,5030.0,30.0,5000.0,5100.0,5000.0,21561.0
302,302,2000.11.13,5630.0,600.0,5140.0,5630.0,5130.0,157097.0
303,303,2000.11.14,5670.0,40.0,6000.0,6300.0,5410.0,229856.0
304,304,2000.11.15,5420.0,250.0,5650.0,5650.0,5310.0,110410.0
305,305,2000.11.16,5510.0,90.0,5580.0,5580.0,5320.0,36577.0
306,306,2000.11.17,5290.0,220.0,5350.0,5500.0,5280.0,30097.0
307,307,2000.11.20,5210.0,80.0,5150.0,5300.0,5120.0,24300.0
308,308,2000.11.21,5090.0,120.0,5020.0,5100.0,5020.0,37572.0
309,309,2000.11.22,5080.0,10.0,5030.0,5150.0,5030.0,27963.0
310,310,2000.11.23,5170.0,90.0,5060.0,5450.0,5000.0,71779.0
311,311,2000.11.24,5130.0,40.0,5200.0,5280.0,5070.0,20243.0
312,312,2000.11.27,5160.0,30.0,5180.0,5240.0,5080.0,18272.0
313,313,2000.11.28,5110.0,50.0,5160.0,5200.0,5050.0,20836.0
314,314,2000.11.29,5010.0,100.0,5030.0,5050.0,4980.0,64655.0
315,315,2000.11.30,5010.0,0.0,4980.0,5070.0,4950.0,18000.0
316,316,2000.12.01,4980.0,30.0,4980.0,4990.0,4890.0,57286.0
317,317,2000.12.04,4950.0,30.0,4910.0,5080.0,4910.0,9790.0
318,318,2000.12.05,5000.0,50.0,4950.0,5000.0,4910.0,18097.0
319,319,2000.12.06,4980.0,20.0,4970.0,5050.0,4950.0,15491.0
320,320,2000.12.07,4980.0,0.0,4950.0,4990.0,4930.0,10291.0
321,321,2000.12.08,5050.0,70.0,4990.0,5130.0,4960.0,38079.0
322,322,2000.12.11,5030.0,20.0,5050.0,5140.0,5010.0,21371.0
323,323,2000.12.12,5050.0,20.0,5000.0,5060.0,5000.0,16270.0
324,324,2000.12.13,5120.0,70.0,5200.0,5200.0,5050.0,55094.0
325,325,2000.12.14,5070.0,50.0,5130.0,5130.0,5060.0,34479.0
326,326,2000.12.15,5080.0,10.0,5120.0,5120.0,5000.0,40482.0
327,327,2000.12.18,5110.0,30.0,5100.0,5120.0,5000.0,49525.0
328,328,2000.12.19,5080.0,30.0,5190.0,5200.0,5040.0,57941.0
329,329,2000.12.20,5030.0,50.0,5050.0,5100.0,4950.0,56412.0
330,330,2000.12.21,5140.0,110.0,5030.0,5150.0,4910.0,58300.0
331,331,2000.12.22,5130.0,10.0,5200.0,5200.0,5060.0,49880.0
332,332,2000.12.26,5380.0,250.0,5150.0,5400.0,5150.0,86053.0
333,333,2001.01.02,5030.0,350.0,4740.0,5160.0,4740.0,160458.0
334,334,2001.01.03,4900.0,130.0,5040.0,5040.0,4790.0,84893.0
335,335,2001.01.04,5020.0,120.0,5000.0,5080.0,4920.0,94680.0
336,336,2001.01.05,4960.0,60.0,4990.0,5350.0,4910.0,172644.0
337,337,2001.01.08,4960.0,0.0,5020.0,5020.0,4950.0,52493.0
338,338,2001.01.09,4920.0,40.0,4960.0,4980.0,4900.0,47576.0
339,339,2001.01.10,4990.0,70.0,4940.0,5180.0,4920.0,178084.0
340,340,2001.01.11,4970.0,20.0,5010.0,5060.0,4920.0,59500.0
341,341,2001.01.12,5000.0,30.0,5040.0,5200.0,4980.0,127457.0
342,342,2001.01.15,5110.0,110.0,5070.0,5440.0,5010.0,151665.0
343,343,2001.01.16,5050.0,60.0,5140.0,5140.0,5010.0,57475.0
344,344,2001.01.17,5060.0,10.0,5010.0,5090.0,5010.0,54636.0
345,345,2001.01.18,5010.0,50.0,5140.0,5140.0,5010.0,30702.0
346,346,2001.01.19,4970.0,40.0,5000.0,5070.0,4970.0,25735.0
347,347,2001.01.22,5050.0,80.0,4880.0,5340.0,4880.0,183203.0
348,348,2001.01.26,5000.0,50.0,5090.0,5120.0,4970.0,76174.0
349,349,2001.01.29,5040.0,40.0,5010.0,5110.0,4950.0,72477.0
350,350,2001.01.30,5120.0,80.0,5100.0,5180.0,5080.0,122829.0
351,351,2001.01.31,5050.0,70.0,5180.0,5190.0,5010.0,49677.0
352,352,2001.02.01,5000.0,50.0,5020.0,5060.0,4960.0,46363.0
353,353,2001.02.02,5020.0,20.0,4970.0,5040.0,4970.0,38353.0
354,354,2001.02.05,4970.0,50.0,5000.0,5020.0,4950.0,35448.0
355,355,2001.02.06,4990.0,20.0,5000.0,5000.0,4950.0,31162.0
356,356,2001.02.07,4960.0,30.0,4970.0,4990.0,4960.0,19678.0
357,357,2001.02.08,4990.0,30.0,4960.0,5020.0,4960.0,23176.0
358,358,2001.02.09,4980.0,10.0,4990.0,5000.0,4950.0,27886.0
359,359,2001.02.12,5030.0,50.0,4960.0,5050.0,4960.0,65538.0
360,360,2001.02.13,5090.0,60.0,4980.0,5240.0,4970.0,148308.0
361,361,2001.02.14,5030.0,60.0,5090.0,5270.0,5020.0,128560.0
362,362,2001.02.15,5110.0,80.0,5190.0,5340.0,5080.0,124176.0
363,363,2001.02.16,5080.0,30.0,5060.0,5150.0,5020.0,59464.0
364,364,2001.02.19,5070.0,10.0,5060.0,5130.0,5010.0,53624.0
365,365,2001.02.20,5150.0,80.0,5020.0,5170.0,5020.0,70012.0
366,366,2001.02.21,5760.0,610.0,5400.0,5760.0,5400.0,618727.0
367,367,2001.02.22,6010.0,250.0,5850.0,6450.0,5530.0,718649.0
368,368,2001.02.23,5630.0,380.0,5980.0,6150.0,5400.0,287136.0
369,369,2001.02.26,5430.0,200.0,5450.0,5880.0,5400.0,235944.0
370,370,2001.02.27,5200.0,230.0,5450.0,5530.0,5190.0,120116.0
371,371,2001.02.28,5260.0,60.0,5150.0,5350.0,5130.0,128148.0
372,372,2001.03.02,5150.0,110.0,5250.0,5250.0,5130.0,75391.0
373,373,2001.03.05,5220.0,70.0,5070.0,5220.0,5050.0,81264.0
374,374,2001.03.06,5250.0,30.0,5220.0,5350.0,5140.0,83291.0
375,375,2001.03.07,5400.0,150.0,5300.0,5700.0,5240.0,134080.0
376,376,2001.03.08,5500.0,100.0,5460.0,5600.0,5380.0,53775.0
377,377,2001.03.09,5500.0,0.0,5700.0,5700.0,5410.0,66699.0
378,378,2001.03.12,5350.0,150.0,5590.0,5590.0,5350.0,65010.0
379,379,2001.03.13,5290.0,60.0,5270.0,5380.0,5160.0,52015.0
380,380,2001.03.14,5700.0,410.0,5390.0,5700.0,5250.0,118467.0
381,381,2001.03.15,5550.0,150.0,5600.0,5660.0,5400.0,69163.0
382,382,2001.03.16,5480.0,70.0,5600.0,5640.0,5460.0,82769.0
383,383,2001.03.19,5600.0,120.0,5480.0,5900.0,5330.0,128252.0
384,384,2001.03.20,5810.0,210.0,5750.0,6180.0,5650.0,158470.0
385,385,2001.03.21,5750.0,60.0,5720.0,5940.0,5720.0,89473.0
386,386,2001.03.22,6000.0,250.0,5760.0,6150.0,5720.0,85907.0
387,387,2001.03.23,6150.0,150.0,6100.0,6420.0,5890.0,159461.0
388,388,2001.03.26,6100.0,50.0,6390.0,6480.0,6100.0,81319.0
389,389,2001.03.27,5870.0,230.0,6100.0,6290.0,5800.0,94584.0
390,390,2001.03.28,5840.0,30.0,5900.0,6140.0,5840.0,57128.0
391,391,2001.03.29,5980.0,140.0,5840.0,6000.0,5800.0,40092.0
392,392,2001.03.30,5710.0,270.0,5850.0,6200.0,5710.0,54907.0
393,393,2001.04.02,6000.0,290.0,5760.0,6100.0,5760.0,37745.0
394,394,2001.04.03,5500.0,500.0,5900.0,6010.0,5500.0,38156.0
395,395,2001.04.04,5800.0,300.0,5580.0,6000.0,5580.0,59322.0
396,396,2001.04.06,6360.0,560.0,6010.0,6450.0,6000.0,106064.0
397,397,2001.04.09,6300.0,60.0,6450.0,6840.0,6300.0,111582.0
398,398,2001.04.10,6620.0,320.0,6450.0,6750.0,6350.0,79678.0
399,399,2001.04.11,6710.0,90.0,7200.0,7200.0,6660.0,44823.0
400,400,2001.04.12,6900.0,190.0,6750.0,6900.0,6510.0,41489.0
401,401,2001.04.13,6900.0,0.0,7000.0,7150.0,6860.0,44001.0
402,402,2001.04.16,6710.0,190.0,6790.0,7000.0,6710.0,56155.0
403,403,2001.04.17,7190.0,480.0,6740.0,7280.0,6740.0,89344.0
404,404,2001.04.18,7350.0,160.0,6810.0,7370.0,6810.0,83828.0
405,405,2001.04.19,8230.0,880.0,7500.0,8230.0,7250.0,189006.0
406,406,2001.04.20,9150.0,920.0,8510.0,9210.0,8510.0,284369.0
407,407,2001.04.23,9000.0,150.0,9100.0,9300.0,8750.0,221565.0
408,408,2001.04.24,9500.0,500.0,8800.0,9510.0,8710.0,227023.0
409,409,2001.04.25,9500.0,0.0,9300.0,9500.0,9000.0,216880.0
410,410,2001.04.26,8360.0,1140.0,9600.0,9600.0,8360.0,161306.0
411,411,2001.04.27,7900.0,460.0,7510.0,7980.0,7460.0,195860.0
412,412,2001.04.30,8100.0,200.0,7850.0,8150.0,7600.0,130412.0
413,413,2001.05.02,8020.0,80.0,8000.0,8190.0,7770.0,88734.0
414,414,2001.05.03,7900.0,120.0,7800.0,8000.0,7800.0,40407.0
415,415,2001.05.04,7900.0,0.0,7700.0,7990.0,7630.0,62356.0
416,416,2001.05.07,8300.0,400.0,7700.0,8390.0,7420.0,119750.0
417,417,2001.05.08,8000.0,300.0,8290.0,8300.0,8000.0,74884.0
418,418,2001.05.09,8000.0,0.0,7800.0,8130.0,7800.0,85189.0
419,419,2001.05.10,7900.0,100.0,7800.0,8100.0,7800.0,37901.0
420,420,2001.05.11,8040.0,140.0,7900.0,8080.0,7900.0,41096.0
421,421,2001.05.14,8060.0,20.0,8200.0,8390.0,7930.0,73385.0
422,422,2001.05.15,8000.0,60.0,8000.0,8010.0,7480.0,113558.0
423,423,2001.05.16,8000.0,0.0,8030.0,8250.0,7930.0,41730.0
424,424,2001.05.17,8290.0,290.0,8100.0,8290.0,7980.0,49706.0
425,425,2001.05.18,8050.0,240.0,8000.0,8150.0,8000.0,20596.0
426,426,2001.05.21,8250.0,200.0,8050.0,8420.0,8050.0,71282.0
427,427,2001.05.22,8400.0,150.0,8400.0,8700.0,8260.0,51746.0
428,428,2001.05.23,8300.0,100.0,8600.0,8600.0,8300.0,61907.0
429,429,2001.05.24,8300.0,0.0,8500.0,8500.0,8150.0,33676.0
430,430,2001.05.25,8310.0,10.0,8130.0,8500.0,8130.0,59065.0
431,431,2001.05.28,8160.0,150.0,8220.0,8300.0,8060.0,44962.0
432,432,2001.05.29,7670.0,490.0,8060.0,8190.0,7670.0,122180.0
433,433,2001.05.30,7300.0,370.0,7510.0,7510.0,7130.0,125079.0
434,434,2001.05.31,7300.0,0.0,7150.0,7550.0,7110.0,48888.0
435,435,2001.06.01,7350.0,50.0,7300.0,7480.0,7150.0,46322.0
436,436,2001.06.04,7300.0,50.0,7310.0,7490.0,7250.0,50365.0
437,437,2001.06.05,7190.0,110.0,7310.0,7490.0,7190.0,31865.0
438,438,2001.06.07,7000.0,190.0,7150.0,7250.0,6900.0,38909.0
439,439,2001.06.08,7050.0,50.0,7000.0,7090.0,6940.0,48302.0
440,440,2001.06.11,7180.0,130.0,7040.0,7200.0,6820.0,50348.0
441,441,2001.06.12,7680.0,500.0,7200.0,7680.0,7100.0,65161.0
442,442,2001.06.13,7200.0,480.0,7800.0,7900.0,7200.0,90951.0
443,443,2001.06.14,7200.0,0.0,7200.0,7430.0,7150.0,71206.0
444,444,2001.06.15,7210.0,10.0,7050.0,7350.0,7000.0,37041.0
445,445,2001.06.18,7210.0,0.0,7100.0,7340.0,7100.0,28795.0
446,446,2001.06.19,7250.0,40.0,7230.0,7330.0,7200.0,27868.0
447,447,2001.06.20,7190.0,60.0,7250.0,7300.0,6950.0,33946.0
448,448,2001.06.21,7200.0,10.0,7050.0,7200.0,6910.0,23002.0
449,449,2001.06.22,7300.0,100.0,7200.0,7500.0,7030.0,38119.0
450,450,2001.06.25,7230.0,70.0,7300.0,7380.0,7170.0,9916.0
451,451,2001.06.26,7200.0,30.0,7330.0,7330.0,7070.0,18393.0
452,452,2001.06.27,7200.0,0.0,6500.0,7240.0,6500.0,34948.0
453,453,2001.06.28,7050.0,150.0,7250.0,7300.0,7010.0,11885.0
454,454,2001.06.29,7050.0,0.0,7280.0,7280.0,7050.0,14932.0
455,455,2001.07.02,7050.0,0.0,6910.0,7150.0,6820.0,48038.0
456,456,2001.07.03,7000.0,50.0,7050.0,7150.0,6900.0,18693.0
457,457,2001.07.04,7000.0,0.0,6990.0,7000.0,6850.0,19678.0
458,458,2001.07.05,6900.0,100.0,6900.0,7000.0,6860.0,11496.0
459,459,2001.07.06,6880.0,20.0,6900.0,6990.0,6710.0,17852.0
460,460,2001.07.09,6790.0,90.0,6850.0,6980.0,6630.0,15318.0
461,461,2001.07.10,6680.0,110.0,6730.0,6800.0,6610.0,12683.0
462,462,2001.07.11,6380.0,300.0,6510.0,6510.0,6350.0,15450.0
463,463,2001.07.12,6550.0,170.0,6400.0,6690.0,6380.0,10464.0
464,464,2001.07.13,6250.0,300.0,6560.0,6850.0,6170.0,24858.0
465,465,2001.07.16,6290.0,40.0,6390.0,6390.0,6200.0,8615.0
466,466,2001.07.18,6100.0,190.0,6200.0,6290.0,6010.0,11415.0
467,467,2001.07.19,5860.0,240.0,5920.0,6100.0,5710.0,17512.0
468,468,2001.07.20,6040.0,180.0,5810.0,6040.0,5800.0,12302.0
469,469,2001.07.23,5900.0,140.0,5750.0,6070.0,5750.0,16613.0
470,470,2001.07.24,6000.0,100.0,5620.0,6080.0,5620.0,29996.0
471,471,2001.07.25,6030.0,30.0,6100.0,6100.0,5900.0,17543.0
472,472,2001.07.26,5980.0,50.0,6050.0,6150.0,5870.0,23335.0
473,473,2001.07.27,6310.0,330.0,6050.0,6600.0,6000.0,30854.0
474,474,2001.07.30,6200.0,110.0,6340.0,6380.0,6200.0,5284.0
475,475,2001.07.31,6150.0,50.0,6200.0,6300.0,6100.0,16834.0
476,476,2001.08.01,6270.0,120.0,6150.0,6350.0,6100.0,20592.0
477,477,2001.08.02,6390.0,120.0,6270.0,6600.0,6200.0,22202.0
478,478,2001.08.03,6690.0,300.0,6400.0,6690.0,6400.0,10993.0
479,479,2001.08.06,6680.0,10.0,6850.0,6990.0,6670.0,44923.0
480,480,2001.08.07,6750.0,70.0,6850.0,6900.0,6680.0,22005.0
481,481,2001.08.08,6710.0,40.0,6710.0,6890.0,6700.0,22404.0
482,482,2001.08.09,6580.0,130.0,6650.0,6690.0,6350.0,34079.0
483,483,2001.08.10,7000.0,420.0,6500.0,7000.0,6500.0,40192.0
484,484,2001.08.13,7200.0,200.0,6810.0,7380.0,6810.0,87350.0
485,485,2001.08.14,7230.0,30.0,7500.0,7650.0,7140.0,252424.0
486,486,2001.08.16,7460.0,230.0,7140.0,7560.0,7140.0,120876.0
487,487,2001.08.17,7120.0,340.0,7500.0,7600.0,7110.0,92126.0
488,488,2001.08.20,6950.0,170.0,7000.0,7250.0,6920.0,44733.0
489,489,2001.08.21,7140.0,190.0,7050.0,7140.0,6810.0,40864.0
490,490,2001.08.22,7120.0,20.0,6850.0,7390.0,6850.0,68559.0
491,491,2001.08.23,7060.0,60.0,7150.0,7240.0,6950.0,30952.0
492,492,2001.08.24,7050.0,10.0,7010.0,7190.0,6910.0,17734.0
493,493,2001.08.27,7130.0,80.0,7100.0,7250.0,7050.0,35631.0
494,494,2001.08.28,7100.0,30.0,7130.0,7170.0,7000.0,14333.0
495,495,2001.08.29,7950.0,850.0,7150.0,7950.0,7050.0,230091.0
496,496,2001.08.30,8040.0,90.0,7990.0,8290.0,7700.0,227404.0
497,497,2001.08.31,7200.0,840.0,7700.0,7940.0,7080.0,181088.0
498,498,2001.09.03,7350.0,150.0,7200.0,7350.0,6910.0,72731.0
499,499,2001.09.04,7260.0,90.0,7300.0,7300.0,7060.0,37087.0
500,500,2001.09.05,7260.0,0.0,7300.0,7450.0,7130.0,96950.0
501,501,2001.09.06,7300.0,40.0,7350.0,7430.0,7250.0,56533.0
502,502,2001.09.07,7300.0,0.0,7100.0,7550.0,7100.0,213629.0
503,503,2001.09.10,7160.0,140.0,7150.0,7330.0,7110.0,78517.0
504,504,2001.09.11,7050.0,110.0,7200.0,7210.0,7000.0,85102.0
505,505,2001.09.12,6210.0,840.0,6210.0,6210.0,6210.0,25513.0
506,506,2001.09.13,6350.0,140.0,6060.0,6400.0,5850.0,112598.0
507,507,2001.09.14,5880.0,470.0,6400.0,6400.0,5700.0,75060.0
508,508,2001.09.17,5340.0,540.0,5720.0,5800.0,5340.0,99002.0
509,509,2001.09.18,5800.0,460.0,5500.0,5970.0,5500.0,65792.0
510,510,2001.09.19,6060.0,260.0,5800.0,6150.0,5800.0,61373.0
511,511,2001.09.20,6050.0,10.0,6060.0,6100.0,5800.0,34418.0
512,512,2001.09.21,6150.0,100.0,5920.0,6190.0,5830.0,34095.0
513,513,2001.09.24,6300.0,150.0,6100.0,6400.0,6050.0,32882.0
514,514,2001.09.25,6500.0,200.0,6370.0,6780.0,6350.0,123247.0
515,515,2001.09.26,6670.0,170.0,6600.0,6800.0,6600.0,29317.0
516,516,2001.09.27,6780.0,110.0,6600.0,6900.0,6600.0,50544.0
517,517,2001.09.28,6850.0,70.0,6830.0,7200.0,6710.0,82088.0
518,518,2001.10.04,6940.0,90.0,7000.0,7080.0,6920.0,79011.0
519,519,2001.10.05,6880.0,60.0,7050.0,7050.0,6870.0,22419.0
520,520,2001.10.08,6770.0,110.0,6880.0,6880.0,6720.0,27206.0
521,521,2001.10.09,6900.0,130.0,6710.0,6900.0,6710.0,20221.0
522,522,2001.10.10,6830.0,70.0,6900.0,6950.0,6770.0,27489.0
523,523,2001.10.11,6950.0,120.0,7000.0,7180.0,6880.0,73921.0
524,524,2001.10.12,7000.0,50.0,7000.0,7050.0,6850.0,64152.0
525,525,2001.10.15,6900.0,100.0,6900.0,7000.0,6860.0,18756.0
526,526,2001.10.16,7030.0,130.0,6870.0,7140.0,6850.0,35781.0
527,527,2001.10.17,7300.0,270.0,7070.0,7480.0,7070.0,150497.0
528,528,2001.10.18,7770.0,470.0,7300.0,7900.0,7300.0,218319.0
529,529,2001.10.19,7620.0,150.0,7850.0,7860.0,7530.0,57420.0
530,530,2001.10.22,7620.0,0.0,7950.0,7950.0,7550.0,53301.0
531,531,2001.10.23,7610.0,10.0,7600.0,7760.0,7600.0,76298.0
532,532,2001.10.24,7890.0,280.0,7410.0,7890.0,7410.0,62310.0
533,533,2001.10.25,8170.0,280.0,8050.0,8420.0,7980.0,195591.0
534,534,2001.10.26,8150.0,20.0,8290.0,8350.0,7940.0,60034.0
535,535,2001.10.29,8140.0,10.0,8150.0,8190.0,8100.0,35979.0
536,536,2001.10.30,9000.0,860.0,8100.0,9000.0,7800.0,176355.0
537,537,2001.10.31,8900.0,100.0,9000.0,9160.0,8700.0,236696.0
538,538,2001.11.01,8100.0,800.0,9000.0,9000.0,7890.0,468526.0
539,539,2001.11.02,7840.0,260.0,8100.0,8190.0,7840.0,128621.0
540,540,2001.11.05,8000.0,160.0,7790.0,8040.0,7710.0,92815.0
541,541,2001.11.06,7850.0,150.0,8100.0,8100.0,7800.0,59581.0
542,542,2001.11.07,7950.0,100.0,7900.0,8070.0,7860.0,59416.0
543,543,2001.11.08,7900.0,50.0,8100.0,8200.0,7900.0,81774.0
544,544,2001.11.09,7930.0,30.0,7900.0,7980.0,7850.0,41919.0
545,545,2001.11.12,7910.0,20.0,8000.0,8000.0,7850.0,24387.0
546,546,2001.11.13,7800.0,110.0,7800.0,7850.0,7750.0,34263.0
547,547,2001.11.14,8050.0,250.0,7800.0,8090.0,7800.0,72629.0
548,548,2001.11.15,7920.0,130.0,7950.0,8040.0,7830.0,26446.0
549,549,2001.11.16,7940.0,20.0,7810.0,7990.0,7810.0,25794.0
550,550,2001.11.19,7940.0,0.0,7920.0,7990.0,7880.0,30638.0
551,551,2001.11.20,7850.0,90.0,8050.0,8050.0,7850.0,34992.0
552,552,2001.11.21,7950.0,100.0,7940.0,7950.0,7850.0,24000.0
553,553,2001.11.22,8050.0,100.0,7950.0,8100.0,7810.0,36472.0
554,554,2001.11.23,8200.0,150.0,8080.0,8230.0,8080.0,81853.0
555,555,2001.11.26,8560.0,360.0,8400.0,8650.0,8300.0,152774.0
556,556,2001.11.27,8500.0,60.0,8600.0,8670.0,8380.0,97887.0
557,557,2001.11.28,8110.0,390.0,8320.0,8390.0,8100.0,47074.0
558,558,2001.11.29,8220.0,110.0,8110.0,8340.0,7950.0,35574.0
559,559,2001.11.30,8800.0,580.0,8510.0,9100.0,8450.0,357728.0
560,560,2001.12.03,8450.0,350.0,9000.0,9000.0,8410.0,95607.0
561,561,2001.12.04,8550.0,100.0,8590.0,8690.0,8400.0,84563.0
562,562,2001.12.05,8500.0,50.0,8610.0,8650.0,8500.0,42756.0
563,563,2001.12.06,8560.0,60.0,8550.0,8690.0,8400.0,75412.0
564,564,2001.12.07,8500.0,60.0,8500.0,8640.0,8450.0,56417.0
565,565,2001.12.10,8350.0,150.0,8450.0,8550.0,8330.0,33722.0
566,566,2001.12.11,8260.0,90.0,8250.0,8400.0,8100.0,43524.0
567,567,2001.12.12,8420.0,160.0,8010.0,9000.0,8000.0,189876.0
568,568,2001.12.13,8320.0,100.0,8250.0,8420.0,8250.0,52496.0
569,569,2001.12.14,8310.0,10.0,8250.0,8380.0,8220.0,20602.0
570,570,2001.12.17,8250.0,60.0,8280.0,8310.0,8200.0,23588.0
571,571,2001.12.18,8100.0,150.0,8280.0,8310.0,8100.0,28502.0
572,572,2001.12.19,8080.0,20.0,8110.0,8200.0,8000.0,37785.0
573,573,2001.12.20,8300.0,220.0,8080.0,8440.0,8080.0,70873.0
574,574,2001.12.21,8320.0,20.0,8210.0,8390.0,8150.0,40156.0
575,575,2001.12.24,8390.0,70.0,8400.0,8500.0,8320.0,54215.0
576,576,2001.12.26,8700.0,310.0,8600.0,8750.0,8400.0,129174.0
577,577,2001.12.27,8140.0,560.0,8100.0,8280.0,8100.0,44002.0
578,578,2001.12.28,8200.0,60.0,8050.0,8200.0,8000.0,45802.0
579,579,2002.01.02,8140.0,60.0,8250.0,8250.0,8020.0,26289.0
580,580,2002.01.03,8110.0,30.0,8100.0,8190.0,8070.0,84718.0
581,581,2002.01.04,7940.0,170.0,8110.0,8180.0,7140.0,83102.0
582,582,2002.01.07,7890.0,50.0,7940.0,7980.0,7820.0,26861.0
583,583,2002.01.08,7990.0,100.0,7710.0,8190.0,7710.0,47807.0
584,584,2002.01.09,8100.0,110.0,8150.0,8220.0,8050.0,40601.0
585,585,2002.01.10,8250.0,150.0,8020.0,8300.0,8000.0,351849.0
586,586,2002.01.11,8120.0,130.0,8280.0,8280.0,8060.0,75634.0
587,587,2002.01.14,8050.0,70.0,8110.0,8150.0,8040.0,22769.0
588,588,2002.01.15,7890.0,160.0,8000.0,8050.0,7850.0,23868.0
589,589,2002.01.16,7700.0,190.0,7890.0,7990.0,7700.0,19788.0
590,590,2002.01.17,7650.0,50.0,7750.0,7750.0,7550.0,30278.0
591,591,2002.01.18,7660.0,10.0,7750.0,7750.0,7600.0,25414.0
592,592,2002.01.21,7600.0,60.0,7700.0,7700.0,7600.0,12536.0
593,593,2002.01.22,7600.0,0.0,7550.0,7790.0,7550.0,63836.0
594,594,2002.01.23,7800.0,200.0,7560.0,8190.0,7560.0,134134.0
595,595,2002.01.24,7990.0,190.0,7990.0,7990.0,7800.0,48721.0
596,596,2002.01.25,7990.0,0.0,8100.0,8100.0,7940.0,42368.0
597,597,2002.01.28,8100.0,110.0,8100.0,8160.0,8000.0,48789.0
598,598,2002.01.29,8280.0,180.0,8210.0,8280.0,8070.0,98453.0
599,599,2002.01.30,8100.0,180.0,8160.0,8240.0,8100.0,33499.0
600,600,2002.01.31,8070.0,30.0,8020.0,8240.0,8000.0,39943.0
601,601,2002.02.01,8030.0,40.0,8050.0,8160.0,7980.0,28920.0
602,602,2002.02.04,8100.0,70.0,8000.0,8190.0,8000.0,41704.0
603,603,2002.02.05,8280.0,180.0,8150.0,8480.0,8010.0,80380.0
604,604,2002.02.06,8590.0,310.0,8380.0,8730.0,8330.0,171064.0
605,605,2002.02.07,8350.0,240.0,8550.0,8630.0,8350.0,59090.0
606,606,2002.02.08,8400.0,50.0,8130.0,8400.0,8130.0,26079.0
607,607,2002.02.14,8490.0,90.0,8500.0,8500.0,8260.0,48580.0
608,608,2002.02.15,8720.0,230.0,8320.0,9000.0,8320.0,104848.0
609,609,2002.02.18,8730.0,10.0,8780.0,8800.0,8680.0,39560.0
610,610,2002.02.19,8980.0,250.0,8800.0,9040.0,8600.0,89460.0
611,611,2002.02.20,9450.0,470.0,9030.0,9470.0,8880.0,165505.0
612,612,2002.02.21,10200.0,750.0,9380.0,10550.0,9300.0,460724.0
613,613,2002.02.22,10000.0,200.0,10200.0,10250.0,9900.0,108985.0
614,614,2002.02.25,10300.0,300.0,10150.0,10350.0,9860.0,103158.0
615,615,2002.02.26,10600.0,300.0,10500.0,10700.0,10100.0,110938.0
616,616,2002.02.27,11000.0,400.0,10850.0,11600.0,10600.0,266360.0
617,617,2002.02.28,12300.0,1300.0,11300.0,12300.0,10800.0,434338.0
618,618,2002.03.04,13750.0,1450.0,13100.0,13750.0,12550.0,643761.0
619,619,2002.03.05,13300.0,450.0,14200.0,14500.0,12950.0,469200.0
620,620,2002.03.06,14100.0,800.0,13400.0,14850.0,12800.0,577629.0
621,621,2002.03.07,13950.0,150.0,14000.0,14600.0,13700.0,243313.0
622,622,2002.03.08,14300.0,350.0,14300.0,14600.0,14000.0,168347.0
623,623,2002.03.11,14300.0,0.0,14300.0,14700.0,13900.0,149362.0
624,624,2002.03.12,14000.0,300.0,14050.0,14600.0,13000.0,135468.0
625,625,2002.03.13,14100.0,100.0,14700.0,14700.0,13900.0,126786.0
626,626,2002.03.14,14050.0,50.0,14200.0,14200.0,13550.0,66942.0
627,627,2002.03.15,15700.0,1650.0,13950.0,15700.0,13950.0,227545.0
628,628,2002.03.18,17550.0,1850.0,16700.0,17550.0,16350.0,235301.0
629,629,2002.03.19,17200.0,350.0,18800.0,18950.0,17000.0,282509.0
630,630,2002.03.20,16000.0,1200.0,17300.0,17850.0,15700.0,303289.0
631,631,2002.03.21,16100.0,100.0,16150.0,16900.0,15500.0,149469.0
632,632,2002.03.22,15950.0,150.0,15750.0,16200.0,15600.0,126321.0
633,633,2002.03.25,15800.0,150.0,16100.0,17000.0,15800.0,125356.0
634,634,2002.03.26,14950.0,850.0,15800.0,15900.0,14850.0,89189.0
635,635,2002.03.27,15100.0,150.0,15100.0,15700.0,14950.0,75431.0
636,636,2002.03.28,15200.0,100.0,15200.0,15700.0,15000.0,80518.0
637,637,2002.03.29,15500.0,300.0,15500.0,15700.0,15100.0,54638.0
638,638,2002.04.01,14000.0,1500.0,15500.0,15500.0,14000.0,98904.0
639,639,2002.04.02,15000.0,1000.0,14000.0,15600.0,13600.0,220068.0
640,640,2002.04.03,14300.0,700.0,14500.0,14950.0,14300.0,72601.0
641,641,2002.04.04,16000.0,1700.0,14500.0,16000.0,14200.0,262742.0
642,642,2002.04.08,15950.0,50.0,16800.0,16850.0,15450.0,147202.0
643,643,2002.04.09,15450.0,500.0,16100.0,16100.0,15050.0,69682.0
644,644,2002.04.10,15900.0,450.0,15450.0,16100.0,14400.0,171147.0
645,645,2002.04.11,15900.0,0.0,15900.0,16700.0,15300.0,107210.0
646,646,2002.04.12,15750.0,150.0,15150.0,15900.0,15150.0,60115.0
647,647,2002.04.15,15400.0,350.0,15100.0,15700.0,15100.0,59507.0
648,648,2002.04.16,17200.0,1800.0,15900.0,17200.0,15400.0,339675.0
649,649,2002.04.17,16500.0,700.0,17700.0,17900.0,16150.0,304127.0
650,650,2002.04.18,16050.0,450.0,16650.0,16650.0,16050.0,95649.0
651,651,2002.04.19,16300.0,250.0,16000.0,16600.0,15800.0,82319.0
652,652,2002.04.22,16250.0,50.0,16500.0,16600.0,14800.0,144594.0
653,653,2002.04.23,17000.0,750.0,16250.0,18000.0,16150.0,207918.0
654,654,2002.04.24,16600.0,400.0,17200.0,17900.0,16350.0,94572.0
655,655,2002.04.25,15850.0,750.0,16450.0,16450.0,15800.0,64533.0
656,656,2002.04.26,16050.0,200.0,15850.0,16800.0,15850.0,67888.0
657,657,2002.04.29,15500.0,550.0,16050.0,16050.0,15350.0,52951.0
658,658,2002.04.30,15150.0,350.0,15350.0,15950.0,14600.0,66691.0
659,659,2002.05.02,15000.0,150.0,15150.0,15500.0,14850.0,102735.0
660,660,2002.05.03,14500.0,500.0,14500.0,14900.0,14100.0,70438.0
661,661,2002.05.06,15000.0,500.0,14500.0,15700.0,14100.0,115849.0
662,662,2002.05.07,15100.0,100.0,14500.0,15300.0,14500.0,44152.0
663,663,2002.05.08,15300.0,200.0,14950.0,15450.0,14950.0,56880.0
664,664,2002.05.09,14950.0,350.0,15400.0,15600.0,14800.0,57072.0
665,665,2002.05.10,15000.0,50.0,15200.0,15200.0,14750.0,28369.0
666,666,2002.05.13,15150.0,150.0,14850.0,15350.0,14600.0,33930.0
667,667,2002.05.14,15150.0,0.0,15150.0,15300.0,15100.0,26326.0
668,668,2002.05.15,14600.0,550.0,15150.0,15600.0,14550.0,276384.0
669,669,2002.05.16,14250.0,350.0,14600.0,14800.0,14200.0,104814.0
670,670,2002.05.17,14600.0,350.0,14450.0,14650.0,14200.0,99841.0
671,671,2002.05.20,14600.0,0.0,14500.0,15150.0,14400.0,95291.0
672,672,2002.05.21,14200.0,400.0,14550.0,14850.0,14200.0,66601.0
673,673,2002.05.22,14100.0,100.0,14200.0,14500.0,13850.0,65847.0
674,674,2002.05.23,14450.0,350.0,13950.0,14600.0,13950.0,105211.0
675,675,2002.05.24,14150.0,300.0,14300.0,14500.0,14000.0,39932.0
676,676,2002.05.27,14350.0,200.0,14200.0,14500.0,14100.0,58417.0
677,677,2002.05.28,14900.0,550.0,14500.0,15200.0,14500.0,112525.0
678,678,2002.05.29,13850.0,1050.0,14950.0,14950.0,13300.0,81937.0
679,679,2002.05.30,13000.0,850.0,13900.0,13950.0,12900.0,48500.0
680,680,2002.05.31,13900.0,900.0,12600.0,14550.0,12550.0,200584.0
681,681,2002.06.03,14400.0,500.0,14000.0,14450.0,14000.0,49341.0
682,682,2002.06.04,14300.0,100.0,14400.0,14400.0,13950.0,31631.0
683,683,2002.06.05,15350.0,1050.0,14050.0,15900.0,14000.0,124885.0
684,684,2002.06.07,14800.0,550.0,15000.0,15200.0,14500.0,101090.0
685,685,2002.06.10,14750.0,50.0,14800.0,15000.0,14500.0,35342.0
686,686,2002.06.11,14950.0,200.0,14450.0,15000.0,14450.0,35754.0
687,687,2002.06.12,15000.0,50.0,15000.0,15200.0,14600.0,116151.0
688,688,2002.06.14,16250.0,1250.0,16000.0,16800.0,15400.0,294454.0
689,689,2002.06.17,14000.0,2250.0,14900.0,16200.0,13550.0,484742.0
690,690,2002.06.18,13600.0,400.0,14000.0,14400.0,13600.0,220079.0
691,691,2002.06.19,12500.0,1100.0,13300.0,13700.0,11650.0,163540.0
692,692,2002.06.20,12250.0,250.0,12000.0,12900.0,12000.0,64301.0
693,693,2002.06.21,11950.0,300.0,11750.0,12250.0,11650.0,63333.0
694,694,2002.06.24,11800.0,150.0,11600.0,11950.0,10800.0,87020.0
695,695,2002.06.25,11050.0,750.0,11700.0,11900.0,11000.0,43930.0
696,696,2002.06.26,9500.0,1550.0,10050.0,10400.0,9450.0,82150.0
697,697,2002.06.27,9660.0,160.0,9710.0,10000.0,9650.0,43350.0
698,698,2002.06.28,10400.0,740.0,9800.0,10950.0,9800.0,63448.0
699,699,2002.07.02,10200.0,200.0,10050.0,10400.0,9700.0,41450.0
700,700,2002.07.03,10350.0,150.0,10200.0,10800.0,10050.0,43211.0
701,701,2002.07.04,11900.0,1550.0,11500.0,11900.0,10800.0,161927.0
702,702,2002.07.05,11700.0,200.0,12300.0,12300.0,11700.0,118750.0
703,703,2002.07.08,11950.0,250.0,12050.0,12200.0,11750.0,104490.0
704,704,2002.07.09,12200.0,250.0,11950.0,12950.0,11800.0,108900.0
705,705,2002.07.10,11900.0,300.0,12300.0,12500.0,11800.0,86024.0
706,706,2002.07.11,11400.0,500.0,11400.0,11900.0,11300.0,36370.0
707,707,2002.07.12,12100.0,700.0,11500.0,12150.0,11350.0,106650.0
708,708,2002.07.15,12250.0,150.0,12000.0,12500.0,11650.0,119745.0
709,709,2002.07.16,11900.0,350.0,12000.0,12300.0,11800.0,67030.0
710,710,2002.07.18,12100.0,200.0,11700.0,12100.0,11700.0,91540.0
711,711,2002.07.19,11900.0,200.0,12000.0,12000.0,11650.0,41524.0
712,712,2002.07.22,11700.0,200.0,11450.0,11700.0,10900.0,59010.0
713,713,2002.07.23,12000.0,300.0,11200.0,12200.0,11050.0,61810.0
714,714,2002.07.24,11350.0,650.0,11750.0,11850.0,11350.0,24510.0
715,715,2002.07.25,11350.0,0.0,11500.0,11900.0,11350.0,14482.0
716,716,2002.07.26,10750.0,600.0,11400.0,11550.0,10750.0,37370.0
717,717,2002.07.29,10750.0,0.0,11100.0,11100.0,10500.0,17640.0
718,718,2002.07.30,11600.0,850.0,11150.0,11900.0,11000.0,58830.0
719,719,2002.07.31,11500.0,100.0,11650.0,11800.0,11150.0,31990.0
720,720,2002.08.01,11100.0,400.0,11500.0,11550.0,11000.0,19020.0
721,721,2002.08.02,11200.0,100.0,10800.0,11200.0,10800.0,11761.0
722,722,2002.08.05,10900.0,300.0,11200.0,12100.0,10850.0,43000.0
723,723,2002.08.06,11000.0,100.0,11100.0,11500.0,10800.0,49790.0
724,724,2002.08.07,11100.0,100.0,11300.0,11300.0,11100.0,19970.0
725,725,2002.08.08,11350.0,250.0,11200.0,11700.0,11200.0,30580.0
726,726,2002.08.09,11900.0,550.0,11450.0,12100.0,11450.0,70977.0
727,727,2002.08.12,12150.0,250.0,12200.0,12400.0,12150.0,32960.0
728,728,2002.08.13,12000.0,150.0,12250.0,12500.0,12000.0,29473.0
729,729,2002.08.14,12050.0,50.0,11800.0,12350.0,11800.0,33470.0
730,730,2002.08.16,12200.0,150.0,12400.0,12400.0,12000.0,35250.0
731,731,2002.08.19,12300.0,100.0,12500.0,12600.0,12200.0,20240.0
732,732,2002.08.20,12950.0,650.0,12500.0,13000.0,12350.0,53710.0
733,733,2002.08.21,12950.0,0.0,12900.0,13450.0,12700.0,29590.0
734,734,2002.08.22,13950.0,1000.0,13400.0,14700.0,13000.0,79025.0
735,735,2002.08.23,13650.0,300.0,14100.0,14200.0,13600.0,31362.0
736,736,2002.08.26,13200.0,450.0,13500.0,14250.0,12950.0,51320.0
737,737,2002.08.27,12500.0,700.0,13200.0,13500.0,12400.0,49172.0
738,738,2002.08.28,12700.0,200.0,12650.0,13050.0,12500.0,24127.0
739,739,2002.08.29,13150.0,450.0,12700.0,13150.0,12700.0,25290.0
740,740,2002.08.30,13900.0,750.0,13300.0,13900.0,13300.0,30933.0
741,741,2002.09.02,13500.0,400.0,13650.0,14200.0,13500.0,46770.0
742,742,2002.09.03,13500.0,0.0,13650.0,13900.0,13250.0,19841.0
743,743,2002.09.04,13000.0,500.0,13000.0,13200.0,12850.0,47900.0
744,744,2002.09.05,13000.0,0.0,13100.0,13750.0,13000.0,59990.0
745,745,2002.09.06,12000.0,1000.0,12750.0,13000.0,12000.0,37030.0
746,746,2002.09.09,11350.0,650.0,12100.0,12200.0,11300.0,57430.0
747,747,2002.09.10,11550.0,200.0,11500.0,11800.0,11500.0,34480.0
748,748,2002.09.11,12050.0,500.0,11600.0,12400.0,11600.0,25605.0
749,749,2002.09.12,12500.0,450.0,11800.0,12550.0,11800.0,23530.0
750,750,2002.09.13,12000.0,500.0,12350.0,12350.0,12000.0,17048.0
751,751,2002.09.16,12050.0,50.0,12300.0,12300.0,12000.0,13950.0
752,752,2002.09.17,12650.0,600.0,12300.0,12650.0,12100.0,19980.0
753,753,2002.09.18,12150.0,500.0,12200.0,12400.0,12150.0,7480.0
754,754,2002.09.19,12300.0,150.0,12350.0,12350.0,12050.0,7600.0
755,755,2002.09.23,11900.0,400.0,12000.0,12300.0,11800.0,2340.0
756,756,2002.09.24,11550.0,350.0,11650.0,11850.0,11500.0,24800.0
757,757,2002.09.25,11650.0,100.0,11500.0,11700.0,11350.0,20960.0
758,758,2002.09.26,11500.0,150.0,11950.0,12100.0,11500.0,13460.0
759,759,2002.09.27,11450.0,50.0,11700.0,11700.0,11400.0,31740.0
760,760,2002.09.30,10700.0,750.0,11050.0,11300.0,10600.0,21410.0
761,761,2002.10.01,10650.0,50.0,10700.0,10900.0,10500.0,18160.0
762,762,2002.10.02,10600.0,50.0,11000.0,11150.0,10600.0,17600.0
763,763,2002.10.04,10350.0,250.0,10300.0,10600.0,10200.0,12590.0
764,764,2002.10.07,10150.0,200.0,10100.0,10250.0,9910.0,14680.0
765,765,2002.10.08,10100.0,50.0,9900.0,10150.0,9900.0,12700.0
766,766,2002.10.09,10000.0,100.0,10200.0,10250.0,10000.0,13520.0
767,767,2002.10.10,10000.0,0.0,9750.0,10000.0,9500.0,17990.0
768,768,2002.10.11,9900.0,100.0,10100.0,10200.0,9620.0,22850.0
769,769,2002.10.14,10150.0,250.0,9750.0,10250.0,9750.0,20940.0
770,770,2002.10.15,10400.0,250.0,10450.0,10550.0,10050.0,22730.0
771,771,2002.10.16,10700.0,300.0,10800.0,10850.0,10450.0,21410.0
772,772,2002.10.17,10600.0,100.0,10400.0,11000.0,10200.0,6550.0
773,773,2002.10.18,11200.0,600.0,10750.0,11250.0,10750.0,14370.0
774,774,2002.10.21,11050.0,150.0,11300.0,11300.0,11000.0,8111.0
775,775,2002.10.22,10550.0,500.0,11100.0,11250.0,10500.0,12139.0
776,776,2002.10.23,10900.0,350.0,10450.0,11200.0,10450.0,11769.0
777,777,2002.10.24,10900.0,0.0,11100.0,11100.0,10650.0,10330.0
778,778,2002.10.25,10900.0,0.0,10500.0,11100.0,10500.0,13480.0
779,779,2002.10.28,11100.0,200.0,10950.0,11300.0,10900.0,15655.0
780,780,2002.10.29,10950.0,150.0,11100.0,11300.0,10900.0,11011.0
781,781,2002.10.30,10550.0,400.0,10950.0,10950.0,10450.0,14540.0
782,782,2002.10.31,10500.0,50.0,10900.0,10900.0,10450.0,6790.0
783,783,2002.11.01,10350.0,150.0,10200.0,10550.0,10200.0,4880.0
784,784,2002.11.04,10500.0,150.0,10400.0,10600.0,10400.0,5530.0
785,785,2002.11.05,10900.0,400.0,10550.0,11100.0,10500.0,40570.0
786,786,2002.11.06,11000.0,100.0,11100.0,11150.0,10850.0,11530.0
787,787,2002.11.07,11300.0,300.0,11150.0,11400.0,10800.0,21190.0
788,788,2002.11.08,11500.0,200.0,10950.0,11500.0,10950.0,19310.0
789,789,2002.11.11,11000.0,500.0,11600.0,11600.0,11000.0,3430.0
790,790,2002.11.12,11200.0,200.0,10850.0,11200.0,10850.0,3780.0
791,791,2002.11.13,11050.0,150.0,11300.0,11300.0,11050.0,3230.0
792,792,2002.11.14,11200.0,150.0,11400.0,11400.0,10850.0,6410.0
793,793,2002.11.15,11150.0,50.0,11250.0,11350.0,11150.0,6500.0
794,794,2002.11.18,11250.0,100.0,11250.0,11300.0,11200.0,4470.0
795,795,2002.11.19,11300.0,50.0,11400.0,11400.0,11150.0,2280.0
796,796,2002.11.20,11400.0,100.0,11350.0,11400.0,11200.0,5790.0
797,797,2002.11.21,11300.0,100.0,11650.0,11800.0,11300.0,18489.0
798,798,2002.11.22,11300.0,0.0,11400.0,11600.0,11300.0,8208.0
799,799,2002.11.25,11500.0,200.0,11300.0,11500.0,11300.0,3915.0
800,800,2002.11.26,11600.0,100.0,11350.0,11600.0,11350.0,8060.0
801,801,2002.11.27,11800.0,200.0,11600.0,11850.0,11550.0,9230.0
802,802,2002.11.28,12050.0,250.0,12000.0,12600.0,11850.0,20957.0
803,803,2002.11.29,12000.0,50.0,12450.0,12450.0,11900.0,3755.0
804,804,2002.12.02,12050.0,50.0,11900.0,12100.0,11800.0,14899.0
805,805,2002.12.03,12400.0,350.0,11900.0,12500.0,11900.0,14788.0
806,806,2002.12.04,12150.0,250.0,12200.0,12400.0,12100.0,11165.0
807,807,2002.12.05,12200.0,50.0,11900.0,12200.0,11900.0,6960.0
808,808,2002.12.06,11800.0,400.0,12250.0,12300.0,11800.0,14710.0
809,809,2002.12.09,11700.0,100.0,12000.0,12000.0,11700.0,10920.0
810,810,2002.12.10,11600.0,100.0,11700.0,11950.0,11600.0,6080.0
811,811,2002.12.11,11500.0,100.0,11650.0,11850.0,11450.0,17130.0
812,812,2002.12.12,11650.0,150.0,11400.0,11750.0,11400.0,5112.0
813,813,2002.12.13,11850.0,200.0,11800.0,11850.0,11650.0,6880.0
814,814,2002.12.16,11650.0,200.0,11850.0,11850.0,11650.0,2232.0
815,815,2002.12.17,11800.0,150.0,11900.0,11900.0,11650.0,6950.0
816,816,2002.12.18,11800.0,0.0,11550.0,11800.0,11550.0,6220.0
817,817,2002.12.20,11700.0,100.0,11900.0,11900.0,11700.0,6980.0
818,818,2002.12.23,11550.0,150.0,11950.0,11950.0,11550.0,6055.0
819,819,2002.12.24,11600.0,50.0,11500.0,11900.0,11350.0,10200.0
820,820,2002.12.26,11750.0,150.0,11750.0,12000.0,11600.0,19810.0
821,821,2002.12.27,11300.0,450.0,11300.0,11400.0,11050.0,6060.0
822,822,2002.12.30,10500.0,800.0,10850.0,10900.0,10300.0,6019.0
823,823,2003.01.02,10550.0,50.0,9950.0,10650.0,9950.0,4209.0
824,824,2003.01.03,11000.0,450.0,10650.0,11150.0,10650.0,6503.0
825,825,2003.01.06,11000.0,0.0,10900.0,11150.0,10900.0,56550.0
826,826,2003.01.07,11050.0,50.0,11100.0,11100.0,11000.0,12593.0
827,827,2003.01.08,11100.0,50.0,11000.0,11100.0,10900.0,3190.0
828,828,2003.01.09,10900.0,200.0,10850.0,11050.0,10700.0,8500.0
829,829,2003.01.10,10400.0,500.0,11000.0,11000.0,10000.0,17720.0
830,830,2003.01.13,10250.0,150.0,10400.0,10500.0,9900.0,9990.0
831,831,2003.01.14,10100.0,150.0,10250.0,10250.0,10000.0,6600.0
832,832,2003.01.15,10150.0,50.0,10200.0,10400.0,10100.0,7750.0
833,833,2003.01.16,10150.0,0.0,10100.0,10300.0,10050.0,4480.0
834,834,2003.01.17,10000.0,150.0,10200.0,10200.0,10000.0,2540.0
835,835,2003.01.20,9940.0,60.0,9820.0,9950.0,9820.0,2490.0
836,836,2003.01.21,10100.0,160.0,9850.0,10100.0,9700.0,5200.0
837,837,2003.01.22,9860.0,240.0,9940.0,10000.0,9850.0,6900.0
838,838,2003.01.23,9710.0,150.0,9830.0,9990.0,9710.0,5620.0
839,839,2003.01.24,9600.0,110.0,9650.0,9800.0,9600.0,3150.0
840,840,2003.01.27,9400.0,200.0,9560.0,9560.0,9250.0,5260.0
841,841,2003.01.28,9540.0,140.0,9400.0,9540.0,9310.0,2090.0
842,842,2003.01.29,9540.0,0.0,9850.0,9850.0,9410.0,4700.0
843,843,2003.01.30,9500.0,40.0,9260.0,9650.0,9260.0,11680.0
844,844,2003.02.03,9380.0,120.0,9550.0,9550.0,9250.0,12450.0
845,845,2003.02.04,9610.0,230.0,9400.0,9680.0,9400.0,10810.0
846,846,2003.02.05,9410.0,200.0,9300.0,9500.0,9300.0,3240.0
847,847,2003.02.06,9700.0,290.0,9550.0,9710.0,9450.0,16980.0
848,848,2003.02.07,9800.0,100.0,9700.0,10000.0,9570.0,3965.0
849,849,2003.02.10,9600.0,200.0,9900.0,9900.0,9600.0,4280.0
850,850,2003.02.11,9320.0,280.0,9940.0,9940.0,9200.0,7285.0
851,851,2003.02.12,9460.0,140.0,9220.0,9500.0,9220.0,1357.0
852,852,2003.02.13,9450.0,10.0,9260.0,9520.0,9260.0,3058.0
853,853,2003.02.14,9320.0,130.0,9560.0,9560.0,9300.0,3800.0
854,854,2003.02.17,9550.0,230.0,9420.0,9630.0,9420.0,5388.0
855,855,2003.02.18,9930.0,380.0,9550.0,10200.0,9460.0,20770.0
856,856,2003.02.19,10000.0,70.0,10450.0,10450.0,9940.0,7610.0
857,857,2003.02.20,10100.0,100.0,10050.0,10100.0,9820.0,5190.0
858,858,2003.02.21,10050.0,50.0,10000.0,10300.0,9950.0,8060.0
859,859,2003.02.24,10150.0,100.0,10000.0,10200.0,10000.0,4270.0
860,860,2003.02.25,10050.0,100.0,10250.0,10250.0,10000.0,4882.0
861,861,2003.02.26,10000.0,50.0,10150.0,10150.0,10000.0,4060.0
862,862,2003.02.27,10050.0,50.0,10000.0,10050.0,10000.0,2840.0
863,863,2003.02.28,10000.0,50.0,10050.0,10050.0,10000.0,1870.0
864,864,2003.03.03,10300.0,300.0,10000.0,10350.0,10000.0,3120.0
865,865,2003.03.04,10100.0,200.0,10250.0,10250.0,10000.0,780.0
866,866,2003.03.05,10000.0,100.0,10000.0,10050.0,10000.0,41110.0
867,867,2003.03.06,9700.0,300.0,10000.0,10000.0,9700.0,4600.0
868,868,2003.03.07,9500.0,200.0,9500.0,9750.0,9500.0,5410.0
869,869,2003.03.10,9500.0,0.0,9500.0,9600.0,9500.0,7840.0
870,870,2003.03.11,9550.0,50.0,9500.0,9550.0,9500.0,5020.0
871,871,2003.03.12,9550.0,0.0,9600.0,9680.0,9500.0,1730.0
872,872,2003.03.13,9680.0,130.0,9500.0,9680.0,9450.0,2540.0
873,873,2003.03.14,9650.0,30.0,9620.0,9890.0,9620.0,3090.0
874,874,2003.03.17,9220.0,430.0,9450.0,9690.0,9210.0,4330.0
875,875,2003.03.18,9460.0,240.0,9400.0,9460.0,9300.0,1530.0
876,876,2003.03.19,9520.0,60.0,9500.0,9530.0,9350.0,230.0
877,877,2003.03.20,9610.0,90.0,9510.0,9870.0,9410.0,8583.0
878,878,2003.03.21,9800.0,190.0,9800.0,9800.0,9600.0,6350.0
879,879,2003.03.24,9900.0,100.0,10000.0,10000.0,9750.0,6060.0
880,880,2003.03.25,9790.0,110.0,9800.0,9800.0,9650.0,1340.0
881,881,2003.03.26,9900.0,110.0,9800.0,10000.0,9700.0,6160.0
882,882,2003.03.27,9900.0,0.0,9980.0,9980.0,9740.0,1690.0
883,883,2003.03.28,9900.0,0.0,9900.0,9900.0,9720.0,410.0
884,884,2003.03.31,9700.0,200.0,9840.0,9840.0,9700.0,760.0
885,885,2003.04.01,9550.0,150.0,9700.0,9700.0,9420.0,2300.0
886,886,2003.04.02,9690.0,140.0,9550.0,9700.0,9550.0,2582.0
887,887,2003.04.03,9700.0,10.0,9890.0,9890.0,9690.0,6580.0
888,888,2003.04.04,9700.0,0.0,9700.0,9750.0,9700.0,32490.0
889,889,2003.04.07,10600.0,900.0,9870.0,10600.0,9700.0,49482.0
890,890,2003.04.08,10150.0,450.0,10300.0,10550.0,10100.0,21162.0
891,891,2003.04.09,9820.0,330.0,10250.0,10250.0,9740.0,18310.0
892,892,2003.04.10,9890.0,70.0,9830.0,9900.0,9740.0,6520.0
893,893,2003.04.11,10150.0,260.0,9890.0,10400.0,9860.0,24790.0
894,894,2003.04.14,10150.0,0.0,10050.0,10350.0,10000.0,10980.0
895,895,2003.04.15,10400.0,250.0,10300.0,10550.0,10300.0,34440.0
896,896,2003.04.16,11150.0,750.0,10500.0,11350.0,10300.0,47430.0
897,897,2003.04.17,11700.0,550.0,11150.0,11800.0,10900.0,83770.0
898,898,2003.04.18,11800.0,100.0,11700.0,12000.0,11500.0,32443.0
899,899,2003.04.21,11500.0,300.0,11600.0,11700.0,11350.0,6290.0
900,900,2003.04.22,11200.0,300.0,11500.0,11700.0,11200.0,12810.0
901,901,2003.04.23,11200.0,0.0,11400.0,11450.0,11200.0,17804.0
902,902,2003.04.24,11200.0,0.0,11200.0,11200.0,11000.0,6720.0
903,903,2003.04.25,11000.0,200.0,11200.0,11200.0,10750.0,19960.0
904,904,2003.04.28,11300.0,300.0,11000.0,11400.0,11000.0,4830.0
905,905,2003.04.29,11500.0,200.0,11100.0,11550.0,11100.0,6560.0
906,906,2003.04.30,11300.0,200.0,11700.0,11700.0,11300.0,4850.0
907,907,2003.05.02,11300.0,0.0,11350.0,11400.0,11200.0,3930.0
908,908,2003.05.06,11600.0,300.0,11600.0,11750.0,11350.0,8110.0
909,909,2003.05.07,11950.0,350.0,11800.0,11950.0,11350.0,21660.0
910,910,2003.05.09,12050.0,100.0,11600.0,12150.0,11600.0,18728.0
911,911,2003.05.12,12500.0,450.0,12200.0,12500.0,12200.0,15590.0
912,912,2003.05.13,12100.0,400.0,12350.0,12350.0,12050.0,9242.0
913,913,2003.05.14,12200.0,100.0,12000.0,12200.0,12000.0,7070.0
914,914,2003.05.15,11850.0,350.0,12100.0,12150.0,11700.0,31990.0
915,915,2003.05.16,11800.0,50.0,12150.0,12200.0,11700.0,11020.0
916,916,2003.05.19,11350.0,450.0,11500.0,11500.0,11350.0,3080.0
917,917,2003.05.20,11350.0,0.0,11100.0,11550.0,11100.0,7460.0
918,918,2003.05.21,11400.0,50.0,11450.0,11450.0,11250.0,970.0
919,919,2003.05.22,11400.0,0.0,11600.0,11600.0,11300.0,1430.0
920,920,2003.05.23,11500.0,100.0,11450.0,11800.0,11450.0,20840.0
921,921,2003.05.26,11800.0,300.0,11500.0,11950.0,11500.0,5230.0
922,922,2003.05.27,11600.0,200.0,11800.0,11800.0,11500.0,4460.0
923,923,2003.05.28,11750.0,150.0,11850.0,11850.0,11600.0,3460.0
924,924,2003.05.29,11900.0,150.0,11700.0,12500.0,11700.0,13802.0
925,925,2003.05.30,11600.0,300.0,11900.0,11950.0,11400.0,11160.0
926,926,2003.06.02,12400.0,800.0,11800.0,13300.0,11700.0,74624.0
927,927,2003.06.03,12600.0,200.0,12500.0,13000.0,12250.0,96660.0
928,928,2003.06.04,11900.0,700.0,12600.0,12600.0,11850.0,142469.0
929,929,2003.06.05,11800.0,100.0,11900.0,12100.0,11700.0,30610.0
930,930,2003.06.09,11850.0,50.0,11550.0,11950.0,11550.0,13320.0
931,931,2003.06.10,11650.0,200.0,11800.0,11950.0,11400.0,16335.0
932,932,2003.06.11,11700.0,50.0,11500.0,12000.0,11500.0,32911.0
933,933,2003.06.12,11750.0,50.0,11650.0,11850.0,11650.0,4515.0
934,934,2003.06.13,11750.0,0.0,11750.0,11950.0,11550.0,11551.0
935,935,2003.06.16,11500.0,250.0,11700.0,11850.0,11500.0,12930.0
936,936,2003.06.17,11900.0,400.0,11750.0,12050.0,11550.0,23640.0
937,937,2003.06.18,11750.0,150.0,11750.0,11950.0,11700.0,3081.0
938,938,2003.06.19,11600.0,150.0,11700.0,11900.0,11600.0,19275.0
939,939,2003.06.20,11650.0,50.0,11550.0,11650.0,11400.0,15230.0
940,940,2003.06.23,11350.0,300.0,11700.0,11700.0,11300.0,6792.0
941,941,2003.06.24,11350.0,0.0,11400.0,11400.0,11150.0,9350.0
942,942,2003.06.25,11400.0,50.0,11350.0,11550.0,11350.0,9843.0
943,943,2003.06.26,11500.0,100.0,11300.0,11500.0,11300.0,9851.0
944,944,2003.06.27,11450.0,50.0,11400.0,11500.0,11250.0,11820.0
945,945,2003.06.30,11250.0,200.0,11400.0,11400.0,11100.0,5160.0
946,946,2003.07.01,11050.0,200.0,11250.0,11250.0,11050.0,4278.0
947,947,2003.07.02,11050.0,0.0,11100.0,11250.0,11000.0,18982.0
948,948,2003.07.03,11400.0,350.0,11050.0,11400.0,11050.0,29694.0
949,949,2003.07.04,11500.0,100.0,11250.0,11500.0,11100.0,11440.0
950,950,2003.07.07,11600.0,100.0,11350.0,11600.0,11300.0,15380.0
951,951,2003.07.08,11600.0,0.0,11450.0,11750.0,11400.0,9750.0
952,952,2003.07.09,11400.0,200.0,11450.0,11500.0,11350.0,3680.0
953,953,2003.07.10,11400.0,0.0,11400.0,11450.0,11300.0,4947.0
954,954,2003.07.11,11800.0,400.0,11400.0,12000.0,11300.0,55020.0
955,955,2003.07.14,11950.0,150.0,11600.0,12000.0,11600.0,21940.0
956,956,2003.07.15,11850.0,100.0,12000.0,12000.0,11700.0,12360.0
957,957,2003.07.16,11850.0,0.0,11800.0,11950.0,11700.0,4420.0
958,958,2003.07.18,11950.0,100.0,11800.0,12100.0,11800.0,39870.0
959,959,2003.07.21,11150.0,800.0,11600.0,11900.0,11150.0,20120.0
960,960,2003.07.22,11450.0,300.0,11150.0,11450.0,11150.0,4390.0
961,961,2003.07.23,11550.0,100.0,11350.0,11700.0,11350.0,2400.0
962,962,2003.07.24,11650.0,100.0,11700.0,11700.0,11500.0,1860.0
963,963,2003.07.25,11400.0,250.0,11350.0,11650.0,11350.0,6610.0
964,964,2003.07.28,11500.0,100.0,11200.0,11600.0,11200.0,11220.0
965,965,2003.07.29,11500.0,0.0,11500.0,11600.0,11350.0,7360.0
966,966,2003.07.30,11650.0,150.0,11500.0,11650.0,11400.0,14580.0
967,967,2003.07.31,11600.0,50.0,11500.0,11900.0,11500.0,7024.0
968,968,2003.08.01,11600.0,0.0,11800.0,11800.0,11500.0,3280.0
969,969,2003.08.04,11450.0,150.0,11600.0,11600.0,11450.0,3028.0
970,970,2003.08.05,11600.0,150.0,11400.0,11600.0,11350.0,5236.0
971,971,2003.08.06,11500.0,100.0,11500.0,11500.0,11350.0,1570.0
972,972,2003.08.07,11400.0,100.0,11400.0,11600.0,11400.0,890.0
973,973,2003.08.08,11700.0,300.0,11700.0,11850.0,11700.0,6940.0
974,974,2003.08.11,11900.0,200.0,12100.0,12100.0,11550.0,3530.0
975,975,2003.08.12,11600.0,300.0,11700.0,11800.0,11600.0,3680.0
976,976,2003.08.13,11800.0,200.0,11950.0,11950.0,11500.0,4370.0
977,977,2003.08.14,11900.0,100.0,11750.0,12000.0,11750.0,7530.0
978,978,2003.08.18,12750.0,850.0,11950.0,12750.0,11950.0,24161.0
979,979,2003.08.19,12600.0,150.0,12650.0,12750.0,12400.0,14842.0
980,980,2003.08.20,12400.0,200.0,12600.0,12700.0,12400.0,13220.0
981,981,2003.08.21,12700.0,300.0,12700.0,12750.0,12100.0,23230.0
982,982,2003.08.22,12700.0,0.0,12700.0,12800.0,12600.0,25620.0
983,983,2003.08.25,12900.0,200.0,12700.0,13000.0,12700.0,18030.0
984,984,2003.08.26,12900.0,0.0,12700.0,13150.0,12700.0,11900.0
985,985,2003.08.27,12600.0,300.0,12900.0,13000.0,12600.0,6970.0
986,986,2003.08.28,12400.0,200.0,12600.0,12800.0,12400.0,7560.0
987,987,2003.08.29,12500.0,100.0,12500.0,12550.0,12100.0,9420.0
988,988,2003.09.01,12600.0,100.0,12500.0,12800.0,12500.0,3839.0
989,989,2003.09.02,12900.0,300.0,12800.0,12900.0,12600.0,9760.0
990,990,2003.09.03,13000.0,100.0,12900.0,13250.0,12800.0,14740.0
991,991,2003.09.04,13300.0,300.0,13000.0,13300.0,13000.0,15612.0
992,992,2003.09.05,14200.0,900.0,13400.0,14200.0,13300.0,31190.0
993,993,2003.09.08,14050.0,150.0,13600.0,14400.0,13600.0,9831.0
994,994,2003.09.09,14400.0,350.0,14000.0,14400.0,14000.0,11330.0
995,995,2003.09.15,14350.0,50.0,14600.0,14600.0,14100.0,12170.0
996,996,2003.09.16,14950.0,600.0,14150.0,14950.0,14000.0,12170.0
997,997,2003.09.17,14700.0,250.0,15000.0,15000.0,14700.0,6020.0
998,998,2003.09.18,14300.0,400.0,14700.0,14700.0,14050.0,7510.0
999,999,2003.09.19,13600.0,700.0,14400.0,14500.0,13550.0,9100.0
1000,1000,2003.09.22,13350.0,250.0,13500.0,13500.0,13000.0,10960.0
1001,1001,2003.09.23,13300.0,50.0,13000.0,13300.0,12700.0,11880.0
1002,1002,2003.09.24,13600.0,300.0,12800.0,13600.0,12800.0,12240.0
1003,1003,2003.09.25,13500.0,100.0,13800.0,13800.0,13300.0,30500.0
1004,1004,2003.09.26,13400.0,100.0,13900.0,13900.0,13400.0,6530.0
1005,1005,2003.09.29,13300.0,100.0,13400.0,13400.0,13250.0,4230.0
1006,1006,2003.09.30,13300.0,0.0,13250.0,13500.0,13250.0,10260.0
1007,1007,2003.10.01,13150.0,150.0,13200.0,13200.0,13050.0,8590.0
1008,1008,2003.10.02,13200.0,50.0,13150.0,13500.0,13100.0,16650.0
1009,1009,2003.10.06,13700.0,500.0,13500.0,13700.0,13500.0,10910.0
1010,1010,2003.10.07,13800.0,100.0,13700.0,14000.0,13700.0,18760.0
1011,1011,2003.10.08,13800.0,0.0,13800.0,13800.0,13500.0,1520.0
1012,1012,2003.10.09,13900.0,100.0,14100.0,14100.0,13750.0,2840.0
1013,1013,2003.10.10,13750.0,150.0,13900.0,14000.0,13600.0,9030.0
1014,1014,2003.10.13,13900.0,150.0,13950.0,13950.0,13750.0,3940.0
1015,1015,2003.10.14,13950.0,50.0,13900.0,14000.0,13900.0,2880.0
1016,1016,2003.10.15,13800.0,150.0,13950.0,13950.0,13650.0,1860.0
1017,1017,2003.10.16,13700.0,100.0,13700.0,13700.0,13400.0,5870.0
1018,1018,2003.10.17,13450.0,250.0,13700.0,13700.0,13450.0,4190.0
1019,1019,2003.10.20,13500.0,50.0,13450.0,13500.0,13400.0,2490.0
1020,1020,2003.10.21,13200.0,300.0,13300.0,13500.0,13150.0,20220.0
1021,1021,2003.10.22,13400.0,200.0,13350.0,13400.0,13200.0,4030.0
1022,1022,2003.10.23,12900.0,500.0,13150.0,13150.0,12900.0,1940.0
1023,1023,2003.10.24,12650.0,250.0,12600.0,12900.0,12600.0,1450.0
1024,1024,2003.10.27,12850.0,200.0,12600.0,12900.0,12600.0,1320.0
1025,1025,2003.10.28,13300.0,450.0,13200.0,13300.0,12900.0,4190.0
1026,1026,2003.10.29,13350.0,50.0,13500.0,13500.0,13000.0,2130.0
1027,1027,2003.10.30,13050.0,300.0,13250.0,13500.0,13050.0,2940.0
1028,1028,2003.10.31,13000.0,50.0,13050.0,13350.0,13000.0,1760.0
1029,1029,2003.11.03,13150.0,150.0,13500.0,13500.0,13150.0,5260.0
1030,1030,2003.11.04,14000.0,850.0,13500.0,14500.0,13300.0,19700.0
1031,1031,2003.11.05,13700.0,300.0,14300.0,14300.0,13600.0,10426.0
1032,1032,2003.11.06,14000.0,300.0,14000.0,14200.0,13800.0,37900.0
1033,1033,2003.11.07,14300.0,300.0,13800.0,14300.0,13800.0,2080.0
1034,1034,2003.11.10,14300.0,0.0,14200.0,14500.0,13650.0,4550.0
1035,1035,2003.11.11,14100.0,200.0,14250.0,14250.0,13800.0,1800.0
1036,1036,2003.11.12,14200.0,100.0,14300.0,14500.0,14100.0,6070.0
1037,1037,2003.11.13,14300.0,100.0,14150.0,14450.0,14000.0,7240.0
1038,1038,2003.11.14,14350.0,50.0,14300.0,14400.0,14050.0,3890.0
1039,1039,2003.11.17,13800.0,550.0,14100.0,14250.0,13800.0,2048.0
1040,1040,2003.11.18,13850.0,50.0,13800.0,14000.0,13800.0,1710.0
1041,1041,2003.11.19,13600.0,250.0,14000.0,14000.0,13600.0,1520.0
1042,1042,2003.11.20,13750.0,150.0,13600.0,14150.0,13600.0,150.0
1043,1043,2003.11.21,13700.0,50.0,13700.0,13700.0,13500.0,630.0
1044,1044,2003.11.24,13600.0,100.0,13700.0,14050.0,13200.0,4960.0
1045,1045,2003.11.25,13600.0,0.0,13900.0,13900.0,13600.0,540.0
1046,1046,2003.11.26,13600.0,0.0,13350.0,13950.0,13350.0,630.0
1047,1047,2003.11.27,13700.0,100.0,13450.0,13750.0,13450.0,390.0
1048,1048,2003.11.28,13900.0,200.0,13950.0,13950.0,13600.0,130.0
1049,1049,2003.12.01,13950.0,50.0,13900.0,14000.0,13600.0,1120.0
1050,1050,2003.12.02,13950.0,0.0,14000.0,14000.0,13950.0,952.0
1051,1051,2003.12.03,13850.0,100.0,13600.0,13850.0,13600.0,2020.0
1052,1052,2003.12.04,13600.0,250.0,13650.0,13700.0,13300.0,3290.0
1053,1053,2003.12.05,13500.0,100.0,13550.0,13850.0,13500.0,2419.0
1054,1054,2003.12.08,13650.0,150.0,13700.0,13700.0,13650.0,1510.0
1055,1055,2003.12.09,13600.0,50.0,13400.0,13650.0,13400.0,3910.0
1056,1056,2003.12.10,13600.0,0.0,13550.0,13600.0,13350.0,920.0
1057,1057,2003.12.11,13650.0,50.0,13400.0,13650.0,13400.0,1810.0
1058,1058,2003.12.12,13700.0,50.0,13700.0,13800.0,13500.0,7630.0
1059,1059,2003.12.15,13350.0,350.0,13700.0,13800.0,13300.0,34469.0
1060,1060,2003.12.16,13100.0,250.0,13500.0,13500.0,13100.0,10270.0
1061,1061,2003.12.17,12950.0,150.0,13150.0,13150.0,12750.0,9250.0
1062,1062,2003.12.18,12850.0,100.0,13200.0,13200.0,12850.0,5430.0
1063,1063,2003.12.19,12750.0,100.0,12700.0,12800.0,12600.0,2400.0
1064,1064,2003.12.22,13000.0,250.0,12650.0,13000.0,12650.0,560.0
1065,1065,2003.12.23,13200.0,200.0,13000.0,13250.0,13000.0,4030.0
1066,1066,2003.12.24,13450.0,250.0,13250.0,13500.0,13250.0,6770.0
1067,1067,2003.12.26,13300.0,150.0,13500.0,13650.0,13300.0,6409.0
1068,1068,2003.12.29,13200.0,100.0,12800.0,13950.0,12600.0,7630.0
1069,1069,2003.12.30,13500.0,300.0,13200.0,13500.0,12900.0,15160.0
1070,1070,2004.01.02,13400.0,100.0,13100.0,13400.0,13100.0,1810.0
1071,1071,2004.01.05,13100.0,300.0,13300.0,13300.0,13100.0,2270.0
1072,1072,2004.01.06,13000.0,100.0,13100.0,13200.0,13000.0,5150.0
1073,1073,2004.01.07,12900.0,100.0,13000.0,13000.0,12900.0,1011.0
1074,1074,2004.01.08,12600.0,300.0,13000.0,13000.0,12600.0,2890.0
1075,1075,2004.01.09,12500.0,100.0,12600.0,12750.0,12500.0,6760.0
1076,1076,2004.01.12,12200.0,300.0,12300.0,12300.0,11900.0,12340.0
1077,1077,2004.01.13,12200.0,0.0,12000.0,12250.0,12000.0,19420.0
1078,1078,2004.01.14,12200.0,0.0,12250.0,12250.0,12050.0,15030.0
1079,1079,2004.01.15,12100.0,100.0,12200.0,12200.0,12050.0,5620.0
1080,1080,2004.01.16,12000.0,100.0,12000.0,12600.0,12000.0,8220.0
1081,1081,2004.01.19,11900.0,100.0,11900.0,12000.0,11800.0,8080.0
1082,1082,2004.01.20,12150.0,250.0,12000.0,12200.0,12000.0,9020.0
1083,1083,2004.01.26,12000.0,150.0,12200.0,12200.0,11850.0,1710.0
1084,1084,2004.01.27,11650.0,350.0,11800.0,11800.0,11550.0,5860.0
1085,1085,2004.01.28,11400.0,250.0,11400.0,11500.0,11400.0,5630.0
1086,1086,2004.01.29,11600.0,200.0,11400.0,11600.0,11350.0,4250.0
1087,1087,2004.01.30,11500.0,100.0,11400.0,11600.0,11400.0,3460.0
1088,1088,2004.02.02,11400.0,100.0,11500.0,11600.0,11400.0,7020.0
1089,1089,2004.02.03,11450.0,50.0,11650.0,11700.0,11300.0,4190.0
1090,1090,2004.02.04,11700.0,250.0,11450.0,11700.0,11350.0,6000.0
1091,1091,2004.02.05,11700.0,0.0,11700.0,11700.0,11500.0,4450.0
1092,1092,2004.02.06,11600.0,100.0,11700.0,11700.0,11550.0,3500.0
1093,1093,2004.02.09,11800.0,200.0,11500.0,11800.0,11500.0,4470.0
1094,1094,2004.02.10,11800.0,0.0,11550.0,12050.0,11550.0,2290.0
1095,1095,2004.02.11,11800.0,0.0,11800.0,11800.0,11600.0,2570.0
1096,1096,2004.02.12,11850.0,50.0,11950.0,11950.0,11800.0,280.0
1097,1097,2004.02.13,11800.0,50.0,11650.0,11800.0,11600.0,3960.0
1098,1098,2004.02.16,11800.0,0.0,11900.0,11900.0,11800.0,930.0
1099,1099,2004.02.17,11900.0,100.0,11800.0,11900.0,11700.0,5120.0
1100,1100,2004.02.18,11550.0,350.0,11750.0,11800.0,11550.0,7072.0
1101,1101,2004.02.19,11700.0,150.0,11500.0,11700.0,11500.0,4220.0
1102,1102,2004.02.20,11700.0,0.0,11450.0,11700.0,11450.0,210.0
1103,1103,2004.02.23,11700.0,0.0,11500.0,11700.0,11500.0,2550.0
1104,1104,2004.02.24,11500.0,200.0,11550.0,11800.0,11500.0,8520.0
1105,1105,2004.02.25,11500.0,0.0,11500.0,11700.0,11400.0,7100.0
1106,1106,2004.02.26,11200.0,300.0,11400.0,11400.0,11100.0,8690.0
1107,1107,2004.02.27,12850.0,1650.0,11100.0,12850.0,11100.0,4160.0
1108,1108,2004.03.02,11700.0,1150.0,12000.0,12000.0,11500.0,11660.0
1109,1109,2004.03.03,11350.0,350.0,11550.0,11550.0,11350.0,2450.0
1110,1110,2004.03.04,11300.0,50.0,11300.0,11500.0,11300.0,7896.0
1111,1111,2004.03.05,11500.0,200.0,11300.0,11500.0,11300.0,5620.0
1112,1112,2004.03.08,11450.0,50.0,11300.0,11500.0,11300.0,4941.0
1113,1113,2004.03.09,11500.0,50.0,11700.0,11700.0,11450.0,2072.0
1114,1114,2004.03.10,11400.0,100.0,11400.0,11500.0,11350.0,2950.0
1115,1115,2004.03.11,11250.0,150.0,11300.0,11350.0,11250.0,4454.0
1116,1116,2004.03.12,11600.0,350.0,11200.0,11600.0,10350.0,8180.0
1117,1117,2004.03.15,11300.0,300.0,11050.0,11500.0,11050.0,546.0
1118,1118,2004.03.16,11200.0,100.0,11150.0,11250.0,11000.0,3830.0
1119,1119,2004.03.17,11250.0,50.0,11050.0,11250.0,11000.0,1520.0
1120,1120,2004.03.18,11100.0,150.0,11100.0,11150.0,11100.0,1360.0
1121,1121,2004.03.19,11100.0,0.0,10950.0,11200.0,10950.0,830.0
1122,1122,2004.03.22,11000.0,100.0,11300.0,11300.0,11000.0,2800.0
1123,1123,2004.03.23,11150.0,150.0,11000.0,11150.0,11000.0,1580.0
1124,1124,2004.03.24,11200.0,50.0,11250.0,11250.0,11200.0,300.0
1125,1125,2004.03.25,11300.0,100.0,11200.0,11300.0,11000.0,2560.0
1126,1126,2004.03.26,11050.0,250.0,11300.0,11450.0,11000.0,6110.0
1127,1127,2004.03.29,11000.0,50.0,11050.0,11100.0,10800.0,23320.0
1128,1128,2004.03.30,10850.0,150.0,11000.0,11150.0,10850.0,15749.0
1129,1129,2004.03.31,10800.0,50.0,10850.0,11000.0,10600.0,24190.0
1130,1130,2004.04.01,10750.0,50.0,10650.0,10850.0,10650.0,4360.0
1131,1131,2004.04.02,11100.0,350.0,10750.0,11100.0,10750.0,1200.0
1132,1132,2004.04.06,10950.0,150.0,11200.0,11300.0,10900.0,6750.0
1133,1133,2004.04.07,11050.0,100.0,11050.0,11150.0,10700.0,27270.0
1134,1134,2004.04.08,11150.0,100.0,10900.0,11200.0,10900.0,14720.0
1135,1135,2004.04.09,11000.0,150.0,11100.0,11100.0,10850.0,3650.0
1136,1136,2004.04.12,10950.0,50.0,10900.0,11150.0,10900.0,11240.0
1137,1137,2004.04.13,10950.0,0.0,11100.0,11100.0,10950.0,1650.0
1138,1138,2004.04.14,11400.0,450.0,11000.0,11500.0,11000.0,10663.0
1139,1139,2004.04.16,11300.0,100.0,11500.0,11500.0,11300.0,5400.0
1140,1140,2004.04.19,11400.0,100.0,11300.0,11400.0,11300.0,6310.0
1141,1141,2004.04.20,11550.0,150.0,11500.0,11650.0,11400.0,11548.0
1142,1142,2004.04.21,12100.0,550.0,11600.0,12250.0,11600.0,24833.0
1143,1143,2004.04.22,12550.0,450.0,12050.0,12700.0,12050.0,27630.0
1144,1144,2004.04.23,12700.0,150.0,12850.0,12850.0,12450.0,13150.0
1145,1145,2004.04.26,12550.0,150.0,12600.0,12800.0,12300.0,7606.0
1146,1146,2004.04.27,12350.0,200.0,12600.0,12600.0,12350.0,6848.0
1147,1147,2004.04.28,11600.0,750.0,12200.0,12500.0,11600.0,12595.0
1148,1148,2004.04.29,11500.0,100.0,11600.0,11800.0,11450.0,6700.0
1149,1149,2004.04.30,11500.0,0.0,11500.0,11500.0,11350.0,1190.0
1150,1150,2004.05.03,11700.0,200.0,11650.0,12000.0,11650.0,6211.0
1151,1151,2004.05.04,11950.0,250.0,11800.0,12350.0,11800.0,76375.0
1152,1152,2004.05.06,11250.0,700.0,12000.0,12000.0,11250.0,11890.0
1153,1153,2004.05.07,11000.0,250.0,11050.0,11250.0,10950.0,8400.0
1154,1154,2004.05.10,11000.0,0.0,10950.0,11000.0,10800.0,14750.0
1155,1155,2004.05.11,11300.0,300.0,11000.0,11400.0,10800.0,4590.0
1156,1156,2004.05.12,11500.0,200.0,11650.0,11650.0,11300.0,3320.0
1157,1157,2004.05.13,11100.0,400.0,11250.0,11250.0,11050.0,15333.0
1158,1158,2004.05.14,11200.0,100.0,11100.0,11200.0,11000.0,7350.0
1159,1159,2004.05.17,10950.0,250.0,11000.0,11150.0,10700.0,15900.0
1160,1160,2004.05.18,10650.0,300.0,10900.0,10900.0,10500.0,4220.0
1161,1161,2004.05.19,10600.0,50.0,10650.0,10750.0,10500.0,26300.0
1162,1162,2004.05.20,10500.0,100.0,10600.0,10800.0,10450.0,8220.0
1163,1163,2004.05.21,10800.0,300.0,10500.0,10850.0,10500.0,9750.0
1164,1164,2004.05.24,10950.0,150.0,10850.0,11000.0,10850.0,5030.0
1165,1165,2004.05.25,10550.0,400.0,10800.0,10800.0,10450.0,6220.0
1166,1166,2004.05.27,10600.0,50.0,10750.0,10800.0,10600.0,4210.0
1167,1167,2004.05.28,10650.0,50.0,10750.0,10750.0,10600.0,2250.0
1168,1168,2004.05.31,10750.0,100.0,10700.0,10750.0,10600.0,3400.0
1169,1169,2004.06.01,10850.0,100.0,10800.0,10850.0,10700.0,2370.0
1170,1170,2004.06.02,11100.0,250.0,10950.0,11200.0,10500.0,8600.0
1171,1171,2004.06.03,10900.0,200.0,11050.0,11150.0,10900.0,3510.0
1172,1172,2004.06.04,10850.0,50.0,11100.0,11100.0,10800.0,1100.0
1173,1173,2004.06.07,11000.0,150.0,10750.0,11000.0,10750.0,760.0
1174,1174,2004.06.08,10850.0,150.0,11200.0,11200.0,10800.0,310.0
1175,1175,2004.06.09,10850.0,0.0,11100.0,11100.0,10850.0,640.0
1176,1176,2004.06.10,11000.0,150.0,10850.0,11000.0,10800.0,240.0
1177,1177,2004.06.11,10650.0,350.0,11000.0,11000.0,10650.0,3910.0
1178,1178,2004.06.14,10300.0,350.0,10600.0,10650.0,10200.0,7940.0
1179,1179,2004.06.15,10250.0,50.0,10500.0,10500.0,10250.0,8490.0
1180,1180,2004.06.16,10400.0,150.0,10350.0,10450.0,10250.0,5240.0
1181,1181,2004.06.17,10500.0,100.0,10550.0,10550.0,10400.0,6430.0
1182,1182,2004.06.18,10800.0,300.0,10350.0,10850.0,10300.0,20750.0
1183,1183,2004.06.21,10700.0,100.0,10800.0,10900.0,10700.0,24290.0
1184,1184,2004.06.22,10550.0,150.0,10600.0,10600.0,10400.0,3140.0
1185,1185,2004.06.23,10550.0,0.0,10750.0,10750.0,10550.0,110.0
1186,1186,2004.06.24,10650.0,100.0,10400.0,10650.0,10250.0,43480.0
1187,1187,2004.06.25,10800.0,150.0,10450.0,10800.0,10450.0,9350.0
1188,1188,2004.06.28,10600.0,200.0,10600.0,10750.0,10550.0,5500.0
1189,1189,2004.06.29,10700.0,100.0,10550.0,10800.0,10550.0,8390.0
1190,1190,2004.06.30,10800.0,100.0,10800.0,11100.0,10700.0,7110.0
1191,1191,2004.07.01,10700.0,100.0,10850.0,10850.0,10700.0,760.0
1192,1192,2004.07.02,10600.0,100.0,10600.0,10600.0,10550.0,4330.0
1193,1193,2004.07.05,10600.0,0.0,10600.0,10600.0,10550.0,26610.0
1194,1194,2004.07.06,10600.0,0.0,10550.0,10600.0,10550.0,5540.0
1195,1195,2004.07.07,10700.0,100.0,10550.0,10700.0,10550.0,1720.0
1196,1196,2004.07.08,10600.0,100.0,10750.0,10750.0,10550.0,2630.0
1197,1197,2004.07.09,10650.0,50.0,10700.0,10700.0,10500.0,480.0
1198,1198,2004.07.12,10650.0,0.0,10750.0,10750.0,10500.0,220.0
1199,1199,2004.07.13,10600.0,50.0,10550.0,10600.0,10550.0,2080.0
1200,1200,2004.07.14,10750.0,150.0,10600.0,10750.0,10550.0,13110.0
1201,1201,2004.07.15,10700.0,50.0,10550.0,10700.0,10500.0,3820.0
1202,1202,2004.07.16,10550.0,150.0,10750.0,10750.0,10550.0,50.0
1203,1203,2004.07.19,10700.0,150.0,10550.0,10700.0,10500.0,2310.0
1204,1204,2004.07.20,10450.0,250.0,10500.0,10550.0,10450.0,20950.0
1205,1205,2004.07.21,10550.0,100.0,10500.0,10750.0,10500.0,460.0
1206,1206,2004.07.22,10550.0,0.0,10500.0,10600.0,10500.0,600.0
1207,1207,2004.07.23,10650.0,100.0,10700.0,10700.0,10500.0,320.0
1208,1208,2004.07.26,10500.0,150.0,10650.0,10650.0,10500.0,299.0
1209,1209,2004.07.27,10600.0,100.0,10500.0,10600.0,10450.0,12770.0
1210,1210,2004.07.28,10550.0,50.0,10800.0,10800.0,10500.0,5720.0
1211,1211,2004.07.29,10500.0,50.0,10550.0,10550.0,10450.0,6150.0
1212,1212,2004.07.30,10500.0,0.0,10650.0,10650.0,10450.0,3990.0
1213,1213,2004.08.02,10450.0,50.0,10450.0,10500.0,10450.0,3370.0
1214,1214,2004.08.03,10500.0,50.0,10350.0,10500.0,10300.0,6460.0
1215,1215,2004.08.04,10500.0,0.0,10650.0,10650.0,10400.0,6400.0
1216,1216,2004.08.05,10500.0,0.0,10350.0,10500.0,10350.0,5910.0
1217,1217,2004.08.06,10500.0,0.0,10400.0,10600.0,10400.0,4290.0
1218,1218,2004.08.09,10500.0,0.0,10500.0,10500.0,10500.0,4660.0
1219,1219,2004.08.10,10500.0,0.0,10650.0,10650.0,10500.0,2680.0
1220,1220,2004.08.11,10400.0,100.0,10600.0,10600.0,10400.0,11510.0
1221,1221,2004.08.12,10450.0,50.0,10400.0,10550.0,10400.0,11530.0
1222,1222,2004.08.13,10900.0,450.0,10450.0,10900.0,10450.0,7730.0
1223,1223,2004.08.16,10800.0,100.0,10900.0,10900.0,10650.0,14690.0
1224,1224,2004.08.17,10750.0,50.0,11000.0,11000.0,10700.0,4330.0
1225,1225,2004.08.18,10700.0,50.0,10700.0,10950.0,10700.0,9080.0
1226,1226,2004.08.19,10900.0,200.0,10700.0,10950.0,10700.0,11070.0
1227,1227,2004.08.20,10900.0,0.0,11200.0,11200.0,10700.0,4130.0
1228,1228,2004.08.23,10900.0,0.0,10900.0,11000.0,10900.0,54960.0
1229,1229,2004.08.24,11150.0,250.0,10900.0,11700.0,10900.0,4520.0
1230,1230,2004.08.25,11150.0,0.0,11200.0,11350.0,11150.0,10845.0
1231,1231,2004.08.26,11150.0,0.0,11150.0,11350.0,11100.0,2460.0
1232,1232,2004.08.27,11300.0,150.0,11250.0,11350.0,11150.0,8320.0
1233,1233,2004.08.30,11600.0,300.0,11300.0,11600.0,11300.0,19950.0
1234,1234,2004.08.31,11450.0,150.0,11700.0,11700.0,11400.0,3300.0
1235,1235,2004.09.01,11500.0,50.0,11350.0,11550.0,11300.0,960.0
1236,1236,2004.09.02,11550.0,50.0,11600.0,11600.0,11400.0,3600.0
1237,1237,2004.09.03,11300.0,250.0,11600.0,11600.0,11250.0,5630.0
1238,1238,2004.09.06,11300.0,0.0,11300.0,11400.0,11150.0,1190.0
1239,1239,2004.09.07,11300.0,0.0,11300.0,11350.0,11300.0,1080.0
1240,1240,2004.09.08,11650.0,350.0,11200.0,11650.0,11200.0,84480.0
1241,1241,2004.09.09,11600.0,50.0,11650.0,11700.0,11600.0,7230.0
1242,1242,2004.09.10,11700.0,100.0,11400.0,11700.0,11400.0,8370.0
1243,1243,2004.09.13,11750.0,50.0,11500.0,11750.0,11500.0,6500.0
1244,1244,2004.09.14,11700.0,50.0,11700.0,11750.0,11600.0,10900.0
1245,1245,2004.09.15,11500.0,200.0,11500.0,11700.0,11500.0,5790.0
1246,1246,2004.09.16,11450.0,50.0,11300.0,11500.0,11300.0,7370.0
1247,1247,2004.09.17,12100.0,650.0,11700.0,12500.0,11700.0,69440.0
1248,1248,2004.09.20,12100.0,0.0,11800.0,12300.0,11800.0,11650.0
1249,1249,2004.09.21,12200.0,100.0,12100.0,12200.0,12000.0,41500.0
1250,1250,2004.09.22,12100.0,100.0,12100.0,12200.0,11900.0,12940.0
1251,1251,2004.09.23,12000.0,100.0,12100.0,12100.0,11800.0,43630.0
1252,1252,2004.09.24,12700.0,700.0,12250.0,12700.0,11950.0,15410.0
1253,1253,2004.09.30,13000.0,300.0,12350.0,13400.0,12350.0,13380.0
1254,1254,2004.10.01,13000.0,0.0,12600.0,13050.0,12600.0,16430.0
1255,1255,2004.10.04,13600.0,600.0,13000.0,13650.0,13000.0,24800.0
1256,1256,2004.10.05,13600.0,0.0,13300.0,13700.0,13300.0,2560.0
1257,1257,2004.10.06,13500.0,100.0,13350.0,13600.0,13300.0,9180.0
1258,1258,2004.10.07,13350.0,150.0,13400.0,13400.0,13250.0,3090.0
1259,1259,2004.10.08,13500.0,150.0,13450.0,13500.0,13200.0,7480.0
1260,1260,2004.10.11,13400.0,100.0,13500.0,13500.0,13300.0,500.0
1261,1261,2004.10.12,13200.0,200.0,13400.0,13400.0,12700.0,23120.0
1262,1262,2004.10.13,13400.0,200.0,13200.0,13550.0,13000.0,17930.0
1263,1263,2004.10.14,13600.0,200.0,13300.0,13600.0,13200.0,7710.0
1264,1264,2004.10.15,13700.0,100.0,13750.0,13750.0,13400.0,7970.0
1265,1265,2004.10.18,13950.0,250.0,13700.0,14050.0,13700.0,11790.0
1266,1266,2004.10.19,14150.0,200.0,14000.0,14400.0,14000.0,11010.0
1267,1267,2004.10.20,14000.0,150.0,13950.0,14200.0,13800.0,10890.0
1268,1268,2004.10.21,13500.0,500.0,13700.0,13700.0,13500.0,2790.0
1269,1269,2004.10.22,14000.0,500.0,13000.0,14150.0,13000.0,14740.0
1270,1270,2004.10.25,14000.0,0.0,14000.0,14300.0,13800.0,23735.0
1271,1271,2004.10.26,14000.0,0.0,14250.0,14250.0,13700.0,4320.0
1272,1272,2004.10.27,14400.0,400.0,14200.0,14400.0,14000.0,4460.0
1273,1273,2004.10.28,15800.0,1400.0,14550.0,15800.0,14400.0,16930.0
1274,1274,2004.10.29,15700.0,100.0,15700.0,15700.0,15000.0,7750.0
1275,1275,2004.11.01,15700.0,0.0,15500.0,15700.0,15200.0,2630.0
1276,1276,2004.11.02,15900.0,200.0,15600.0,16300.0,15600.0,11570.0
1277,1277,2004.11.03,16050.0,150.0,15200.0,16050.0,15200.0,6440.0
1278,1278,2004.11.04,15900.0,150.0,15600.0,16150.0,15000.0,9250.0
1279,1279,2004.11.05,15350.0,550.0,15600.0,16000.0,15350.0,3920.0
1280,1280,2004.11.08,15300.0,50.0,15350.0,15500.0,15300.0,1340.0
1281,1281,2004.11.09,15000.0,300.0,15200.0,15200.0,14850.0,1490.0
1282,1282,2004.11.10,15200.0,200.0,15000.0,15200.0,15000.0,5450.0
1283,1283,2004.11.11,15000.0,200.0,14750.0,15200.0,14750.0,240.0
1284,1284,2004.11.12,15000.0,0.0,15400.0,15400.0,14600.0,2221.0
1285,1285,2004.11.15,15350.0,350.0,14900.0,15350.0,14700.0,26260.0
1286,1286,2004.11.16,15300.0,50.0,15500.0,15500.0,14950.0,12310.0
1287,1287,2004.11.17,15300.0,0.0,15400.0,15500.0,14700.0,4400.0
1288,1288,2004.11.18,15000.0,300.0,15150.0,15150.0,15000.0,11640.0
1289,1289,2004.11.19,15000.0,0.0,14750.0,15100.0,14750.0,1120.0
1290,1290,2004.11.22,14600.0,400.0,15000.0,15000.0,14600.0,440.0
1291,1291,2004.11.23,14500.0,100.0,14600.0,14900.0,14500.0,8391.0
1292,1292,2004.11.24,14350.0,150.0,14700.0,14700.0,14350.0,7233.0
1293,1293,2004.11.25,14500.0,150.0,14400.0,14500.0,14200.0,8920.0
1294,1294,2004.11.26,14500.0,0.0,14300.0,15900.0,14300.0,9280.0
1295,1295,2004.11.29,14950.0,450.0,14500.0,15150.0,14500.0,52670.0
1296,1296,2004.11.30,15200.0,250.0,14800.0,15200.0,13900.0,3710.0
1297,1297,2004.12.01,14950.0,250.0,15200.0,15300.0,14750.0,9236.0
1298,1298,2004.12.02,15100.0,150.0,15100.0,15250.0,15100.0,1190.0
1299,1299,2004.12.03,14850.0,250.0,15050.0,15050.0,14600.0,9310.0
1300,1300,2004.12.06,15000.0,150.0,14800.0,15050.0,14750.0,7330.0
1301,1301,2004.12.07,14950.0,50.0,14750.0,15100.0,14750.0,8430.0
1302,1302,2004.12.08,14900.0,50.0,15100.0,15100.0,14900.0,4920.0
1303,1303,2004.12.09,14900.0,0.0,14900.0,15050.0,14850.0,6230.0
1304,1304,2004.12.10,14900.0,0.0,15000.0,15500.0,14700.0,20000.0
1305,1305,2004.12.13,14900.0,0.0,14750.0,14900.0,14750.0,10340.0
1306,1306,2004.12.14,15000.0,100.0,14900.0,15000.0,14900.0,9860.0
1307,1307,2004.12.15,15250.0,250.0,15000.0,15250.0,15000.0,3800.0
1308,1308,2004.12.16,15100.0,150.0,15100.0,15200.0,15050.0,7610.0
1309,1309,2004.12.17,15000.0,100.0,15000.0,15050.0,14900.0,5480.0
1310,1310,2004.12.20,15050.0,50.0,14850.0,15200.0,14850.0,2410.0
1311,1311,2004.12.21,14900.0,150.0,15050.0,15050.0,14800.0,22900.0
1312,1312,2004.12.22,14800.0,100.0,14900.0,14900.0,14800.0,23180.0
1313,1313,2004.12.23,14650.0,150.0,14700.0,14900.0,14650.0,33837.0
1314,1314,2004.12.24,15350.0,700.0,14700.0,15450.0,14650.0,27597.0
1315,1315,2004.12.27,15700.0,350.0,15250.0,15700.0,15250.0,14770.0
1316,1316,2004.12.28,15750.0,50.0,16000.0,16100.0,15700.0,21030.0
1317,1317,2004.12.29,16000.0,250.0,15600.0,16200.0,15100.0,14330.0
1318,1318,2004.12.30,16200.0,200.0,15750.0,16200.0,15750.0,22840.0
1319,1319,2005.01.03,16800.0,600.0,16000.0,17000.0,16000.0,20313.0
1320,1320,2005.01.04,17100.0,300.0,16450.0,17200.0,16450.0,43290.0
1321,1321,2005.01.05,17100.0,0.0,17100.0,17100.0,16750.0,3570.0
1322,1322,2005.01.06,17200.0,100.0,17250.0,17250.0,16800.0,14030.0
1323,1323,2005.01.07,17150.0,50.0,17350.0,17350.0,16950.0,3370.0
1324,1324,2005.01.10,17350.0,200.0,17000.0,17350.0,16850.0,5760.0
1325,1325,2005.01.11,17650.0,300.0,17500.0,17700.0,17300.0,9860.0
1326,1326,2005.01.12,16550.0,1100.0,17800.0,18000.0,16550.0,26220.0
1327,1327,2005.01.13,16950.0,400.0,17400.0,17400.0,16700.0,18460.0
1328,1328,2005.01.14,17000.0,50.0,16750.0,17100.0,16700.0,7011.0
1329,1329,2005.01.17,16950.0,50.0,16850.0,17000.0,16750.0,2340.0
1330,1330,2005.01.18,17300.0,350.0,16850.0,17500.0,16800.0,11140.0
1331,1331,2005.01.19,17800.0,500.0,17800.0,17800.0,17500.0,12350.0
1332,1332,2005.01.20,18150.0,350.0,17600.0,18700.0,17600.0,67810.0
1333,1333,2005.01.21,18300.0,150.0,18050.0,18300.0,17300.0,5780.0
1334,1334,2005.01.24,18300.0,0.0,17700.0,18300.0,17600.0,7265.0
1335,1335,2005.01.25,17600.0,700.0,18250.0,18250.0,17550.0,10620.0
1336,1336,2005.01.26,17700.0,100.0,18000.0,18000.0,17500.0,3960.0
1337,1337,2005.01.27,18000.0,300.0,17550.0,18000.0,17550.0,8841.0
1338,1338,2005.01.28,18000.0,0.0,17800.0,18000.0,17700.0,4225.0
1339,1339,2005.01.31,17900.0,100.0,18000.0,18000.0,17600.0,3810.0
1340,1340,2005.02.01,18050.0,150.0,18400.0,18400.0,18000.0,732.0
1341,1341,2005.02.02,18050.0,0.0,18300.0,18300.0,18000.0,3780.0
1342,1342,2005.02.03,19250.0,1200.0,18100.0,19300.0,18100.0,10859.0
1343,1343,2005.02.04,19500.0,250.0,19350.0,20000.0,18900.0,9315.0
1344,1344,2005.02.07,21300.0,1800.0,19500.0,21300.0,19350.0,8440.0
1345,1345,2005.02.11,21400.0,100.0,21600.0,21600.0,20700.0,5452.0
1346,1346,2005.02.14,22000.0,600.0,22700.0,22700.0,21500.0,3340.0
1347,1347,2005.02.15,21350.0,650.0,22000.0,22000.0,20600.0,3068.0
1348,1348,2005.02.16,20900.0,450.0,21350.0,21350.0,20700.0,910.0
1349,1349,2005.02.17,21000.0,100.0,20650.0,21150.0,20600.0,2560.0
1350,1350,2005.02.18,21300.0,300.0,21050.0,21300.0,20900.0,4431.0
1351,1351,2005.02.21,21400.0,100.0,21300.0,21400.0,21000.0,8170.0
1352,1352,2005.02.22,21300.0,100.0,21400.0,21400.0,20600.0,2600.0
1353,1353,2005.02.23,21200.0,100.0,21000.0,21200.0,20500.0,4329.0
1354,1354,2005.02.24,21400.0,200.0,21000.0,21700.0,21000.0,2390.0
1355,1355,2005.02.25,21500.0,100.0,21400.0,21700.0,21100.0,6580.0
1356,1356,2005.02.28,22000.0,500.0,20800.0,22000.0,20800.0,5211.0
1357,1357,2005.03.02,22000.0,0.0,22000.0,22200.0,21800.0,4863.0
1358,1358,2005.03.03,22350.0,350.0,21900.0,22450.0,21600.0,5630.0
1359,1359,2005.03.04,22000.0,350.0,21700.0,22350.0,21700.0,850.0
1360,1360,2005.03.07,22400.0,400.0,22000.0,22500.0,21950.0,3210.0
1361,1361,2005.03.08,21950.0,450.0,22000.0,22000.0,21700.0,6191.0
1362,1362,2005.03.09,21700.0,250.0,21200.0,21900.0,21200.0,8343.0
1363,1363,2005.03.10,20700.0,1000.0,21400.0,21500.0,20700.0,7771.0
1364,1364,2005.03.11,19750.0,950.0,20700.0,20700.0,19750.0,12620.0
1365,1365,2005.03.14,20750.0,1000.0,19500.0,21200.0,19500.0,21673.0
1366,1366,2005.03.15,21150.0,400.0,21000.0,21900.0,20000.0,23243.0
1367,1367,2005.03.16,21000.0,150.0,21000.0,21100.0,20800.0,33700.0
1368,1368,2005.03.17,21450.0,450.0,21100.0,21450.0,20750.0,12780.0
1369,1369,2005.03.18,21800.0,350.0,21000.0,21850.0,21000.0,3130.0
1370,1370,2005.03.21,21650.0,150.0,21750.0,21800.0,20950.0,1800.0
1371,1371,2005.03.22,20900.0,750.0,21200.0,21400.0,20850.0,1805.0
1372,1372,2005.03.23,21350.0,450.0,22500.0,22500.0,20800.0,730.0
1373,1373,2005.03.24,19800.0,1550.0,20850.0,21450.0,19700.0,9871.0
1374,1374,2005.03.25,20000.0,200.0,19150.0,20200.0,19150.0,7472.0
1375,1375,2005.03.28,19850.0,150.0,19500.0,20500.0,19500.0,3460.0
1376,1376,2005.03.29,19950.0,100.0,19900.0,20550.0,19600.0,4970.0
1377,1377,2005.03.30,19700.0,250.0,19800.0,20000.0,19650.0,5300.0
1378,1378,2005.03.31,19500.0,200.0,19750.0,19750.0,19200.0,3640.0
1379,1379,2005.04.01,20700.0,1200.0,19700.0,20850.0,19200.0,3610.0
1380,1380,2005.04.04,20850.0,150.0,20500.0,20850.0,19850.0,2710.0
1381,1381,2005.04.06,20850.0,0.0,21350.0,21350.0,20050.0,3500.0
1382,1382,2005.04.07,20950.0,100.0,20200.0,20950.0,20200.0,1160.0
1383,1383,2005.04.08,21000.0,50.0,21200.0,21200.0,20600.0,1080.0
1384,1384,2005.04.11,20600.0,400.0,20500.0,21000.0,20500.0,270.0
1385,1385,2005.04.12,20250.0,350.0,20200.0,20600.0,20200.0,1020.0
1386,1386,2005.04.13,20300.0,50.0,20300.0,20350.0,20300.0,1820.0
1387,1387,2005.04.14,20300.0,0.0,20300.0,20300.0,20300.0,30.0
1388,1388,2005.04.15,19950.0,350.0,19400.0,19950.0,19400.0,1270.0
1389,1389,2005.04.18,19200.0,750.0,19500.0,19900.0,19200.0,2740.0
1390,1390,2005.04.19,18600.0,600.0,19000.0,19200.0,18550.0,2121.0
1391,1391,2005.04.20,18750.0,150.0,19150.0,19150.0,18750.0,1200.0
1392,1392,2005.04.21,18650.0,100.0,18350.0,19500.0,18150.0,2880.0
1393,1393,2005.04.22,18800.0,150.0,19450.0,19450.0,18800.0,1426.0
1394,1394,2005.04.25,18550.0,250.0,18550.0,18650.0,18550.0,170.0
1395,1395,2005.04.26,18600.0,50.0,18600.0,18600.0,18600.0,20.0
1396,1396,2005.04.27,18300.0,300.0,18200.0,18500.0,18200.0,1190.0
1397,1397,2005.04.28,18000.0,300.0,18050.0,18500.0,17900.0,3230.0
1398,1398,2005.04.29,17400.0,600.0,17700.0,17800.0,17350.0,9960.0
1399,1399,2005.05.02,17500.0,100.0,17300.0,17700.0,17300.0,530.0
1400,1400,2005.05.03,17800.0,300.0,17900.0,17900.0,17500.0,1480.0
1401,1401,2005.05.04,17800.0,0.0,17550.0,19750.0,17550.0,37826.0
1402,1402,2005.05.06,17800.0,0.0,17700.0,18650.0,17700.0,180.0
1403,1403,2005.05.09,17350.0,450.0,17600.0,18200.0,17350.0,5330.0
1404,1404,2005.05.10,17400.0,50.0,17350.0,17600.0,17200.0,2230.0
1405,1405,2005.05.11,17400.0,0.0,17400.0,17400.0,17200.0,170.0
1406,1406,2005.05.12,17600.0,200.0,17000.0,17600.0,17000.0,2280.0
1407,1407,2005.05.13,17550.0,50.0,17400.0,17550.0,16600.0,450.0
1408,1408,2005.05.16,17750.0,200.0,17900.0,17900.0,17000.0,950.0
1409,1409,2005.05.17,17800.0,50.0,17300.0,17800.0,17300.0,4190.0
1410,1410,2005.05.18,17600.0,200.0,17450.0,17650.0,17150.0,1130.0
1411,1411,2005.05.19,17950.0,350.0,17500.0,18000.0,17300.0,3300.0
1412,1412,2005.05.20,18400.0,450.0,17950.0,18400.0,17650.0,1510.0
1413,1413,2005.05.23,18500.0,100.0,17750.0,18500.0,17750.0,3610.0
1414,1414,2005.05.24,18450.0,50.0,18000.0,18500.0,18000.0,4020.0
1415,1415,2005.05.25,18100.0,350.0,18400.0,18450.0,18100.0,1788.0
1416,1416,2005.05.26,18400.0,300.0,18300.0,18400.0,18100.0,2200.0
1417,1417,2005.05.27,21150.0,2750.0,18450.0,21150.0,18100.0,13710.0
1418,1418,2005.05.30,20550.0,600.0,21000.0,21000.0,19650.0,720.0
1419,1419,2005.05.31,20950.0,400.0,19800.0,20950.0,19800.0,3180.0
1420,1420,2005.06.01,20350.0,600.0,20300.0,20950.0,20300.0,1500.0
1421,1421,2005.06.02,20200.0,150.0,20400.0,20400.0,20150.0,390.0
1422,1422,2005.06.03,20200.0,0.0,19950.0,20200.0,19800.0,3890.0
1423,1423,2005.06.07,21000.0,800.0,19550.0,21000.0,19550.0,421.0
1424,1424,2005.06.08,19850.0,1150.0,20300.0,20650.0,19850.0,950.0
1425,1425,2005.06.09,20500.0,650.0,20400.0,20600.0,20350.0,400.0
1426,1426,2005.06.10,20700.0,200.0,20800.0,20800.0,20650.0,440.0
1427,1427,2005.06.13,20300.0,400.0,20100.0,20850.0,20100.0,1530.0
1428,1428,2005.06.14,20700.0,400.0,21000.0,21000.0,20500.0,11040.0
1429,1429,2005.06.15,21400.0,700.0,21100.0,21400.0,20200.0,5760.0
1430,1430,2005.06.16,21600.0,200.0,21000.0,21600.0,21000.0,2690.0
1431,1431,2005.06.17,21700.0,100.0,21600.0,21750.0,21200.0,587.0
1432,1432,2005.06.20,22000.0,300.0,21250.0,22000.0,21250.0,6410.0
1433,1433,2005.06.21,21750.0,250.0,21700.0,21800.0,21550.0,431.0
1434,1434,2005.06.22,21850.0,100.0,20900.0,21900.0,20900.0,120.0
1435,1435,2005.06.23,21700.0,150.0,21500.0,21700.0,21500.0,310.0
1436,1436,2005.06.24,21800.0,100.0,21500.0,21800.0,21500.0,1620.0
1437,1437,2005.06.27,21950.0,150.0,22150.0,22150.0,21500.0,770.0
1438,1438,2005.06.28,22000.0,50.0,21450.0,22000.0,21450.0,880.0
1439,1439,2005.06.29,22050.0,50.0,21500.0,22100.0,21500.0,362.0
1440,1440,2005.06.30,22100.0,50.0,22000.0,22100.0,21550.0,1320.0
1441,1441,2005.07.01,22500.0,400.0,21800.0,22500.0,21800.0,2540.0
1442,1442,2005.07.04,22550.0,50.0,22050.0,22550.0,22050.0,950.0
1443,1443,2005.07.05,23150.0,600.0,22150.0,24300.0,22150.0,11600.0
1444,1444,2005.07.06,23450.0,300.0,22950.0,23850.0,22950.0,6650.0
1445,1445,2005.07.07,23050.0,400.0,22650.0,23850.0,22650.0,2150.0
1446,1446,2005.07.08,23500.0,450.0,23850.0,23850.0,23100.0,410.0
1447,1447,2005.07.11,23050.0,450.0,23150.0,23450.0,23050.0,1731.0
1448,1448,2005.07.12,23200.0,150.0,23050.0,23850.0,23050.0,2620.0
1449,1449,2005.07.13,22950.0,250.0,23900.0,23900.0,21950.0,10850.0
1450,1450,2005.07.14,22850.0,100.0,22950.0,22950.0,22500.0,450.0
1451,1451,2005.07.15,23050.0,200.0,22500.0,23050.0,22500.0,830.0
1452,1452,2005.07.18,22600.0,450.0,22650.0,23050.0,22500.0,870.0
1453,1453,2005.07.19,22900.0,300.0,22600.0,22900.0,22250.0,1940.0
1454,1454,2005.07.20,23100.0,200.0,23000.0,23850.0,22850.0,9800.0
1455,1455,2005.07.21,24000.0,900.0,22900.0,24000.0,22900.0,2740.0
1456,1456,2005.07.22,24250.0,250.0,24000.0,25900.0,24000.0,1982.0
1457,1457,2005.07.25,25950.0,1700.0,24150.0,26000.0,24000.0,2710.0
1458,1458,2005.07.26,25850.0,100.0,25000.0,26300.0,24900.0,2040.0
1459,1459,2005.07.27,25800.0,50.0,25150.0,25950.0,25150.0,157255.0
1460,1460,2005.07.28,25800.0,0.0,24500.0,25800.0,24500.0,3510.0
1461,1461,2005.07.29,25850.0,50.0,25650.0,25850.0,25400.0,760.0
1462,1462,2005.08.01,25300.0,550.0,25150.0,25500.0,25150.0,460.0
1463,1463,2005.08.02,25300.0,0.0,24750.0,25800.0,24750.0,6240.0
1464,1464,2005.08.03,25150.0,150.0,24800.0,25300.0,24800.0,1870.0
1465,1465,2005.08.04,25150.0,0.0,25000.0,25150.0,24650.0,1202.0
1466,1466,2005.08.05,24950.0,200.0,25150.0,25150.0,24400.0,1198.0
1467,1467,2005.08.08,25000.0,50.0,24400.0,25000.0,23450.0,3490.0
1468,1468,2005.08.09,25000.0,0.0,24800.0,25000.0,24600.0,490.0
1469,1469,2005.08.10,25700.0,700.0,25100.0,25700.0,24150.0,12930.0
1470,1470,2005.08.11,26600.0,900.0,25750.0,26600.0,25750.0,5671.0
1471,1471,2005.08.12,26400.0,200.0,26600.0,26900.0,25400.0,1754.0
1472,1472,2005.08.16,25300.0,1100.0,26100.0,26400.0,25300.0,570.0
1473,1473,2005.08.17,25400.0,100.0,24950.0,25900.0,24850.0,840.0
1474,1474,2005.08.18,25900.0,500.0,25950.0,25950.0,25000.0,500.0
1475,1475,2005.08.19,24000.0,1900.0,25100.0,25100.0,23900.0,28673.0
1476,1476,2005.08.22,25000.0,1000.0,24500.0,25000.0,24000.0,5680.0
1477,1477,2005.08.23,25000.0,0.0,24650.0,25000.0,24500.0,607.0
1478,1478,2005.08.24,24250.0,750.0,24600.0,24600.0,24250.0,110.0
1479,1479,2005.08.25,24000.0,250.0,24000.0,24000.0,23800.0,1340.0
1480,1480,2005.08.26,24000.0,0.0,23800.0,24000.0,23800.0,510.0
1481,1481,2005.08.29,23950.0,50.0,24000.0,24150.0,23700.0,300.0
1482,1482,2005.08.30,23650.0,300.0,24000.0,24000.0,23550.0,1140.0
1483,1483,2005.08.31,23650.0,0.0,23500.0,23900.0,23450.0,15310.0
1484,1484,2005.09.01,23500.0,150.0,23650.0,23650.0,23300.0,3620.0
1485,1485,2005.09.02,23350.0,150.0,23500.0,23950.0,23250.0,6240.0
1486,1486,2005.09.05,23000.0,350.0,23200.0,23300.0,23000.0,2600.0
1487,1487,2005.09.06,23100.0,100.0,23400.0,23450.0,23100.0,2600.0
1488,1488,2005.09.07,23000.0,100.0,23150.0,23250.0,22950.0,2680.0
1489,1489,2005.09.08,23700.0,700.0,23500.0,23700.0,22950.0,12060.0
1490,1490,2005.09.09,23050.0,650.0,23200.0,23200.0,22950.0,3250.0
1491,1491,2005.09.12,23350.0,300.0,23400.0,23400.0,23000.0,820.0
1492,1492,2005.09.13,23000.0,350.0,22950.0,23000.0,22800.0,670.0
1493,1493,2005.09.14,23000.0,0.0,23000.0,23350.0,22800.0,1920.0
1494,1494,2005.09.15,22950.0,50.0,23000.0,23100.0,22750.0,1030.0
1495,1495,2005.09.16,22900.0,50.0,23250.0,23750.0,22900.0,4222.0
1496,1496,2005.09.20,22500.0,400.0,23650.0,23650.0,22500.0,13900.0
1497,1497,2005.09.21,22500.0,0.0,22850.0,23000.0,22200.0,9953.0
1498,1498,2005.09.22,22350.0,150.0,22300.0,22800.0,22300.0,3800.0
1499,1499,2005.09.23,23000.0,650.0,22600.0,23250.0,22000.0,45180.0
1500,1500,2005.09.26,22950.0,50.0,23000.0,23000.0,22950.0,5805.0
1501,1501,2005.09.27,23950.0,1000.0,22750.0,23950.0,22750.0,9000.0
1502,1502,2005.09.28,24000.0,50.0,23800.0,24200.0,23700.0,13950.0
1503,1503,2005.09.29,24000.0,0.0,23800.0,24000.0,23800.0,9680.0
1504,1504,2005.09.30,23800.0,200.0,24000.0,24000.0,23300.0,2000.0
1505,1505,2005.10.04,23750.0,50.0,24000.0,24100.0,23750.0,11914.0
1506,1506,2005.10.05,23800.0,50.0,24000.0,24000.0,23700.0,3030.0
1507,1507,2005.10.06,23900.0,100.0,23900.0,24000.0,23200.0,3960.0
1508,1508,2005.10.07,24500.0,600.0,24200.0,24500.0,23600.0,5440.0
1509,1509,2005.10.10,25500.0,1000.0,24450.0,25600.0,24450.0,6710.0
1510,1510,2005.10.11,25600.0,100.0,25350.0,25600.0,25000.0,1880.0
1511,1511,2005.10.12,25900.0,300.0,26350.0,26350.0,25200.0,7570.0
1512,1512,2005.10.13,26100.0,200.0,25350.0,26100.0,25350.0,4631.0
1513,1513,2005.10.14,26500.0,400.0,26100.0,26550.0,25700.0,3787.0
1514,1514,2005.10.17,26350.0,150.0,25500.0,26500.0,25500.0,1010.0
1515,1515,2005.10.18,26250.0,100.0,25850.0,26800.0,25700.0,2970.0
1516,1516,2005.10.19,25400.0,850.0,26650.0,26650.0,25200.0,3490.0
1517,1517,2005.10.20,26200.0,800.0,25400.0,26200.0,25400.0,2164.0
1518,1518,2005.10.21,27500.0,1300.0,26050.0,27750.0,26000.0,8129.0
1519,1519,2005.10.24,27750.0,250.0,27100.0,27850.0,27050.0,1890.0
1520,1520,2005.10.25,27800.0,50.0,27750.0,29200.0,27750.0,15820.0
1521,1521,2005.10.26,27500.0,300.0,27850.0,28150.0,27400.0,4070.0
1522,1522,2005.10.27,27500.0,0.0,26800.0,27850.0,26800.0,1112.0
1523,1523,2005.10.28,27700.0,200.0,27500.0,27800.0,27050.0,1013.0
1524,1524,2005.10.31,27700.0,0.0,27300.0,28000.0,27300.0,5570.0
1525,1525,2005.11.01,28600.0,900.0,27750.0,29250.0,27750.0,2001.0
1526,1526,2005.11.02,28600.0,0.0,28600.0,29000.0,28600.0,3150.0
1527,1527,2005.11.03,28000.0,600.0,28300.0,28300.0,27850.0,3790.0
1528,1528,2005.11.04,28500.0,500.0,29000.0,29000.0,28000.0,1211.0
1529,1529,2005.11.07,28000.0,500.0,28400.0,28450.0,28000.0,2510.0
1530,1530,2005.11.08,28500.0,500.0,28000.0,29250.0,27400.0,2330.0
1531,1531,2005.11.09,29300.0,800.0,28500.0,29300.0,28150.0,2800.0
1532,1532,2005.11.10,29800.0,500.0,29350.0,29800.0,29100.0,1920.0
1533,1533,2005.11.11,29000.0,800.0,29650.0,29700.0,28600.0,3940.0
1534,1534,2005.11.14,29300.0,300.0,29650.0,29700.0,28350.0,1582.0
1535,1535,2005.11.15,29300.0,0.0,29300.0,29450.0,28850.0,370.0
1536,1536,2005.11.16,29700.0,400.0,29300.0,29700.0,28650.0,1620.0
1537,1537,2005.11.17,28950.0,750.0,28900.0,29500.0,28900.0,1810.0
1538,1538,2005.11.18,29500.0,550.0,28700.0,29500.0,28500.0,2349.0
1539,1539,2005.11.21,28950.0,550.0,28700.0,29800.0,28700.0,910.0
1540,1540,2005.11.22,29200.0,250.0,29250.0,29250.0,28100.0,2200.0
1541,1541,2005.11.23,29000.0,200.0,29100.0,29450.0,28750.0,690.0
1542,1542,2005.11.24,29250.0,250.0,29450.0,29450.0,28650.0,4210.0
1543,1543,2005.11.25,29000.0,250.0,29400.0,29400.0,28950.0,209.0
1544,1544,2005.11.28,28900.0,100.0,28550.0,28900.0,28550.0,121.0
1545,1545,2005.11.29,28500.0,400.0,28900.0,28900.0,28500.0,7160.0
1546,1546,2005.11.30,28400.0,100.0,28500.0,28750.0,28250.0,5120.0
1547,1547,2005.12.01,28700.0,300.0,28100.0,28700.0,28050.0,10081.0
1548,1548,2005.12.02,29150.0,450.0,29300.0,29300.0,28700.0,3110.0
1549,1549,2005.12.05,28600.0,550.0,28500.0,28950.0,28500.0,4750.0
1550,1550,2005.12.06,28600.0,0.0,28500.0,28800.0,28500.0,4070.0
1551,1551,2005.12.07,27850.0,750.0,28500.0,28500.0,27850.0,41290.0
1552,1552,2005.12.08,27500.0,350.0,27900.0,28350.0,27500.0,16160.0
1553,1553,2005.12.09,27400.0,100.0,27500.0,27750.0,26950.0,2460.0
1554,1554,2005.12.12,27050.0,350.0,27500.0,27500.0,26900.0,6210.0
1555,1555,2005.12.13,27700.0,650.0,27800.0,27800.0,27000.0,5990.0
1556,1556,2005.12.14,27700.0,0.0,27500.0,27700.0,27150.0,2500.0
1557,1557,2005.12.15,27500.0,200.0,27450.0,27700.0,27400.0,2820.0
1558,1558,2005.12.16,27600.0,100.0,27500.0,27750.0,27500.0,3030.0
1559,1559,2005.12.19,27900.0,300.0,27600.0,27900.0,27500.0,2560.0
1560,1560,2005.12.20,27900.0,0.0,28100.0,28100.0,27800.0,1440.0
1561,1561,2005.12.21,28100.0,200.0,29000.0,29000.0,28050.0,574.0
1562,1562,2005.12.22,28000.0,100.0,28100.0,28100.0,27500.0,2470.0
1563,1563,2005.12.23,28300.0,300.0,28750.0,28750.0,27600.0,230.0
1564,1564,2005.12.26,27700.0,600.0,28800.0,28800.0,27400.0,631.0
1565,1565,2005.12.27,27300.0,400.0,27300.0,28200.0,27250.0,7360.0
1566,1566,2005.12.28,27300.0,0.0,27300.0,27900.0,27150.0,67202.0
1567,1567,2005.12.29,27600.0,300.0,27850.0,27850.0,27000.0,47658.0
1568,1568,2006.01.02,28800.0,1200.0,28450.0,28800.0,28400.0,10870.0
1569,1569,2006.01.03,28500.0,300.0,28500.0,28700.0,27700.0,15420.0
1570,1570,2006.01.04,29050.0,550.0,28500.0,29050.0,28400.0,11850.0
1571,1571,2006.01.05,29500.0,450.0,27900.0,29550.0,27900.0,4350.0
1572,1572,2006.01.06,29500.0,0.0,28200.0,29600.0,28200.0,5870.0
1573,1573,2006.01.09,30000.0,500.0,28750.0,30000.0,28400.0,5810.0
1574,1574,2006.01.10,30000.0,0.0,30000.0,30100.0,29850.0,1300.0
1575,1575,2006.01.11,30000.0,0.0,28650.0,30200.0,28650.0,6990.0
1576,1576,2006.01.12,30250.0,250.0,29000.0,30250.0,29000.0,2080.0
1577,1577,2006.01.13,30450.0,200.0,29300.0,30450.0,29300.0,1960.0
1578,1578,2006.01.16,31000.0,550.0,30450.0,31000.0,30300.0,2650.0
1579,1579,2006.01.17,30900.0,100.0,30500.0,31050.0,30500.0,2060.0
1580,1580,2006.01.18,30850.0,50.0,30500.0,30900.0,30500.0,6060.0
1581,1581,2006.01.19,32000.0,1150.0,30600.0,32200.0,30600.0,6951.0
1582,1582,2006.01.20,32000.0,0.0,31950.0,32500.0,31950.0,3330.0
1583,1583,2006.01.23,31850.0,150.0,29250.0,32000.0,29250.0,8750.0
1584,1584,2006.01.24,32700.0,850.0,32000.0,32750.0,31000.0,3850.0
1585,1585,2006.01.25,32800.0,100.0,32000.0,32800.0,32000.0,5120.0
1586,1586,2006.01.26,33950.0,1150.0,30700.0,33950.0,30700.0,3480.0
1587,1587,2006.01.27,34900.0,950.0,34000.0,34900.0,34000.0,2120.0
1588,1588,2006.01.31,34900.0,0.0,34900.0,35000.0,34800.0,1670.0
1589,1589,2006.02.01,34900.0,0.0,34900.0,35100.0,34900.0,2720.0
1590,1590,2006.02.02,36400.0,1500.0,35000.0,36950.0,35000.0,2670.0
1591,1591,2006.02.03,37950.0,1550.0,37950.0,40000.0,35400.0,6600.0
1592,1592,2006.02.06,36900.0,1050.0,38700.0,38700.0,35000.0,510.0
1593,1593,2006.02.07,36800.0,100.0,35900.0,36900.0,35900.0,2351.0
1594,1594,2006.02.08,36000.0,800.0,34150.0,36700.0,34150.0,2154.0
1595,1595,2006.02.09,35500.0,500.0,34500.0,35900.0,34500.0,1850.0
1596,1596,2006.02.10,36500.0,1000.0,35950.0,36500.0,35750.0,1060.0
1597,1597,2006.02.13,36900.0,400.0,36900.0,37000.0,35900.0,510.0
1598,1598,2006.02.14,35500.0,1400.0,37500.0,37800.0,33050.0,12670.0
1599,1599,2006.02.15,34950.0,550.0,35000.0,35450.0,34250.0,7450.0
1600,1600,2006.02.16,33900.0,1050.0,34600.0,34650.0,33000.0,10670.0
1601,1601,2006.02.17,32600.0,1300.0,33650.0,34850.0,32000.0,5580.0
1602,1602,2006.02.20,31200.0,1400.0,32500.0,32500.0,30800.0,12488.0
1603,1603,2006.02.21,30450.0,750.0,31200.0,31200.0,30250.0,7370.0
1604,1604,2006.02.22,30450.0,0.0,30450.0,30750.0,29100.0,13881.0
1605,1605,2006.02.23,31850.0,1400.0,30100.0,31950.0,30100.0,203187.0
1606,1606,2006.02.24,31700.0,150.0,32300.0,32800.0,31050.0,6033.0
1607,1607,2006.02.27,31500.0,200.0,31100.0,31750.0,31100.0,4330.0
1608,1608,2006.02.28,32000.0,500.0,31750.0,32100.0,31750.0,2281.0
1609,1609,2006.03.02,31600.0,400.0,32000.0,32000.0,31600.0,510.0
1610,1610,2006.03.03,31600.0,0.0,31600.0,31700.0,30600.0,3070.0
1611,1611,2006.03.06,31800.0,200.0,31650.0,31800.0,31650.0,840.0
1612,1612,2006.03.07,31700.0,100.0,31800.0,31800.0,30950.0,2780.0
1613,1613,2006.03.08,31850.0,150.0,31700.0,32100.0,31700.0,1070.0
1614,1614,2006.03.09,32000.0,150.0,31850.0,32200.0,31350.0,2210.0
1615,1615,2006.03.10,31500.0,500.0,32050.0,32050.0,31500.0,310.0
1616,1616,2006.03.13,31900.0,400.0,31500.0,31900.0,31500.0,1120.0
1617,1617,2006.03.14,31900.0,0.0,32000.0,32000.0,31900.0,840.0
1618,1618,2006.03.15,31700.0,200.0,31850.0,31850.0,31700.0,260.0
1619,1619,2006.03.16,32000.0,300.0,31700.0,32000.0,31400.0,1740.0
1620,1620,2006.03.17,32400.0,400.0,32300.0,32400.0,32000.0,1680.0
1621,1621,2006.03.20,32400.0,0.0,32450.0,33000.0,32200.0,1400.0
1622,1622,2006.03.21,32400.0,0.0,32400.0,32400.0,32050.0,1280.0
1623,1623,2006.03.22,32200.0,200.0,32000.0,32200.0,31900.0,1940.0
1624,1624,2006.03.23,32000.0,200.0,33500.0,33500.0,31900.0,880.0
1625,1625,2006.03.24,32000.0,0.0,32500.0,32500.0,32000.0,1470.0
1626,1626,2006.03.27,33000.0,1000.0,32500.0,33000.0,32450.0,1770.0
1627,1627,2006.03.28,33800.0,800.0,33000.0,33800.0,32600.0,1410.0
1628,1628,2006.03.29,33950.0,150.0,33600.0,34000.0,33550.0,160.0
1629,1629,2006.03.30,34600.0,650.0,35100.0,35100.0,34500.0,1500.0
1630,1630,2006.03.31,35450.0,850.0,35000.0,35600.0,34650.0,1850.0
1631,1631,2006.04.03,36250.0,800.0,35500.0,36250.0,35500.0,2300.0
1632,1632,2006.04.04,37400.0,1150.0,36950.0,37950.0,36250.0,2345.0
1633,1633,2006.04.05,37600.0,200.0,37400.0,37950.0,37400.0,2535.0
1634,1634,2006.04.06,38000.0,400.0,37600.0,38300.0,37600.0,2840.0
1635,1635,2006.04.07,39000.0,1000.0,38000.0,39000.0,38000.0,4315.0
1636,1636,2006.04.10,38950.0,50.0,39000.0,39300.0,38200.0,3250.0
1637,1637,2006.04.11,36600.0,2350.0,38950.0,39000.0,36600.0,3960.0
1638,1638,2006.04.12,37350.0,750.0,36050.0,37350.0,35200.0,1680.0
1639,1639,2006.04.13,37500.0,150.0,37500.0,37500.0,37450.0,171.0
1640,1640,2006.04.14,36550.0,950.0,37400.0,37400.0,36300.0,890.0
1641,1641,2006.04.17,37000.0,450.0,37200.0,37500.0,36300.0,900.0
1642,1642,2006.04.18,37000.0,0.0,37000.0,37000.0,36500.0,830.0
1643,1643,2006.04.19,37700.0,700.0,37000.0,37800.0,37000.0,5660.0
1644,1644,2006.04.20,37950.0,250.0,37700.0,38050.0,37650.0,2270.0
1645,1645,2006.04.21,38450.0,500.0,38500.0,38500.0,37950.0,2390.0
1646,1646,2006.04.24,40950.0,2500.0,39000.0,42000.0,38100.0,3460.0
1647,1647,2006.04.25,43600.0,2650.0,40100.0,44500.0,40100.0,5080.0
1648,1648,2006.04.26,45900.0,2300.0,43500.0,46200.0,43500.0,11328.0
1649,1649,2006.04.27,46000.0,100.0,46000.0,46050.0,45500.0,17190.0
1650,1650,2006.04.28,47500.0,1500.0,45300.0,47500.0,45300.0,12830.0
1651,1651,2006.05.02,47350.0,150.0,47450.0,48600.0,46250.0,5470.0
1652,1652,2006.05.03,47500.0,150.0,46300.0,47500.0,45000.0,6040.0
1653,1653,2006.05.04,47500.0,0.0,47000.0,47500.0,46550.0,550.0
1654,1654,2006.05.08,46050.0,1450.0,46800.0,47450.0,46050.0,1341.0
1655,1655,2006.05.09,43000.0,3050.0,46000.0,46000.0,42550.0,8672.0
1656,1656,2006.05.10,43500.0,500.0,43050.0,44000.0,43000.0,1150.0
1657,1657,2006.05.11,42000.0,1500.0,42600.0,43200.0,41600.0,4680.0
1658,1658,2006.05.12,43350.0,1350.0,42050.0,43350.0,42000.0,62740.0
1659,1659,2006.05.15,41600.0,1750.0,44000.0,44000.0,41200.0,19410.0
1660,1660,2006.05.16,41850.0,250.0,41600.0,42000.0,41350.0,1054.0
1661,1661,2006.05.17,42000.0,150.0,41950.0,42500.0,41700.0,4270.0
1662,1662,2006.05.18,41850.0,150.0,41950.0,41950.0,40600.0,850.0
1663,1663,2006.05.19,40850.0,1000.0,41850.0,41950.0,40150.0,2470.0
1664,1664,2006.05.22,39800.0,1050.0,40850.0,41000.0,39000.0,4190.0
1665,1665,2006.05.23,39200.0,600.0,38750.0,39350.0,37150.0,3330.0
1666,1666,2006.05.24,39950.0,750.0,39200.0,40700.0,38550.0,190.0
1667,1667,2006.05.25,41900.0,1950.0,37500.0,41900.0,37500.0,4240.0
1668,1668,2006.05.26,41950.0,50.0,39600.0,42300.0,39600.0,2590.0
1669,1669,2006.05.29,41600.0,350.0,41700.0,41800.0,41050.0,4910.0
1670,1670,2006.05.30,41700.0,100.0,41600.0,41800.0,41000.0,520.0
1671,1671,2006.06.01,40600.0,1100.0,41100.0,41650.0,39150.0,1200.0
1672,1672,2006.06.02,41000.0,400.0,41600.0,41600.0,40000.0,610.0
1673,1673,2006.06.05,40300.0,700.0,40500.0,40900.0,40150.0,810.0
1674,1674,2006.06.07,39800.0,500.0,39250.0,40200.0,39000.0,840.0
1675,1675,2006.06.08,39800.0,0.0,38200.0,39800.0,38150.0,630.0
1676,1676,2006.06.09,40350.0,550.0,41950.0,41950.0,40000.0,780.0
1677,1677,2006.06.12,40250.0,100.0,40250.0,40250.0,40250.0,370.0
1678,1678,2006.06.13,40250.0,0.0,40250.0,40250.0,40250.0,0.0
1679,1679,2006.06.14,41000.0,750.0,41000.0,41000.0,40700.0,1440.0
1680,1680,2006.06.15,41500.0,500.0,41000.0,41500.0,40550.0,670.0
1681,1681,2006.06.16,41250.0,250.0,41500.0,41500.0,41000.0,1200.0
1682,1682,2006.06.19,41000.0,250.0,41750.0,41750.0,41000.0,5020.0
1683,1683,2006.06.20,40300.0,700.0,40000.0,40300.0,39700.0,570.0
1684,1684,2006.06.21,41000.0,700.0,40300.0,41200.0,38950.0,810.0
1685,1685,2006.06.22,40900.0,100.0,40000.0,40950.0,40000.0,940.0
1686,1686,2006.06.23,40900.0,0.0,40900.0,40900.0,39550.0,440.0
1687,1687,2006.06.26,40700.0,200.0,39200.0,40800.0,39200.0,150.0
1688,1688,2006.06.27,40200.0,500.0,40300.0,40300.0,40000.0,380.0
1689,1689,2006.06.28,40800.0,600.0,39400.0,40800.0,39400.0,270.0
1690,1690,2006.06.29,40900.0,100.0,41000.0,41000.0,40000.0,290.0
1691,1691,2006.06.30,40650.0,250.0,40600.0,41000.0,40150.0,1700.0
1692,1692,2006.07.03,40300.0,350.0,40100.0,40600.0,39800.0,420.0
1693,1693,2006.07.04,40800.0,500.0,40300.0,41000.0,40300.0,1090.0
1694,1694,2006.07.05,41000.0,200.0,40800.0,41000.0,40800.0,550.0
1695,1695,2006.07.06,41000.0,0.0,41000.0,41000.0,41000.0,40.0
1696,1696,2006.07.07,41800.0,800.0,41000.0,41900.0,41000.0,440.0
1697,1697,2006.07.10,40500.0,1300.0,41000.0,41000.0,40500.0,1260.0
1698,1698,2006.07.11,40500.0,0.0,40500.0,40500.0,39700.0,560.0
1699,1699,2006.07.12,39600.0,900.0,41750.0,41750.0,39250.0,3060.0
1700,1700,2006.07.13,40000.0,400.0,39600.0,40100.0,39500.0,720.0
1701,1701,2006.07.14,40500.0,500.0,39500.0,40500.0,38000.0,1250.0
1702,1702,2006.07.18,38800.0,1700.0,40500.0,40500.0,38800.0,330.0
1703,1703,2006.07.19,38850.0,50.0,39850.0,39850.0,38800.0,350.0
1704,1704,2006.07.20,38900.0,50.0,39900.0,40400.0,38900.0,300.0
1705,1705,2006.07.21,39000.0,100.0,39800.0,39800.0,38000.0,790.0
1706,1706,2006.07.24,39000.0,0.0,38050.0,39800.0,37000.0,3660.0
1707,1707,2006.07.25,39500.0,500.0,39000.0,39900.0,39000.0,3020.0
1708,1708,2006.07.26,39400.0,100.0,39100.0,40450.0,39100.0,1400.0
1709,1709,2006.07.27,39050.0,350.0,39050.0,39350.0,38550.0,3010.0
1710,1710,2006.07.28,38850.0,200.0,38800.0,39000.0,38400.0,251.0
1711,1711,2006.07.31,38200.0,650.0,38850.0,38850.0,38200.0,1138.0
1712,1712,2006.08.01,37100.0,1100.0,38200.0,38200.0,36500.0,1070.0
1713,1713,2006.08.02,36700.0,400.0,37100.0,37100.0,36550.0,1360.0
1714,1714,2006.08.03,35650.0,1050.0,36750.0,37000.0,35650.0,1450.0
1715,1715,2006.08.04,35000.0,650.0,35700.0,36900.0,34550.0,14660.0
1716,1716,2006.08.07,35200.0,200.0,35000.0,35200.0,34500.0,1360.0
1717,1717,2006.08.08,34650.0,550.0,35000.0,35000.0,34550.0,900.0
1718,1718,2006.08.09,35000.0,350.0,35000.0,35000.0,34600.0,1010.0
1719,1719,2006.08.10,33400.0,1600.0,35150.0,35900.0,33400.0,2442.0
1720,1720,2006.08.11,33500.0,100.0,33200.0,34000.0,32000.0,7348.0
1721,1721,2006.08.14,34500.0,1000.0,33950.0,35000.0,33950.0,740.0
1722,1722,2006.08.16,34300.0,200.0,34500.0,34500.0,33950.0,510.0
1723,1723,2006.08.17,34400.0,100.0,34300.0,34500.0,34000.0,410.0
1724,1724,2006.08.18,34000.0,400.0,34350.0,34350.0,33900.0,870.0
1725,1725,2006.08.21,33100.0,900.0,35000.0,35000.0,32000.0,2660.0
1726,1726,2006.08.22,33100.0,0.0,33300.0,33300.0,32800.0,1240.0
1727,1727,2006.08.23,33300.0,200.0,33100.0,33300.0,32200.0,1050.0
1728,1728,2006.08.24,33200.0,100.0,33250.0,33300.0,32800.0,1050.0
1729,1729,2006.08.25,33500.0,300.0,33650.0,35050.0,33450.0,2410.0
1730,1730,2006.08.28,33500.0,0.0,33550.0,33550.0,32850.0,990.0
1731,1731,2006.08.29,33500.0,0.0,33450.0,33500.0,33100.0,670.0
1732,1732,2006.08.30,33250.0,250.0,33200.0,33550.0,32600.0,1220.0
1733,1733,2006.08.31,33250.0,0.0,33300.0,33700.0,33250.0,1580.0
1734,1734,2006.09.01,34000.0,750.0,33300.0,35000.0,33300.0,4400.0
1735,1735,2006.09.04,34350.0,350.0,33900.0,34900.0,33900.0,4080.0
1736,1736,2006.09.05,35500.0,1150.0,35500.0,36000.0,34800.0,3860.0
1737,1737,2006.09.06,36000.0,500.0,35500.0,36750.0,35050.0,4150.0
1738,1738,2006.09.07,35700.0,300.0,36000.0,36000.0,35650.0,1270.0
1739,1739,2006.09.08,34950.0,750.0,35750.0,35750.0,34600.0,1210.0
1740,1740,2006.09.11,35000.0,50.0,34600.0,35000.0,34600.0,1200.0
1741,1741,2006.09.12,34850.0,150.0,35000.0,35500.0,34350.0,1260.0
1742,1742,2006.09.13,34100.0,750.0,36450.0,36450.0,34050.0,1160.0
1743,1743,2006.09.14,33950.0,150.0,33700.0,34300.0,33700.0,810.0
1744,1744,2006.09.15,34000.0,50.0,33500.0,34200.0,33500.0,830.0
1745,1745,2006.09.18,34000.0,0.0,34000.0,34400.0,34000.0,780.0
1746,1746,2006.09.19,34100.0,100.0,34000.0,34300.0,34000.0,1010.0
1747,1747,2006.09.20,34250.0,150.0,33650.0,35900.0,33650.0,1190.0
1748,1748,2006.09.21,34150.0,100.0,34950.0,34950.0,34000.0,910.0
1749,1749,2006.09.22,34200.0,50.0,34250.0,34300.0,33500.0,1470.0
1750,1750,2006.09.25,34000.0,200.0,34350.0,34350.0,33650.0,210.0
1751,1751,2006.09.26,34000.0,0.0,33700.0,34500.0,33700.0,670.0
1752,1752,2006.09.27,33800.0,200.0,33800.0,33950.0,33700.0,1200.0
1753,1753,2006.09.28,33250.0,550.0,34000.0,34000.0,33000.0,3810.0
1754,1754,2006.09.29,32000.0,1250.0,33200.0,33200.0,32000.0,9350.0
1755,1755,2006.10.02,31000.0,1000.0,32350.0,32350.0,30250.0,11330.0
1756,1756,2006.10.04,30950.0,50.0,31000.0,31200.0,30600.0,3110.0
1757,1757,2006.10.09,30250.0,700.0,31000.0,31000.0,30100.0,10055.0
1758,1758,2006.10.10,29450.0,800.0,29150.0,30000.0,29150.0,5370.0
1759,1759,2006.10.11,29450.0,0.0,29600.0,29600.0,29400.0,980.0
1760,1760,2006.10.12,29150.0,300.0,29500.0,30400.0,29100.0,3521.0
1761,1761,2006.10.13,29550.0,400.0,29150.0,30350.0,29150.0,4710.0
1762,1762,2006.10.16,30050.0,500.0,30900.0,30900.0,29900.0,1741.0
1763,1763,2006.10.17,30200.0,150.0,29900.0,30500.0,29900.0,883.0
1764,1764,2006.10.18,31000.0,800.0,30200.0,31150.0,30200.0,520.0
1765,1765,2006.10.19,30900.0,100.0,31000.0,31050.0,30500.0,307.0
1766,1766,2006.10.20,31300.0,400.0,31000.0,31600.0,31000.0,1020.0
1767,1767,2006.10.23,31100.0,200.0,31200.0,31800.0,31100.0,1713.0
1768,1768,2006.10.24,31800.0,700.0,31300.0,32000.0,31300.0,2521.0
1769,1769,2006.10.25,32400.0,600.0,32500.0,33000.0,32400.0,4110.0
1770,1770,2006.10.26,34500.0,2100.0,32500.0,34500.0,32500.0,3940.0
1771,1771,2006.10.27,34000.0,500.0,34750.0,34750.0,33600.0,1510.0
1772,1772,2006.10.30,32800.0,1200.0,33100.0,33700.0,32800.0,1320.0
1773,1773,2006.10.31,32900.0,100.0,32550.0,33800.0,32550.0,2390.0
1774,1774,2006.11.01,33200.0,300.0,32900.0,33350.0,32600.0,2670.0
1775,1775,2006.11.02,32900.0,300.0,33900.0,34300.0,32750.0,2590.0
1776,1776,2006.11.03,33000.0,100.0,32850.0,33750.0,32850.0,1460.0
1777,1777,2006.11.06,33500.0,500.0,33000.0,33500.0,33000.0,1390.0
1778,1778,2006.11.07,34700.0,1200.0,34500.0,34700.0,34000.0,5600.0
1779,1779,2006.11.08,35200.0,500.0,34600.0,35200.0,34600.0,3160.0
1780,1780,2006.11.09,35550.0,350.0,35900.0,35900.0,35500.0,870.0
1781,1781,2006.11.10,35800.0,250.0,35600.0,35800.0,35600.0,990.0
1782,1782,2006.11.13,35800.0,0.0,35750.0,35800.0,35600.0,340.0
1783,1783,2006.11.14,36200.0,400.0,35800.0,36300.0,35800.0,1540.0
1784,1784,2006.11.15,36400.0,200.0,35800.0,36400.0,35800.0,160.0
1785,1785,2006.11.16,36200.0,200.0,36400.0,36400.0,36100.0,450.0
1786,1786,2006.11.17,37350.0,1150.0,36200.0,38000.0,36000.0,1850.0
1787,1787,2006.11.20,37350.0,0.0,37350.0,37950.0,36100.0,1260.0
1788,1788,2006.11.21,36950.0,400.0,36450.0,37000.0,36450.0,800.0
1789,1789,2006.11.22,36250.0,700.0,36400.0,36550.0,36000.0,2580.0
1790,1790,2006.11.23,37500.0,1250.0,36250.0,37800.0,36250.0,930.0
1791,1791,2006.11.24,36800.0,700.0,37350.0,37400.0,36700.0,234.0
1792,1792,2006.11.27,36250.0,550.0,37000.0,38500.0,36150.0,820.0
1793,1793,2006.11.28,36950.0,700.0,36000.0,36950.0,36000.0,430.0
1794,1794,2006.11.29,36600.0,350.0,36950.0,36950.0,36550.0,1060.0
1795,1795,2006.11.30,38200.0,1600.0,37400.0,38900.0,36600.0,6500.0
1796,1796,2006.12.01,39500.0,1300.0,38000.0,39850.0,38000.0,5060.0
1797,1797,2006.12.04,38700.0,800.0,39000.0,39500.0,38550.0,2605.0
1798,1798,2006.12.05,39600.0,900.0,38500.0,39650.0,38500.0,24073.0
1799,1799,2006.12.06,38450.0,1150.0,39500.0,39500.0,38450.0,2030.0
1800,1800,2006.12.07,38300.0,150.0,38400.0,38450.0,38200.0,590.0
1801,1801,2006.12.08,38100.0,200.0,38000.0,38300.0,38000.0,1360.0
1802,1802,2006.12.11,38100.0,0.0,39900.0,39900.0,38100.0,1240.0
1803,1803,2006.12.12,38150.0,50.0,38000.0,38250.0,38000.0,1310.0
1804,1804,2006.12.13,39500.0,1350.0,38300.0,42300.0,38300.0,10370.0
1805,1805,2006.12.14,39500.0,0.0,39800.0,40000.0,39500.0,1642.0
1806,1806,2006.12.15,39500.0,0.0,39150.0,39800.0,39150.0,590.0
1807,1807,2006.12.18,39500.0,0.0,39500.0,39800.0,39000.0,1390.0
1808,1808,2006.12.19,39000.0,500.0,39500.0,39500.0,38800.0,1500.0
1809,1809,2006.12.20,39000.0,0.0,39000.0,39500.0,39000.0,1540.0
1810,1810,2006.12.21,39300.0,300.0,39500.0,39500.0,38500.0,1980.0
1811,1811,2006.12.22,40000.0,700.0,39900.0,40200.0,39500.0,24533.0
1812,1812,2006.12.26,39000.0,1000.0,40500.0,40500.0,38650.0,1570.0
1813,1813,2006.12.27,40800.0,1800.0,41500.0,41500.0,38500.0,1280.0
1814,1814,2006.12.28,40950.0,150.0,39050.0,41000.0,39050.0,4180.0
1815,1815,2007.01.02,39100.0,1850.0,40350.0,41000.0,38700.0,1721.0
1816,1816,2007.01.03,37800.0,1300.0,38400.0,38400.0,37600.0,5630.0
1817,1817,2007.01.04,37700.0,100.0,37100.0,37850.0,36650.0,1090.0
1818,1818,2007.01.05,39300.0,1600.0,41000.0,41000.0,37300.0,1860.0
1819,1819,2007.01.08,38500.0,800.0,38500.0,38500.0,38500.0,610.0
1820,1820,2007.01.09,39000.0,500.0,39000.0,39000.0,39000.0,580.0
1821,1821,2007.01.10,39000.0,0.0,39000.0,39000.0,38000.0,140.0
1822,1822,2007.01.11,39000.0,0.0,39000.0,39000.0,39000.0,660.0
1823,1823,2007.01.12,39950.0,950.0,38100.0,40000.0,38100.0,460.0
1824,1824,2007.01.15,39950.0,0.0,39950.0,39950.0,39950.0,510.0
1825,1825,2007.01.16,38800.0,1150.0,39500.0,39500.0,38550.0,910.0
1826,1826,2007.01.17,38500.0,300.0,38200.0,38800.0,38000.0,1480.0
1827,1827,2007.01.18,38300.0,200.0,38100.0,38300.0,37500.0,1960.0
1828,1828,2007.01.19,37100.0,1200.0,38000.0,38000.0,37000.0,2110.0
1829,1829,2007.01.22,37000.0,100.0,37100.0,37100.0,36100.0,920.0
1830,1830,2007.01.23,38500.0,1500.0,37000.0,38900.0,37000.0,41.0
1831,1831,2007.01.24,38500.0,0.0,37300.0,38800.0,37300.0,2490.0
1832,1832,2007.01.25,40000.0,1500.0,38050.0,40500.0,38050.0,2670.0
1833,1833,2007.01.26,39500.0,500.0,39500.0,39500.0,38550.0,5340.0
1834,1834,2007.01.29,39350.0,150.0,38250.0,39350.0,38250.0,90.0
1835,1835,2007.01.30,39100.0,250.0,39500.0,39500.0,39100.0,660.0
1836,1836,2007.01.31,39500.0,400.0,39500.0,39500.0,39000.0,4240.0
1837,1837,2007.02.01,39950.0,450.0,39500.0,40000.0,39500.0,3371.0
1838,1838,2007.02.02,40700.0,750.0,39200.0,40700.0,39200.0,1090.0
1839,1839,2007.02.05,41500.0,800.0,40500.0,41500.0,40000.0,6810.0
1840,1840,2007.02.06,41000.0,500.0,41000.0,41450.0,40500.0,28010.0
1841,1841,2007.02.07,40000.0,1000.0,40050.0,40500.0,40000.0,1180.0
1842,1842,2007.02.08,40950.0,950.0,40000.0,40950.0,40000.0,19630.0
1843,1843,2007.02.09,41000.0,50.0,40400.0,41000.0,40400.0,100.0
1844,1844,2007.02.12,40900.0,100.0,41100.0,41100.0,40900.0,30.0
1845,1845,2007.02.13,40400.0,500.0,40850.0,40850.0,39400.0,320.0
1846,1846,2007.02.14,39000.0,1400.0,40650.0,40650.0,38600.0,2295.0
1847,1847,2007.02.15,38950.0,50.0,39500.0,39500.0,38900.0,2410.0
1848,1848,2007.02.16,39100.0,150.0,38950.0,40500.0,38950.0,860.0
1849,1849,2007.02.20,39100.0,0.0,38500.0,39100.0,38500.0,130.0
1850,1850,2007.02.21,38250.0,850.0,38600.0,38600.0,38250.0,360.0
1851,1851,2007.02.22,37800.0,450.0,38000.0,38050.0,37700.0,670.0
1852,1852,2007.02.23,38500.0,700.0,38100.0,38500.0,37800.0,760.0
1853,1853,2007.02.26,37450.0,1050.0,38700.0,38700.0,37150.0,3130.0
1854,1854,2007.02.27,37250.0,200.0,37200.0,37800.0,37000.0,2952.0
1855,1855,2007.02.28,36300.0,950.0,36300.0,36850.0,36000.0,680.0
1856,1856,2007.03.02,37900.0,1600.0,37200.0,38400.0,37200.0,510.0
1857,1857,2007.03.05,36700.0,1200.0,36700.0,36700.0,36700.0,58.0
1858,1858,2007.03.06,38000.0,1300.0,36950.0,38100.0,36950.0,1030.0
1859,1859,2007.03.07,38000.0,0.0,39000.0,39150.0,37850.0,568.0
1860,1860,2007.03.08,39000.0,1000.0,39000.0,39450.0,39000.0,130.0
1861,1861,2007.03.09,37400.0,1600.0,38500.0,39000.0,37300.0,360.0
1862,1862,2007.03.12,37900.0,500.0,37800.0,38800.0,36500.0,1070.0
1863,1863,2007.03.13,37900.0,0.0,37850.0,38000.0,37500.0,310.0
1864,1864,2007.03.14,37000.0,900.0,36500.0,37000.0,36500.0,290.0
1865,1865,2007.03.15,37900.0,900.0,36100.0,37900.0,36100.0,130.0
1866,1866,2007.03.16,37900.0,0.0,37500.0,37900.0,37100.0,520.0
1867,1867,2007.03.19,36950.0,950.0,37500.0,38300.0,36600.0,2016.0
1868,1868,2007.03.20,37000.0,50.0,36800.0,37000.0,36600.0,510.0
1869,1869,2007.03.21,36400.0,600.0,36450.0,37300.0,36400.0,850.0
1870,1870,2007.03.22,36900.0,500.0,36200.0,37000.0,36000.0,1100.0
1871,1871,2007.03.23,37000.0,100.0,36900.0,37400.0,36600.0,1570.0
1872,1872,2007.03.26,36750.0,250.0,38900.0,38900.0,36000.0,3110.0
1873,1873,2007.03.27,36300.0,450.0,36600.0,36600.0,36200.0,310.0
1874,1874,2007.03.28,36650.0,350.0,36200.0,36650.0,36100.0,1455.0
1875,1875,2007.03.29,36700.0,50.0,36850.0,36900.0,36200.0,380.0
1876,1876,2007.03.30,36400.0,300.0,36700.0,36850.0,36300.0,330.0
1877,1877,2007.04.02,36700.0,300.0,37400.0,37400.0,36700.0,4380.0
1878,1878,2007.04.03,36900.0,200.0,37000.0,37000.0,36500.0,4220.0
1879,1879,2007.04.04,37000.0,100.0,37550.0,37950.0,36650.0,2836.0
1880,1880,2007.04.05,36600.0,400.0,36600.0,37000.0,36600.0,6360.0
1881,1881,2007.04.06,36100.0,500.0,36600.0,36650.0,36000.0,3040.0
1882,1882,2007.04.09,36700.0,600.0,36200.0,36850.0,36200.0,1440.0
1883,1883,2007.04.10,36400.0,300.0,36700.0,36800.0,36150.0,5320.0
1884,1884,2007.04.11,36550.0,150.0,36500.0,36900.0,36500.0,11220.0
1885,1885,2007.04.12,36450.0,100.0,36500.0,36600.0,36450.0,2680.0
1886,1886,2007.04.13,36600.0,150.0,36500.0,36600.0,36350.0,6500.0
1887,1887,2007.04.16,36700.0,100.0,37250.0,37250.0,36650.0,5790.0
1888,1888,2007.04.17,37100.0,400.0,36700.0,38400.0,36650.0,12364.0
1889,1889,2007.04.18,37500.0,400.0,37100.0,38200.0,37100.0,10100.0
1890,1890,2007.04.19,37600.0,100.0,38200.0,38200.0,37500.0,5010.0
1891,1891,2007.04.20,37900.0,300.0,37600.0,38000.0,37600.0,29391.0
1892,1892,2007.04.23,38050.0,150.0,38000.0,38300.0,37900.0,37646.0
1893,1893,2007.04.24,39000.0,950.0,38850.0,40000.0,38200.0,181656.0
1894,1894,2007.04.25,41450.0,2450.0,39000.0,42500.0,39000.0,65451.0
1895,1895,2007.04.26,42200.0,750.0,40900.0,42400.0,40100.0,27095.0
1896,1896,2007.04.27,40550.0,1650.0,42200.0,42200.0,40400.0,34096.0
1897,1897,2007.04.30,42000.0,1450.0,40050.0,42000.0,40000.0,16910.0
1898,1898,2007.05.02,41450.0,550.0,41100.0,41900.0,40800.0,24961.0
1899,1899,2007.05.03,41400.0,50.0,41200.0,41650.0,41200.0,9830.0
1900,1900,2007.05.04,40350.0,1050.0,41100.0,41100.0,40000.0,9600.0
1901,1901,2007.05.07,40350.0,0.0,40500.0,40600.0,40100.0,7660.0
1902,1902,2007.05.08,40400.0,50.0,41700.0,41700.0,40000.0,10008.0
1903,1903,2007.05.09,40100.0,300.0,40250.0,40300.0,39800.0,21831.0
1904,1904,2007.05.10,42900.0,2800.0,40100.0,43500.0,40000.0,20770.0
1905,1905,2007.05.11,42000.0,900.0,42050.0,42500.0,41850.0,7022.0
1906,1906,2007.05.14,42000.0,0.0,42900.0,42900.0,41000.0,9480.0
1907,1907,2007.05.15,41300.0,700.0,42500.0,42700.0,41300.0,11840.0
1908,1908,2007.05.16,40100.0,1200.0,40350.0,40950.0,39950.0,5492.0
1909,1909,2007.05.17,40800.0,700.0,40250.0,41850.0,40100.0,4260.0
1910,1910,2007.05.18,41750.0,950.0,40250.0,42000.0,40250.0,9561.0
1911,1911,2007.05.21,42000.0,250.0,40650.0,42650.0,40650.0,19861.0
1912,1912,2007.05.22,42750.0,750.0,42100.0,42900.0,41550.0,24423.0
1913,1913,2007.05.23,43000.0,250.0,42200.0,43000.0,42000.0,17914.0
1914,1914,2007.05.25,44200.0,1200.0,42000.0,44500.0,42000.0,14852.0
1915,1915,2007.05.28,46050.0,1850.0,44200.0,46200.0,44200.0,11530.0
1916,1916,2007.05.29,47400.0,1350.0,46000.0,47500.0,45450.0,13150.0
1917,1917,2007.05.30,46800.0,600.0,48000.0,48000.0,46000.0,15540.0
1918,1918,2007.05.31,46500.0,300.0,47000.0,47800.0,46100.0,16481.0
1919,1919,2007.06.01,46200.0,300.0,46900.0,49300.0,46200.0,25290.0
1920,1920,2007.06.04,46900.0,700.0,46100.0,47000.0,45250.0,9530.0
1921,1921,2007.06.05,47000.0,100.0,46200.0,47500.0,46100.0,12100.0
1922,1922,2007.06.07,47900.0,900.0,46800.0,48500.0,45800.0,3150.0
1923,1923,2007.06.08,48500.0,600.0,47800.0,48500.0,46500.0,5620.0
1924,1924,2007.06.11,48000.0,500.0,48100.0,48250.0,47050.0,19550.0
1925,1925,2007.06.12,47000.0,1000.0,48000.0,48000.0,46500.0,4533.0
1926,1926,2007.06.13,44800.0,2200.0,47800.0,47800.0,44500.0,23240.0
1927,1927,2007.06.14,43600.0,1200.0,45000.0,45700.0,43600.0,20430.0
1928,1928,2007.06.15,44800.0,1200.0,43750.0,44900.0,43750.0,6702.0
1929,1929,2007.06.18,45200.0,400.0,44300.0,46000.0,44300.0,14050.0
1930,1930,2007.06.19,44600.0,600.0,45500.0,45700.0,44400.0,11276.0
1931,1931,2007.06.20,43500.0,1100.0,44250.0,44600.0,43400.0,13674.0
1932,1932,2007.06.21,43200.0,300.0,43500.0,43800.0,42950.0,6690.0
1933,1933,2007.06.22,42500.0,700.0,43200.0,43450.0,42100.0,4590.0
1934,1934,2007.06.25,42750.0,250.0,42450.0,44400.0,42000.0,11720.0
1935,1935,2007.06.26,42700.0,50.0,42500.0,42800.0,42200.0,9971.0
1936,1936,2007.06.27,42100.0,600.0,42100.0,42700.0,41800.0,4986.0
1937,1937,2007.06.28,42100.0,0.0,44000.0,44000.0,42050.0,12330.0
1938,1938,2007.06.29,42100.0,0.0,42250.0,42800.0,42100.0,4610.0
1939,1939,2007.07.02,42800.0,700.0,43350.0,43400.0,42100.0,5030.0
1940,1940,2007.07.03,43800.0,1000.0,43400.0,43950.0,43000.0,6700.0
1941,1941,2007.07.04,44500.0,700.0,44000.0,44500.0,44000.0,5920.0
1942,1942,2007.07.05,44400.0,100.0,44000.0,45250.0,43600.0,7320.0
1943,1943,2007.07.06,44250.0,150.0,44500.0,44500.0,43500.0,4990.0
1944,1944,2007.07.09,44100.0,150.0,44300.0,44450.0,43700.0,5535.0
1945,1945,2007.07.10,44750.0,650.0,44100.0,44950.0,44100.0,3690.0
1946,1946,2007.07.11,44600.0,150.0,44750.0,44750.0,44150.0,3740.0
1947,1947,2007.07.12,44250.0,350.0,44250.0,44600.0,44050.0,9850.0
1948,1948,2007.07.13,44850.0,600.0,44900.0,44900.0,44250.0,10760.0
1949,1949,2007.07.16,45500.0,650.0,45050.0,47300.0,44600.0,15182.0
1950,1950,2007.07.18,47350.0,1850.0,45300.0,48000.0,45000.0,14590.0
1951,1951,2007.07.19,46400.0,950.0,46300.0,46800.0,46300.0,45020.0
1952,1952,2007.07.20,46700.0,300.0,45800.0,46750.0,45800.0,10134.0
1953,1953,2007.07.23,47000.0,300.0,46750.0,47600.0,46750.0,9714.0
1954,1954,2007.07.24,46000.0,1000.0,46700.0,47050.0,45700.0,10684.0
1955,1955,2007.07.25,45000.0,1000.0,45200.0,45800.0,44700.0,33090.0
1956,1956,2007.07.26,45200.0,200.0,45500.0,45900.0,44500.0,12970.0
1957,1957,2007.07.27,44800.0,400.0,45400.0,45400.0,43100.0,15990.0
1958,1958,2007.07.30,43450.0,1350.0,43400.0,43700.0,42800.0,12314.0
1959,1959,2007.07.31,43500.0,50.0,43450.0,44400.0,43100.0,9528.0
1960,1960,2007.08.01,42800.0,700.0,43500.0,44050.0,42000.0,18940.0
1961,1961,2007.08.02,43500.0,700.0,43550.0,44000.0,42700.0,10322.0
1962,1962,2007.08.03,45000.0,1500.0,43550.0,45250.0,43550.0,6451.0
1963,1963,2007.08.06,44050.0,950.0,44000.0,44150.0,43050.0,2140.0
1964,1964,2007.08.07,44000.0,50.0,44050.0,44200.0,43400.0,6586.0
1965,1965,2007.08.08,43250.0,750.0,43400.0,43950.0,42950.0,13446.0
1966,1966,2007.08.09,44000.0,750.0,44900.0,44900.0,43250.0,3602.0
1967,1967,2007.08.10,42900.0,1100.0,42500.0,43500.0,42500.0,3340.0
1968,1968,2007.08.13,42900.0,0.0,42250.0,43800.0,42250.0,3600.0
1969,1969,2007.08.14,42900.0,0.0,43400.0,43600.0,41900.0,4260.0
1970,1970,2007.08.16,41000.0,1900.0,42000.0,42000.0,40000.0,4740.0
1971,1971,2007.08.17,38600.0,2400.0,40500.0,40500.0,37100.0,7058.0
1972,1972,2007.08.20,43350.0,4750.0,40500.0,43350.0,39500.0,7790.0
1973,1973,2007.08.21,44000.0,650.0,43000.0,44000.0,41050.0,7520.0
1974,1974,2007.08.22,42600.0,1400.0,44000.0,44500.0,42600.0,1370.0
1975,1975,2007.08.23,44350.0,1750.0,43950.0,44500.0,43100.0,6010.0
1976,1976,2007.08.24,44700.0,350.0,43050.0,44700.0,43050.0,1810.0
1977,1977,2007.08.27,44800.0,100.0,44700.0,45000.0,43900.0,2460.0
1978,1978,2007.08.28,44200.0,600.0,44800.0,44800.0,43800.0,1084.0
1979,1979,2007.08.29,43100.0,1100.0,44100.0,44100.0,43100.0,712.0
1980,1980,2007.08.30,43150.0,50.0,44500.0,44500.0,43150.0,580.0
1981,1981,2007.08.31,45000.0,1850.0,44000.0,45050.0,43650.0,10341.0
1982,1982,2007.09.03,44700.0,300.0,45000.0,45000.0,44000.0,796.0
1983,1983,2007.09.04,44000.0,700.0,45000.0,45000.0,44000.0,260.0
1984,1984,2007.09.05,45000.0,1000.0,44650.0,45450.0,44000.0,6460.0
1985,1985,2007.09.06,44500.0,500.0,44950.0,44950.0,44000.0,2590.0
1986,1986,2007.09.07,44600.0,100.0,44700.0,44700.0,44500.0,2541.0
1987,1987,2007.09.10,43800.0,800.0,44000.0,44100.0,43100.0,3770.0
1988,1988,2007.09.11,44000.0,200.0,44500.0,44700.0,43150.0,4580.0
1989,1989,2007.09.12,44000.0,0.0,43700.0,45000.0,43700.0,3051.0
1990,1990,2007.09.13,44150.0,150.0,44000.0,44400.0,43250.0,2630.0
1991,1991,2007.09.14,44050.0,100.0,43700.0,44100.0,43500.0,4820.0
1992,1992,2007.09.17,44000.0,50.0,44050.0,44300.0,44000.0,472.0
1993,1993,2007.09.18,43600.0,400.0,44600.0,44600.0,43000.0,1160.0
1994,1994,2007.09.19,44300.0,700.0,43600.0,44400.0,43100.0,3990.0
1995,1995,2007.09.20,44250.0,50.0,44000.0,44500.0,43800.0,3870.0
1996,1996,2007.09.21,43950.0,300.0,44250.0,44250.0,40050.0,2550.0
1997,1997,2007.09.27,43050.0,900.0,43950.0,44200.0,43050.0,2230.0
1998,1998,2007.09.28,43300.0,250.0,43100.0,43400.0,43050.0,2130.0
1999,1999,2007.10.01,43500.0,200.0,43100.0,43650.0,42700.0,6820.0
2000,2000,2007.10.02,44500.0,1000.0,44900.0,44900.0,43500.0,4020.0
2001,2001,2007.10.04,44000.0,500.0,44500.0,44500.0,43300.0,66030.0
2002,2002,2007.10.05,43450.0,550.0,44000.0,44000.0,43100.0,3600.0
2003,2003,2007.10.08,42900.0,550.0,43450.0,43950.0,42550.0,8252.0
2004,2004,2007.10.09,41750.0,1150.0,42600.0,42600.0,41000.0,11138.0
2005,2005,2007.10.10,41700.0,50.0,42000.0,42200.0,41600.0,6760.0
2006,2006,2007.10.11,40750.0,950.0,41700.0,41700.0,40550.0,9050.0
2007,2007,2007.10.12,40700.0,50.0,40100.0,40750.0,40100.0,5544.0
2008,2008,2007.10.15,41000.0,300.0,40950.0,41050.0,40300.0,5590.0
2009,2009,2007.10.16,41000.0,0.0,40400.0,41250.0,40400.0,4500.0
2010,2010,2007.10.17,40900.0,100.0,40750.0,41000.0,40100.0,5560.0
2011,2011,2007.10.18,40700.0,200.0,40900.0,40900.0,40500.0,5431.0
2012,2012,2007.10.19,40750.0,50.0,40950.0,41000.0,40700.0,8071.0
2013,2013,2007.10.22,41400.0,650.0,40100.0,41500.0,38100.0,6070.0
2014,2014,2007.10.23,39900.0,1500.0,41000.0,41000.0,39800.0,8721.0
2015,2015,2007.10.24,39900.0,0.0,40000.0,40500.0,39700.0,2480.0
2016,2016,2007.10.25,39300.0,600.0,39100.0,39900.0,39000.0,2730.0
2017,2017,2007.10.26,38900.0,400.0,39000.0,39000.0,38100.0,7880.0
2018,2018,2007.10.29,39500.0,600.0,38900.0,40500.0,38600.0,2910.0
2019,2019,2007.10.30,39500.0,0.0,39950.0,40450.0,39200.0,17411.0
2020,2020,2007.10.31,38800.0,700.0,38150.0,38950.0,38150.0,1812.0
2021,2021,2007.11.01,38250.0,550.0,39400.0,39400.0,38150.0,5340.0
2022,2022,2007.11.02,37900.0,350.0,38250.0,38250.0,37300.0,2150.0
2023,2023,2007.11.05,37850.0,50.0,37250.0,38000.0,37250.0,6610.0
2024,2024,2007.11.06,38850.0,1000.0,37850.0,39500.0,37450.0,7690.0
2025,2025,2007.11.07,38000.0,850.0,38000.0,38500.0,37800.0,6120.0
2026,2026,2007.11.08,37000.0,1000.0,37350.0,37750.0,37000.0,2630.0
2027,2027,2007.11.09,36200.0,800.0,37000.0,37000.0,36200.0,2500.0
2028,2028,2007.11.12,35150.0,1050.0,36200.0,36200.0,35100.0,3637.0
2029,2029,2007.11.13,36000.0,850.0,35150.0,36500.0,35150.0,3170.0
2030,2030,2007.11.14,36300.0,300.0,36300.0,37000.0,36300.0,1297.0
2031,2031,2007.11.15,37400.0,1100.0,36850.0,37500.0,36150.0,1190.0
2032,2032,2007.11.16,37000.0,400.0,36100.0,37100.0,36100.0,3660.0
2033,2033,2007.11.19,37000.0,0.0,37500.0,37500.0,36700.0,2560.0
2034,2034,2007.11.20,37000.0,0.0,36900.0,37200.0,35150.0,6420.0
2035,2035,2007.11.21,35650.0,1350.0,37700.0,37700.0,35600.0,3730.0
2036,2036,2007.11.22,35900.0,250.0,36200.0,36250.0,35050.0,2070.0
2037,2037,2007.11.23,35750.0,150.0,36000.0,36000.0,35050.0,1820.0
2038,2038,2007.11.26,37100.0,1350.0,35300.0,37500.0,35300.0,5912.0
2039,2039,2007.11.27,37900.0,800.0,36800.0,37900.0,36450.0,2702.0
2040,2040,2007.11.28,37500.0,400.0,38000.0,38000.0,37400.0,1420.0
2041,2041,2007.11.29,37000.0,500.0,38000.0,38000.0,36750.0,1330.0
2042,2042,2007.11.30,36550.0,450.0,36000.0,36650.0,36000.0,1230.0
2043,2043,2007.12.03,35950.0,600.0,36550.0,36550.0,35600.0,1050.0
2044,2044,2007.12.04,35950.0,0.0,35800.0,35950.0,35750.0,563.0
2045,2045,2007.12.05,36600.0,650.0,35300.0,36850.0,35300.0,3443.0
2046,2046,2007.12.06,37450.0,850.0,36200.0,37850.0,36200.0,12232.0
2047,2047,2007.12.07,37300.0,150.0,36800.0,39000.0,36800.0,6663.0
2048,2048,2007.12.10,37150.0,150.0,37300.0,37300.0,37050.0,1670.0
2049,2049,2007.12.11,36200.0,950.0,36700.0,36700.0,35500.0,6111.0
2050,2050,2007.12.12,35950.0,250.0,36250.0,36300.0,35750.0,1571.0
2051,2051,2007.12.13,35700.0,250.0,35950.0,36300.0,35600.0,2600.0
2052,2052,2007.12.14,35900.0,200.0,36500.0,36550.0,35900.0,2461.0
2053,2053,2007.12.17,35300.0,600.0,35600.0,35950.0,35300.0,7010.0
2054,2054,2007.12.18,35750.0,450.0,35300.0,35750.0,35250.0,5251.0
2055,2055,2007.12.20,35200.0,550.0,36500.0,36900.0,35200.0,9220.0
2056,2056,2007.12.21,34500.0,700.0,35500.0,36000.0,34500.0,144722.0
2057,2057,2007.12.24,34600.0,100.0,35000.0,35000.0,34250.0,10500.0
2058,2058,2007.12.26,34700.0,100.0,34550.0,34700.0,34000.0,8416.0
2059,2059,2007.12.27,35800.0,1100.0,34700.0,36750.0,34650.0,4881.0
2060,2060,2007.12.28,36250.0,450.0,34700.0,36600.0,34700.0,5821.0
2061,2061,2008.01.02,35700.0,550.0,36250.0,37050.0,35700.0,3611.0
2062,2062,2008.01.03,36350.0,650.0,36350.0,36350.0,35650.0,5960.0
2063,2063,2008.01.04,35900.0,450.0,36850.0,36850.0,35700.0,4020.0
2064,2064,2008.01.07,35750.0,150.0,35050.0,35750.0,34600.0,1380.0
2065,2065,2008.01.08,36000.0,250.0,35750.0,36000.0,35000.0,4530.0
2066,2066,2008.01.09,35650.0,350.0,36550.0,36550.0,35400.0,2250.0
2067,2067,2008.01.10,35500.0,150.0,35750.0,35800.0,35500.0,1311.0
2068,2068,2008.01.11,35400.0,100.0,35250.0,35450.0,35150.0,1200.0
2069,2069,2008.01.14,35100.0,300.0,35400.0,35400.0,34950.0,2460.0
2070,2070,2008.01.15,34650.0,450.0,34900.0,35000.0,33800.0,1760.0
2071,2071,2008.01.16,33000.0,1650.0,34000.0,34100.0,32900.0,1966.0
2072,2072,2008.01.17,31000.0,2000.0,33350.0,33350.0,30550.0,6720.0
2073,2073,2008.01.18,30900.0,100.0,30950.0,31200.0,30300.0,6693.0
2074,2074,2008.01.21,30650.0,250.0,30850.0,30900.0,30300.0,3410.0
2075,2075,2008.01.22,28400.0,2250.0,30600.0,30600.0,27150.0,7290.0
2076,2076,2008.01.23,28600.0,200.0,28450.0,29100.0,28200.0,6550.0
2077,2077,2008.01.24,28800.0,200.0,28600.0,29100.0,28250.0,10102.0
2078,2078,2008.01.25,28750.0,50.0,28700.0,29100.0,28300.0,8458.0
2079,2079,2008.01.28,26950.0,1800.0,28700.0,28700.0,26950.0,8994.0
2080,2080,2008.01.29,26300.0,650.0,27300.0,27350.0,25900.0,15863.0
2081,2081,2008.01.30,26500.0,200.0,26500.0,26600.0,25700.0,7610.0
2082,2082,2008.01.31,26550.0,50.0,26500.0,27050.0,26000.0,16852.0
2083,2083,2008.02.01,26250.0,300.0,27000.0,27000.0,26000.0,8560.0
2084,2084,2008.02.04,26300.0,50.0,26250.0,26800.0,26200.0,31052.0
2085,2085,2008.02.05,26500.0,200.0,26500.0,26550.0,26250.0,13500.0
2086,2086,2008.02.11,25850.0,650.0,25750.0,26200.0,25750.0,7411.0
2087,2087,2008.02.12,27150.0,1300.0,26050.0,27500.0,26050.0,9846.0
2088,2088,2008.02.13,28500.0,1350.0,26900.0,28750.0,26900.0,9875.0
2089,2089,2008.02.14,28700.0,200.0,28500.0,28700.0,28050.0,7833.0
2090,2090,2008.02.15,28200.0,500.0,28700.0,28800.0,28000.0,5021.0
2091,2091,2008.02.18,29400.0,1200.0,28550.0,29500.0,28400.0,11784.0
2092,2092,2008.02.19,29300.0,100.0,29800.0,30000.0,29000.0,6877.0
2093,2093,2008.02.20,28700.0,600.0,28800.0,29100.0,27900.0,5060.0
2094,2094,2008.02.21,28450.0,250.0,28700.0,29000.0,28000.0,1720.0
2095,2095,2008.02.22,29200.0,750.0,28450.0,29600.0,28000.0,7210.0
2096,2096,2008.02.25,28950.0,250.0,28900.0,29150.0,28000.0,3390.0
2097,2097,2008.02.26,28500.0,450.0,29300.0,29800.0,28300.0,1880.0
2098,2098,2008.02.27,28300.0,200.0,28500.0,28750.0,28100.0,2471.0
2099,2099,2008.02.28,28900.0,600.0,29000.0,29100.0,28200.0,7800.0
2100,2100,2008.02.29,28800.0,100.0,29200.0,29200.0,28300.0,4230.0
2101,2101,2008.03.03,28300.0,500.0,28500.0,29300.0,28200.0,1750.0
2102,2102,2008.03.04,28200.0,100.0,28300.0,28500.0,28200.0,1360.0
2103,2103,2008.03.05,28600.0,400.0,28500.0,28600.0,28150.0,2520.0
2104,2104,2008.03.06,28750.0,150.0,28600.0,29000.0,28350.0,3070.0
2105,2105,2008.03.07,28700.0,50.0,28600.0,28800.0,28300.0,4331.0
2106,2106,2008.03.10,28000.0,700.0,28100.0,28150.0,27650.0,2030.0
2107,2107,2008.03.11,27400.0,600.0,27200.0,27650.0,27200.0,1811.0
2108,2108,2008.03.12,27300.0,100.0,28200.0,28750.0,27300.0,4420.0
2109,2109,2008.03.13,27150.0,150.0,27300.0,28700.0,27150.0,2840.0
2110,2110,2008.03.14,27500.0,350.0,27300.0,27850.0,27000.0,7650.0
2111,2111,2008.03.17,27250.0,250.0,26800.0,27250.0,26500.0,1510.0
2112,2112,2008.03.18,27200.0,50.0,27250.0,28400.0,27050.0,660.0
2113,2113,2008.03.19,27400.0,200.0,27250.0,28000.0,27250.0,2000.0
2114,2114,2008.03.20,28050.0,650.0,27400.0,31300.0,27400.0,7850.0
2115,2115,2008.03.21,28750.0,700.0,30000.0,30000.0,28200.0,5001.0
2116,2116,2008.03.24,29950.0,1200.0,31900.0,31900.0,29150.0,4490.0
2117,2117,2008.03.25,30400.0,450.0,30000.0,30400.0,29650.0,3494.0
2118,2118,2008.03.26,29800.0,600.0,30600.0,30600.0,29650.0,2680.0
2119,2119,2008.03.27,30300.0,500.0,29700.0,30300.0,29400.0,3450.0
2120,2120,2008.03.28,30900.0,600.0,29800.0,30900.0,29800.0,3453.0
2121,2121,2008.03.31,30900.0,0.0,31800.0,31800.0,30900.0,9860.0
2122,2122,2008.04.01,31450.0,550.0,30900.0,31450.0,30300.0,2990.0
2123,2123,2008.04.02,30750.0,700.0,32000.0,32000.0,30500.0,6941.0
2124,2124,2008.04.03,29600.0,1150.0,30750.0,31000.0,29600.0,9480.0
2125,2125,2008.04.04,29900.0,300.0,29400.0,30000.0,28450.0,11910.0
2126,2126,2008.04.07,29600.0,300.0,28700.0,29900.0,28700.0,2470.0
2127,2127,2008.04.08,28800.0,800.0,29650.0,29650.0,28700.0,6642.0
2128,2128,2008.04.10,29500.0,700.0,29500.0,30450.0,29100.0,10250.0
2129,2129,2008.04.11,29300.0,200.0,30000.0,30000.0,29200.0,11174.0
2130,2130,2008.04.14,29050.0,250.0,29100.0,29300.0,28900.0,7250.0
2131,2131,2008.04.15,29000.0,50.0,29000.0,29200.0,28800.0,9291.0
2132,2132,2008.04.16,29000.0,0.0,29000.0,29050.0,28800.0,18849.0
2133,2133,2008.04.17,29000.0,0.0,29000.0,29500.0,28950.0,8570.0
2134,2134,2008.04.18,29150.0,150.0,29000.0,29750.0,29000.0,1360.0
2135,2135,2008.04.21,29500.0,350.0,29300.0,29900.0,29150.0,4455.0
2136,2136,2008.04.22,30300.0,800.0,30400.0,30500.0,29950.0,3250.0
2137,2137,2008.04.23,30800.0,500.0,30350.0,30800.0,30100.0,1570.0
2138,2138,2008.04.24,30800.0,0.0,30750.0,30900.0,30250.0,1970.0
2139,2139,2008.04.25,31700.0,900.0,30900.0,31800.0,30900.0,2480.0
2140,2140,2008.04.28,31200.0,500.0,31900.0,31900.0,31000.0,4930.0
2141,2141,2008.04.29,32100.0,900.0,31500.0,32100.0,31100.0,3220.0
2142,2142,2008.04.30,32950.0,850.0,32100.0,33800.0,32050.0,4393.0
2143,2143,2008.05.02,34100.0,1150.0,32600.0,34200.0,32600.0,5705.0
2144,2144,2008.05.06,33600.0,500.0,34100.0,34200.0,33600.0,1964.0
2145,2145,2008.05.07,33600.0,0.0,33500.0,33950.0,32500.0,2890.0
2146,2146,2008.05.08,33350.0,250.0,33200.0,34100.0,33100.0,2620.0
2147,2147,2008.05.09,32900.0,450.0,32750.0,35150.0,32750.0,2000.0
2148,2148,2008.05.13,32850.0,50.0,32100.0,33500.0,32000.0,5033.0
2149,2149,2008.05.14,33000.0,150.0,32500.0,33100.0,32500.0,262.0
2150,2150,2008.05.15,32650.0,350.0,33000.0,33300.0,32200.0,2480.0
2151,2151,2008.05.16,33300.0,650.0,32550.0,33900.0,32500.0,4520.0
2152,2152,2008.05.19,33200.0,100.0,33300.0,34200.0,32950.0,6001.0
2153,2153,2008.05.20,32750.0,450.0,32700.0,33600.0,32300.0,3990.0
2154,2154,2008.05.21,33450.0,700.0,32500.0,33600.0,32500.0,2640.0
2155,2155,2008.05.22,33350.0,100.0,33450.0,34150.0,32850.0,4990.0
2156,2156,2008.05.23,32700.0,650.0,32950.0,33350.0,32600.0,1200.0
2157,2157,2008.05.26,33350.0,650.0,32700.0,33350.0,32200.0,6970.0
2158,2158,2008.05.27,32400.0,950.0,33200.0,33200.0,32350.0,2901.0
2159,2159,2008.05.28,32700.0,300.0,32950.0,32950.0,32050.0,790.0
2160,2160,2008.05.29,32750.0,50.0,33000.0,33000.0,32000.0,5530.0
2161,2161,2008.05.30,32500.0,250.0,33000.0,33000.0,32500.0,1760.0
2162,2162,2008.06.02,32400.0,100.0,32500.0,32500.0,31700.0,1571.0
2163,2163,2008.06.03,31350.0,1050.0,32400.0,32400.0,31100.0,2761.0
2164,2164,2008.06.04,30500.0,850.0,31350.0,31900.0,30500.0,6952.0
2165,2165,2008.06.05,30750.0,250.0,30550.0,30750.0,29800.0,6650.0
2166,2166,2008.06.09,30800.0,50.0,29800.0,30800.0,29500.0,1710.0
2167,2167,2008.06.10,29600.0,1200.0,30900.0,31000.0,29600.0,3201.0
2168,2168,2008.06.11,29850.0,250.0,29950.0,30000.0,29600.0,1780.0
2169,2169,2008.06.12,30200.0,350.0,29600.0,30200.0,29200.0,860.0
2170,2170,2008.06.13,29800.0,400.0,30200.0,30200.0,29000.0,2560.0
2171,2171,2008.06.16,29950.0,150.0,30050.0,30300.0,29500.0,2820.0
2172,2172,2008.06.17,29300.0,650.0,30100.0,30200.0,29250.0,3820.0
2173,2173,2008.06.18,29600.0,300.0,29200.0,29750.0,29000.0,350.0
2174,2174,2008.06.19,29300.0,300.0,29100.0,29800.0,29000.0,4430.0
2175,2175,2008.06.20,28600.0,700.0,29000.0,29000.0,28350.0,3340.0
2176,2176,2008.06.23,27650.0,950.0,28200.0,28500.0,27650.0,7900.0
2177,2177,2008.06.24,28150.0,500.0,27300.0,28200.0,27300.0,2810.0
2178,2178,2008.06.25,27450.0,700.0,28100.0,28100.0,27300.0,4070.0
2179,2179,2008.06.26,27650.0,200.0,27200.0,27650.0,27050.0,2370.0
2180,2180,2008.06.27,27500.0,150.0,27500.0,27800.0,26600.0,3130.0
2181,2181,2008.06.30,26500.0,1000.0,26850.0,27500.0,26500.0,1150.0
2182,2182,2008.07.01,25800.0,700.0,26500.0,26550.0,25750.0,3150.0
2183,2183,2008.07.02,25900.0,100.0,25900.0,26000.0,24600.0,3810.0
2184,2184,2008.07.03,25800.0,100.0,25500.0,25900.0,22250.0,2571.0
2185,2185,2008.07.04,24950.0,850.0,26250.0,26500.0,24650.0,940.0
2186,2186,2008.07.07,24750.0,200.0,23800.0,24750.0,23800.0,180.0
2187,2187,2008.07.08,23950.0,800.0,25000.0,25000.0,23000.0,2040.0
2188,2188,2008.07.09,23800.0,150.0,24750.0,24750.0,23000.0,3445.0
2189,2189,2008.07.10,23350.0,450.0,23300.0,23700.0,22400.0,3735.0
2190,2190,2008.07.11,24000.0,650.0,23750.0,24200.0,23300.0,1040.0
2191,2191,2008.07.14,23600.0,400.0,24300.0,24500.0,23500.0,3670.0
2192,2192,2008.07.15,24200.0,600.0,24100.0,24300.0,23500.0,1300.0
2193,2193,2008.07.16,23500.0,700.0,23550.0,24250.0,23500.0,890.0
2194,2194,2008.07.17,23300.0,200.0,24500.0,24500.0,23050.0,610.0
2195,2195,2008.07.18,23200.0,100.0,23350.0,24200.0,23100.0,1700.0
2196,2196,2008.07.21,23700.0,500.0,24400.0,24400.0,22700.0,48210.0
2197,2197,2008.07.22,23700.0,0.0,23900.0,23900.0,22050.0,2300.0
2198,2198,2008.07.23,23900.0,200.0,23750.0,24400.0,23250.0,2451.0
2199,2199,2008.07.24,24300.0,400.0,23950.0,24350.0,23950.0,762.0
2200,2200,2008.07.25,24300.0,0.0,24500.0,24500.0,23700.0,900.0
2201,2201,2008.07.28,24800.0,500.0,24350.0,24900.0,23900.0,801.0
2202,2202,2008.07.29,24700.0,100.0,24800.0,24900.0,23850.0,710.0
2203,2203,2008.07.30,24150.0,550.0,24700.0,24700.0,23900.0,2030.0
2204,2204,2008.07.31,23550.0,600.0,23750.0,24150.0,23550.0,1670.0
2205,2205,2008.08.01,22850.0,700.0,23400.0,23400.0,22550.0,3110.0
2206,2206,2008.08.04,22200.0,650.0,23000.0,23000.0,21650.0,3050.0
2207,2207,2008.08.05,22250.0,50.0,22200.0,22350.0,21700.0,2790.0
2208,2208,2008.08.06,22250.0,0.0,22250.0,22400.0,21850.0,3090.0
2209,2209,2008.08.07,21800.0,450.0,22000.0,22200.0,21600.0,5560.0
2210,2210,2008.08.08,21750.0,50.0,21750.0,21900.0,21600.0,6781.0
2211,2211,2008.08.11,21800.0,50.0,21750.0,21950.0,21700.0,6380.0
2212,2212,2008.08.12,21750.0,50.0,21400.0,21800.0,21400.0,1900.0
2213,2213,2008.08.13,21750.0,0.0,22000.0,22000.0,21600.0,1030.0
2214,2214,2008.08.14,21700.0,50.0,21350.0,21700.0,21350.0,2419.0
2215,2215,2008.08.18,21950.0,250.0,22000.0,22000.0,21600.0,2690.0
2216,2216,2008.08.19,21600.0,350.0,21900.0,21900.0,21400.0,2610.0
2217,2217,2008.08.20,21300.0,300.0,21200.0,21550.0,21100.0,2170.0
2218,2218,2008.08.21,21200.0,100.0,21250.0,21400.0,20950.0,2010.0
2219,2219,2008.08.22,20800.0,400.0,21100.0,21100.0,20400.0,391.0
2220,2220,2008.08.25,20500.0,300.0,20800.0,21600.0,20500.0,690.0
2221,2221,2008.08.26,19950.0,550.0,20000.0,20200.0,19900.0,3660.0
2222,2222,2008.08.27,19950.0,0.0,20000.0,20000.0,19900.0,3470.0
2223,2223,2008.08.28,19600.0,350.0,20200.0,20200.0,19600.0,2486.0
2224,2224,2008.08.29,19500.0,100.0,20300.0,20300.0,19500.0,6470.0
2225,2225,2008.09.01,18800.0,700.0,20000.0,20000.0,18450.0,5451.0
2226,2226,2008.09.02,17900.0,900.0,19500.0,19500.0,17900.0,2894.0
2227,2227,2008.09.03,18700.0,800.0,18100.0,20000.0,18100.0,2680.0
2228,2228,2008.09.04,18650.0,50.0,18400.0,19500.0,18400.0,3620.0
2229,2229,2008.09.05,18650.0,0.0,18650.0,18850.0,18650.0,1040.0
2230,2230,2008.09.08,19200.0,550.0,19000.0,19300.0,18500.0,39175.0
2231,2231,2008.09.09,18700.0,500.0,19000.0,19000.0,18650.0,25840.0
2232,2232,2008.09.10,18750.0,50.0,18500.0,18750.0,18500.0,21601.0
2233,2233,2008.09.11,19000.0,250.0,19000.0,19000.0,18550.0,42274.0
2234,2234,2008.09.12,19000.0,0.0,19050.0,19400.0,18900.0,101161.0
2235,2235,2008.09.16,17100.0,1900.0,17800.0,17800.0,17000.0,32290.0
2236,2236,2008.09.17,18150.0,1050.0,17700.0,18200.0,17600.0,12522.0
2237,2237,2008.09.18,17500.0,650.0,17350.0,18150.0,17350.0,19840.0
2238,2238,2008.09.19,18150.0,650.0,18100.0,18750.0,18050.0,21551.0
2239,2239,2008.09.22,18400.0,250.0,18600.0,18750.0,18150.0,8781.0
2240,2240,2008.09.23,17950.0,450.0,18350.0,18700.0,17700.0,46263.0
2241,2241,2008.09.24,18550.0,600.0,17700.0,18550.0,17700.0,18266.0
2242,2242,2008.09.25,18400.0,150.0,18150.0,18550.0,18050.0,3340.0
2243,2243,2008.09.26,18100.0,300.0,18200.0,18400.0,17800.0,54811.0
2244,2244,2008.09.29,17450.0,650.0,18300.0,18300.0,17450.0,5875.0
2245,2245,2008.09.30,17250.0,200.0,16600.0,17450.0,16300.0,14870.0
2246,2246,2008.10.01,17000.0,250.0,17200.0,17350.0,16850.0,6385.0
2247,2247,2008.10.02,17000.0,0.0,17000.0,17200.0,16550.0,6680.0
2248,2248,2008.10.06,14750.0,2250.0,16800.0,16800.0,14750.0,55945.0
2249,2249,2008.10.07,14150.0,600.0,14350.0,14600.0,13800.0,25990.0
2250,2250,2008.10.08,12550.0,1600.0,14000.0,14000.0,12100.0,47880.0
2251,2251,2008.10.09,12700.0,150.0,12600.0,13000.0,12300.0,15600.0
2252,2252,2008.10.10,11350.0,1350.0,12000.0,12300.0,11000.0,34260.0
2253,2253,2008.10.13,11850.0,500.0,11850.0,12000.0,11500.0,16052.0
2254,2254,2008.10.14,13550.0,1700.0,13100.0,13600.0,12600.0,23817.0
2255,2255,2008.10.15,12950.0,600.0,13500.0,13550.0,12800.0,4051.0
2256,2256,2008.10.16,11050.0,1900.0,12000.0,12100.0,11050.0,25820.0
2257,2257,2008.10.17,10150.0,900.0,11400.0,11700.0,9610.0,49220.0
2258,2258,2008.10.20,11150.0,1000.0,10150.0,11350.0,10150.0,15283.0
2259,2259,2008.10.21,11450.0,300.0,11300.0,12000.0,11300.0,29150.0
2260,2260,2008.10.22,10400.0,1050.0,11500.0,11500.0,10350.0,14405.0
2261,2261,2008.10.23,9670.0,730.0,10150.0,10150.0,9160.0,40270.0
2262,2262,2008.10.24,8220.0,1450.0,10500.0,10500.0,8220.0,94321.0
2263,2263,2008.10.27,7980.0,240.0,8220.0,8900.0,7620.0,21350.0
2264,2264,2008.10.28,8310.0,330.0,7430.0,8600.0,7290.0,14000.0
2265,2265,2008.10.29,8310.0,0.0,8620.0,9400.0,8000.0,25020.0
2266,2266,2008.10.30,9550.0,1240.0,8800.0,9550.0,8600.0,13626.0
2267,2267,2008.10.31,10950.0,1400.0,10000.0,10950.0,9990.0,30211.0
2268,2268,2008.11.03,11550.0,600.0,10300.0,11850.0,10300.0,12900.0
2269,2269,2008.11.04,11750.0,200.0,11400.0,12800.0,11250.0,38700.0
2270,2270,2008.11.05,12000.0,250.0,11850.0,13000.0,11850.0,38250.0
2271,2271,2008.11.06,10900.0,1100.0,11800.0,11800.0,10550.0,15820.0
2272,2272,2008.11.07,11350.0,450.0,10150.0,11400.0,9950.0,11641.0
2273,2273,2008.11.10,11400.0,50.0,11150.0,11600.0,11050.0,7677.0
2274,2274,2008.11.11,11450.0,50.0,11400.0,11600.0,11000.0,4524.0
2275,2275,2008.11.12,11250.0,200.0,10650.0,11300.0,10650.0,7580.0
2276,2276,2008.11.13,10500.0,750.0,10300.0,10750.0,10100.0,8752.0
2277,2277,2008.11.14,10650.0,150.0,10800.0,11200.0,10650.0,8828.0
2278,2278,2008.11.17,11200.0,550.0,10650.0,11300.0,10500.0,17117.0
2279,2279,2008.11.18,11200.0,0.0,11250.0,11300.0,10900.0,8445.0
2280,2280,2008.11.19,10800.0,400.0,11200.0,11200.0,10450.0,7501.0
2281,2281,2008.11.20,9700.0,1100.0,10150.0,10450.0,9680.0,8262.0
2282,2282,2008.11.21,9800.0,100.0,9200.0,10350.0,9020.0,6422.0
2283,2283,2008.11.24,9750.0,50.0,10250.0,10500.0,9750.0,8712.0
2284,2284,2008.11.25,9830.0,80.0,10450.0,10500.0,9830.0,5000.0
2285,2285,2008.11.26,10250.0,420.0,9880.0,10250.0,9880.0,2040.0
2286,2286,2008.11.27,10550.0,300.0,10700.0,10800.0,10400.0,13470.0
2287,2287,2008.11.28,10750.0,200.0,10600.0,11750.0,10550.0,28290.0
2288,2288,2008.12.01,11200.0,450.0,10750.0,11400.0,10750.0,14520.0
2289,2289,2008.12.02,10700.0,500.0,10600.0,10800.0,10350.0,5821.0
2290,2290,2008.12.03,10650.0,50.0,10900.0,10900.0,10500.0,11020.0
2291,2291,2008.12.04,10600.0,50.0,10950.0,10950.0,10300.0,8211.0
2292,2292,2008.12.05,10900.0,300.0,10500.0,10900.0,10300.0,10070.0
2293,2293,2008.12.08,11400.0,500.0,11000.0,11450.0,10900.0,25324.0
2294,2294,2008.12.09,11650.0,250.0,12250.0,12500.0,11600.0,33067.0
2295,2295,2008.12.10,12700.0,1050.0,11650.0,12900.0,11650.0,59644.0
2296,2296,2008.12.11,13400.0,700.0,12700.0,13900.0,12700.0,29343.0
2297,2297,2008.12.12,13000.0,400.0,13250.0,13800.0,12600.0,40331.0
2298,2298,2008.12.15,14750.0,1750.0,13500.0,14900.0,13400.0,42284.0
2299,2299,2008.12.16,14350.0,400.0,14950.0,15000.0,14200.0,35943.0
2300,2300,2008.12.17,14300.0,50.0,14750.0,14750.0,13100.0,46314.0
2301,2301,2008.12.18,13850.0,450.0,14050.0,14300.0,13850.0,8874.0
2302,2302,2008.12.19,13750.0,100.0,13650.0,14250.0,13550.0,6410.0
2303,2303,2008.12.22,13900.0,150.0,13750.0,14450.0,13650.0,19748.0
2304,2304,2008.12.23,13650.0,250.0,13800.0,14050.0,13200.0,14043.0
2305,2305,2008.12.24,13600.0,50.0,13550.0,13600.0,13100.0,12720.0
2306,2306,2008.12.26,13900.0,300.0,13600.0,13950.0,13600.0,4840.0
2307,2307,2008.12.29,13450.0,450.0,13700.0,13700.0,13150.0,6100.0
2308,2308,2008.12.30,13650.0,200.0,13800.0,13800.0,13450.0,2080.0
2309,2309,2009.01.02,13600.0,50.0,13800.0,13800.0,13300.0,9280.0
2310,2310,2009.01.05,13850.0,250.0,13650.0,13950.0,13400.0,25020.0
2311,2311,2009.01.06,13850.0,0.0,13500.0,14100.0,13500.0,7727.0
2312,2312,2009.01.07,14500.0,650.0,14000.0,14600.0,13900.0,23514.0
2313,2313,2009.01.08,14350.0,150.0,14300.0,14400.0,13800.0,12210.0
2314,2314,2009.01.09,13550.0,800.0,14650.0,14650.0,13550.0,14781.0
2315,2315,2009.01.12,12700.0,850.0,13200.0,13200.0,12700.0,15128.0
2316,2316,2009.01.13,12650.0,50.0,12700.0,12850.0,12400.0,12411.0
2317,2317,2009.01.14,12950.0,300.0,12650.0,13100.0,12600.0,11145.0
2318,2318,2009.01.15,12050.0,900.0,12550.0,12600.0,12050.0,12150.0
2319,2319,2009.01.16,12200.0,150.0,12300.0,12300.0,11800.0,8185.0
2320,2320,2009.01.19,12400.0,200.0,12300.0,12550.0,12100.0,6137.0
2321,2321,2009.01.20,12150.0,250.0,12400.0,12400.0,12050.0,11690.0
2322,2322,2009.01.21,12250.0,100.0,11850.0,12350.0,11500.0,11015.0
2323,2323,2009.01.22,12400.0,150.0,12600.0,12600.0,12300.0,5215.0
2324,2324,2009.01.23,11700.0,700.0,12150.0,12150.0,11550.0,17452.0
2325,2325,2009.01.28,12250.0,550.0,12050.0,12400.0,11850.0,14220.0
2326,2326,2009.01.29,12500.0,250.0,12500.0,12500.0,12150.0,10980.0
2327,2327,2009.01.30,12850.0,350.0,12100.0,12850.0,12100.0,28630.0
2328,2328,2009.02.02,12900.0,50.0,12900.0,13200.0,12600.0,14608.0
2329,2329,2009.02.03,12750.0,150.0,12900.0,12900.0,12550.0,9053.0
2330,2330,2009.02.04,12950.0,200.0,12800.0,13100.0,12800.0,8941.0
2331,2331,2009.02.05,12450.0,500.0,12900.0,12900.0,12450.0,8910.0
2332,2332,2009.02.06,12500.0,50.0,12650.0,12650.0,12300.0,6909.0
2333,2333,2009.02.09,12650.0,150.0,12650.0,12900.0,12450.0,17690.0
2334,2334,2009.02.10,12600.0,50.0,12700.0,12850.0,12400.0,8970.0
2335,2335,2009.02.11,12600.0,0.0,12500.0,12600.0,12000.0,9451.0
2336,2336,2009.02.12,12450.0,150.0,12700.0,12700.0,12400.0,3990.0
2337,2337,2009.02.13,12900.0,450.0,12700.0,13100.0,12500.0,14824.0
2338,2338,2009.02.16,12950.0,50.0,12900.0,13100.0,12800.0,7280.0
2339,2339,2009.02.17,12200.0,750.0,12950.0,12950.0,12150.0,11429.0
2340,2340,2009.02.18,12350.0,150.0,12200.0,12400.0,12000.0,2860.0
2341,2341,2009.02.19,12300.0,50.0,12500.0,12500.0,11800.0,8140.0
2342,2342,2009.02.20,11700.0,600.0,12250.0,12300.0,11500.0,14563.0
2343,2343,2009.02.23,11800.0,100.0,11750.0,11850.0,11550.0,8970.0
2344,2344,2009.02.24,11650.0,150.0,11500.0,11750.0,11500.0,5882.0
2345,2345,2009.02.25,11850.0,200.0,11950.0,11950.0,11600.0,3430.0
2346,2346,2009.02.26,11850.0,0.0,11900.0,11950.0,11700.0,3110.0
2347,2347,2009.02.27,11800.0,50.0,11900.0,11900.0,11650.0,7180.0
2348,2348,2009.03.02,11500.0,300.0,11600.0,11600.0,11400.0,3380.0
2349,2349,2009.03.03,11650.0,150.0,11200.0,11650.0,10900.0,5121.0
2350,2350,2009.03.04,11800.0,150.0,11600.0,11800.0,11500.0,4102.0
2351,2351,2009.03.05,11600.0,200.0,11600.0,11950.0,11600.0,990.0
2352,2352,2009.03.06,11700.0,100.0,11600.0,11800.0,11500.0,220.0
2353,2353,2009.03.09,11900.0,200.0,11900.0,12050.0,11800.0,3043.0
2354,2354,2009.03.10,12000.0,100.0,12000.0,12000.0,11600.0,5780.0
2355,2355,2009.03.11,12250.0,250.0,12400.0,12400.0,12100.0,7960.0
2356,2356,2009.03.12,12100.0,150.0,12100.0,12200.0,12100.0,2740.0
2357,2357,2009.03.13,12100.0,0.0,12100.0,12250.0,12100.0,6274.0
2358,2358,2009.03.16,12250.0,150.0,12150.0,12300.0,12100.0,13630.0
2359,2359,2009.03.17,12900.0,650.0,12250.0,13100.0,12250.0,65640.0
2360,2360,2009.03.18,12900.0,0.0,13150.0,13150.0,12850.0,6930.0
2361,2361,2009.03.19,12800.0,100.0,13100.0,13200.0,12700.0,10430.0
2362,2362,2009.03.20,12950.0,150.0,12700.0,13000.0,12700.0,4190.0
2363,2363,2009.03.23,13250.0,300.0,13150.0,13450.0,13000.0,16090.0
2364,2364,2009.03.24,13800.0,550.0,13600.0,13900.0,13450.0,22060.0
2365,2365,2009.03.25,13850.0,50.0,13850.0,13900.0,13600.0,16211.0
2366,2366,2009.03.26,14250.0,400.0,13850.0,14250.0,13600.0,14049.0
2367,2367,2009.03.27,14550.0,300.0,14250.0,14950.0,14250.0,17070.0
2368,2368,2009.03.30,14050.0,500.0,14600.0,14600.0,13900.0,11743.0
2369,2369,2009.03.31,14100.0,50.0,13850.0,14200.0,13850.0,16930.0
2370,2370,2009.04.01,14250.0,150.0,14150.0,14450.0,14150.0,12762.0
2371,2371,2009.04.02,15300.0,1050.0,14650.0,15500.0,14650.0,35040.0
2372,2372,2009.04.03,15850.0,550.0,15700.0,16300.0,15300.0,37586.0
2373,2373,2009.04.06,16250.0,400.0,16800.0,16800.0,16100.0,12280.0
2374,2374,2009.04.07,16150.0,100.0,16250.0,16250.0,15900.0,18934.0
2375,2375,2009.04.08,15700.0,450.0,15900.0,16150.0,15500.0,12190.0
2376,2376,2009.04.09,16100.0,400.0,15700.0,16500.0,15650.0,20375.0
2377,2377,2009.04.10,16300.0,200.0,16350.0,16650.0,16100.0,20960.0
2378,2378,2009.04.13,16350.0,50.0,16550.0,16650.0,16250.0,11510.0
2379,2379,2009.04.14,16350.0,0.0,16450.0,16450.0,16050.0,7410.0
2380,2380,2009.04.15,15700.0,650.0,16250.0,16250.0,15100.0,18315.0
2381,2381,2009.04.16,15500.0,200.0,15850.0,16150.0,15500.0,28020.0
2382,2382,2009.04.17,15300.0,200.0,15900.0,15900.0,15050.0,19270.0
2383,2383,2009.04.20,15400.0,100.0,15300.0,15400.0,14900.0,12201.0
2384,2384,2009.04.21,15200.0,200.0,15250.0,15250.0,14800.0,7721.0
2385,2385,2009.04.22,15550.0,350.0,15100.0,15600.0,15100.0,10870.0
2386,2386,2009.04.23,15250.0,300.0,15550.0,15600.0,14850.0,11975.0
2387,2387,2009.04.24,15200.0,50.0,15150.0,15450.0,15100.0,10643.0
2388,2388,2009.04.27,15100.0,100.0,15200.0,15250.0,14900.0,9117.0
2389,2389,2009.04.28,14150.0,950.0,14950.0,15100.0,14150.0,9997.0
2390,2390,2009.04.29,14800.0,650.0,14050.0,14850.0,14050.0,6824.0
2391,2391,2009.04.30,15100.0,300.0,14950.0,15200.0,14850.0,5310.0
2392,2392,2009.05.04,15650.0,550.0,15550.0,15750.0,15150.0,9249.0
2393,2393,2009.05.06,16300.0,650.0,15900.0,17100.0,15700.0,54470.0
2394,2394,2009.05.07,16600.0,300.0,17000.0,17000.0,16150.0,16361.0
2395,2395,2009.05.08,16300.0,300.0,16600.0,16700.0,16150.0,8150.0
2396,2396,2009.05.11,16400.0,100.0,16300.0,16600.0,16150.0,5290.0
2397,2397,2009.05.12,15800.0,600.0,16200.0,16500.0,15800.0,8500.0
2398,2398,2009.05.13,16250.0,450.0,16200.0,16300.0,15650.0,7051.0
2399,2399,2009.05.14,15850.0,400.0,16000.0,16500.0,15700.0,12285.0
2400,2400,2009.05.15,15800.0,50.0,15900.0,16450.0,15800.0,12180.0
2401,2401,2009.05.18,15400.0,400.0,15850.0,15850.0,15150.0,13882.0
2402,2402,2009.05.19,15750.0,350.0,15600.0,15900.0,15450.0,21669.0
2403,2403,2009.05.20,15850.0,100.0,15900.0,16150.0,15800.0,11779.0
2404,2404,2009.05.21,15700.0,150.0,15850.0,15950.0,15600.0,11900.0
2405,2405,2009.05.22,15700.0,0.0,15650.0,16000.0,15550.0,12171.0
2406,2406,2009.05.25,16000.0,300.0,15700.0,16050.0,15200.0,22164.0
2407,2407,2009.05.26,15550.0,450.0,16100.0,16100.0,15450.0,9947.0
2408,2408,2009.05.27,15450.0,100.0,15600.0,15800.0,15300.0,10841.0
2409,2409,2009.05.28,15300.0,150.0,15200.0,15700.0,14900.0,7380.0
2410,2410,2009.05.29,15400.0,100.0,15200.0,15750.0,15200.0,8499.0
2411,2411,2009.06.01,15650.0,250.0,15300.0,15700.0,15300.0,14602.0
2412,2412,2009.06.02,15750.0,100.0,15750.0,16200.0,15550.0,33552.0
2413,2413,2009.06.03,15600.0,150.0,15850.0,15850.0,15500.0,5840.0
2414,2414,2009.06.04,15150.0,450.0,15500.0,15600.0,14900.0,7860.0
2415,2415,2009.06.05,15200.0,50.0,15200.0,15300.0,14900.0,6073.0
2416,2416,2009.06.08,15350.0,150.0,15200.0,15400.0,15100.0,3653.0
2417,2417,2009.06.09,15150.0,200.0,15200.0,15650.0,15150.0,4396.0
2418,2418,2009.06.10,15600.0,450.0,15350.0,15600.0,14850.0,4780.0
2419,2419,2009.06.11,15450.0,150.0,15600.0,15600.0,15250.0,4995.0
2420,2420,2009.06.12,15700.0,250.0,15300.0,15900.0,15000.0,16815.0
2421,2421,2009.06.15,15500.0,200.0,15700.0,15700.0,15300.0,3980.0
2422,2422,2009.06.16,15400.0,100.0,15250.0,15450.0,15250.0,1884.0
2423,2423,2009.06.17,15150.0,250.0,15500.0,15500.0,15050.0,5971.0
2424,2424,2009.06.18,15000.0,150.0,15150.0,15300.0,14950.0,11792.0
2425,2425,2009.06.19,15050.0,50.0,15000.0,15100.0,14900.0,5120.0
2426,2426,2009.06.22,15200.0,150.0,15100.0,15450.0,14950.0,2783.0
2427,2427,2009.06.23,14800.0,400.0,14800.0,14950.0,14600.0,6171.0
2428,2428,2009.06.24,14800.0,0.0,14950.0,14950.0,14650.0,7608.0
2429,2429,2009.06.25,15000.0,200.0,14550.0,15050.0,14550.0,1821.0
2430,2430,2009.06.26,15150.0,150.0,15000.0,15150.0,15000.0,1698.0
2431,2431,2009.06.29,15100.0,50.0,15250.0,15250.0,14900.0,4423.0
2432,2432,2009.06.30,15150.0,50.0,14950.0,15150.0,14950.0,1090.0
2433,2433,2009.07.01,15150.0,0.0,15150.0,15200.0,14900.0,4650.0
2434,2434,2009.07.02,15100.0,50.0,15300.0,15300.0,15000.0,19670.0
2435,2435,2009.07.03,15150.0,50.0,15000.0,15200.0,14900.0,8020.0
2436,2436,2009.07.06,15200.0,50.0,15150.0,15450.0,14950.0,2350.0
2437,2437,2009.07.07,15300.0,100.0,15200.0,15350.0,15150.0,7011.0
2438,2438,2009.07.08,15050.0,250.0,15150.0,15200.0,15050.0,6166.0
2439,2439,2009.07.09,15150.0,100.0,15200.0,15250.0,15050.0,9100.0
2440,2440,2009.07.10,15100.0,50.0,15100.0,15200.0,15100.0,6331.0
2441,2441,2009.07.13,14800.0,300.0,15100.0,15200.0,14700.0,11090.0
2442,2442,2009.07.14,14950.0,150.0,14900.0,15000.0,14850.0,1991.0
2443,2443,2009.07.15,14950.0,0.0,14950.0,15200.0,14900.0,4121.0
2444,2444,2009.07.16,14900.0,50.0,14950.0,15300.0,14850.0,2499.0
2445,2445,2009.07.17,14900.0,0.0,14900.0,15000.0,14800.0,3100.0
2446,2446,2009.07.20,15200.0,300.0,15000.0,15250.0,14950.0,3230.0
2447,2447,2009.07.21,15000.0,200.0,15200.0,15250.0,15000.0,17340.0
2448,2448,2009.07.22,15350.0,350.0,15050.0,15350.0,15000.0,19290.0
2449,2449,2009.07.23,15350.0,0.0,15350.0,15450.0,15200.0,28880.0
2450,2450,2009.07.24,15200.0,150.0,15600.0,15600.0,15200.0,15510.0
2451,2451,2009.07.27,15200.0,0.0,15150.0,15300.0,15100.0,16941.0
2452,2452,2009.07.28,15300.0,100.0,15050.0,15300.0,15000.0,11660.0
2453,2453,2009.07.29,14900.0,400.0,15100.0,15350.0,14850.0,26340.0
2454,2454,2009.07.30,14750.0,150.0,14900.0,15000.0,14500.0,11428.0
2455,2455,2009.07.31,14900.0,150.0,14750.0,15000.0,14650.0,10731.0
2456,2456,2009.08.03,15200.0,300.0,14900.0,15200.0,14850.0,17351.0
2457,2457,2009.08.04,15150.0,50.0,15200.0,15350.0,15100.0,18050.0
2458,2458,2009.08.05,14700.0,450.0,15200.0,15300.0,14100.0,56220.0
2459,2459,2009.08.06,14550.0,150.0,14650.0,14950.0,14000.0,84072.0
2460,2460,2009.08.07,14550.0,0.0,14750.0,15050.0,14400.0,87622.0
2461,2461,2009.08.10,14850.0,300.0,14800.0,14900.0,14700.0,10182.0
2462,2462,2009.08.11,14800.0,50.0,14900.0,14900.0,14700.0,10192.0
2463,2463,2009.08.12,14750.0,50.0,14800.0,14950.0,14600.0,14611.0
2464,2464,2009.08.13,15000.0,250.0,14750.0,15200.0,14750.0,17372.0
2465,2465,2009.08.14,15100.0,100.0,15050.0,15250.0,15000.0,7810.0
2466,2466,2009.08.17,14550.0,550.0,15100.0,15100.0,14500.0,18561.0
2467,2467,2009.08.18,14600.0,50.0,14300.0,14700.0,14300.0,11650.0
2468,2468,2009.08.19,14550.0,50.0,14650.0,14800.0,14500.0,4551.0
2469,2469,2009.08.20,14500.0,50.0,14550.0,14600.0,14300.0,6099.0
2470,2470,2009.08.21,14450.0,50.0,14500.0,14550.0,14250.0,6921.0
2471,2471,2009.08.24,14150.0,300.0,14600.0,14600.0,14000.0,14640.0
2472,2472,2009.08.25,14000.0,150.0,14000.0,14250.0,13800.0,17363.0
2473,2473,2009.08.26,14200.0,200.0,14200.0,14250.0,13900.0,3460.0
2474,2474,2009.08.27,14000.0,200.0,14100.0,14200.0,13950.0,8311.0
2475,2475,2009.08.28,14100.0,100.0,13950.0,14400.0,13950.0,7710.0
2476,2476,2009.08.31,14200.0,100.0,14100.0,14350.0,14000.0,6150.0
2477,2477,2009.09.01,13950.0,250.0,14100.0,14100.0,13900.0,6052.0
2478,2478,2009.09.02,13750.0,200.0,13950.0,14150.0,13650.0,8644.0
2479,2479,2009.09.03,13700.0,50.0,13650.0,13900.0,13650.0,4390.0
2480,2480,2009.09.04,13650.0,50.0,13750.0,13750.0,13500.0,13180.0
2481,2481,2009.09.07,13750.0,100.0,13600.0,13750.0,13500.0,7550.0
2482,2482,2009.09.08,13500.0,250.0,13750.0,13750.0,13450.0,20331.0
2483,2483,2009.09.09,13750.0,250.0,13550.0,13900.0,13500.0,7433.0
2484,2484,2009.09.10,14000.0,250.0,13600.0,14000.0,13600.0,8783.0
2485,2485,2009.09.11,14500.0,500.0,14150.0,14500.0,14050.0,33860.0
2486,2486,2009.09.14,14300.0,200.0,14500.0,14600.0,14200.0,14101.0
2487,2487,2009.09.15,14400.0,100.0,14250.0,14400.0,14250.0,3050.0
2488,2488,2009.09.16,14200.0,200.0,14300.0,14500.0,13800.0,13597.0
2489,2489,2009.09.17,14200.0,0.0,14350.0,14350.0,14050.0,6222.0
2490,2490,2009.09.18,14300.0,100.0,14350.0,14400.0,14150.0,5802.0
2491,2491,2009.09.21,14050.0,250.0,14300.0,14300.0,14050.0,2572.0
2492,2492,2009.09.22,14200.0,150.0,14050.0,14200.0,14000.0,2302.0
2493,2493,2009.09.23,14250.0,50.0,14100.0,14250.0,14050.0,3180.0
2494,2494,2009.09.24,13950.0,300.0,14150.0,14200.0,13950.0,11690.0
2495,2495,2009.09.25,13950.0,0.0,13800.0,13950.0,13800.0,3151.0
2496,2496,2009.09.28,13900.0,50.0,13950.0,14000.0,13900.0,2350.0
2497,2497,2009.09.29,13900.0,0.0,13850.0,14100.0,13750.0,9890.0
2498,2498,2009.09.30,13700.0,200.0,13800.0,13800.0,13600.0,21528.0
2499,2499,2009.10.01,13550.0,150.0,13700.0,13700.0,13450.0,6272.0
2500,2500,2009.10.05,13350.0,200.0,13550.0,13600.0,13350.0,10480.0
2501,2501,2009.10.06,13500.0,150.0,13700.0,13700.0,13450.0,4400.0
2502,2502,2009.10.07,13550.0,50.0,13650.0,13650.0,13500.0,4361.0
2503,2503,2009.10.08,13600.0,50.0,13550.0,13700.0,13550.0,2932.0
2504,2504,2009.10.09,14200.0,600.0,13900.0,14300.0,13800.0,18988.0
2505,2505,2009.10.12,14200.0,0.0,14200.0,14300.0,14200.0,3510.0
2506,2506,2009.10.13,14000.0,200.0,14450.0,14450.0,13900.0,3780.0
2507,2507,2009.10.14,14250.0,250.0,14000.0,14400.0,14000.0,4220.0
2508,2508,2009.10.15,14400.0,150.0,14250.0,14600.0,14250.0,1290.0
2509,2509,2009.10.16,14250.0,150.0,14300.0,14300.0,14200.0,680.0
2510,2510,2009.10.19,14150.0,100.0,14250.0,14250.0,14000.0,770.0
2511,2511,2009.10.20,14200.0,50.0,14400.0,14400.0,14000.0,1453.0
2512,2512,2009.10.21,13950.0,250.0,13850.0,14250.0,13850.0,1800.0
2513,2513,2009.10.22,14000.0,50.0,13900.0,14150.0,13900.0,3640.0
2514,2514,2009.10.23,13800.0,200.0,14000.0,14100.0,13750.0,5290.0
2515,2515,2009.10.26,13700.0,100.0,13800.0,13800.0,13550.0,7915.0
2516,2516,2009.10.27,13700.0,0.0,13700.0,13700.0,13600.0,5900.0
2517,2517,2009.10.28,13400.0,300.0,13700.0,13700.0,13400.0,5980.0
2518,2518,2009.10.29,13200.0,200.0,13400.0,13500.0,13150.0,4291.0
2519,2519,2009.10.30,13400.0,200.0,13300.0,13450.0,13200.0,2730.0
2520,2520,2009.11.02,13850.0,450.0,13200.0,14100.0,13150.0,8840.0
2521,2521,2009.11.03,13400.0,450.0,14000.0,14300.0,13400.0,2650.0
2522,2522,2009.11.04,13600.0,200.0,13500.0,13600.0,13300.0,830.0
2523,2523,2009.11.05,13550.0,50.0,13600.0,13600.0,13400.0,1070.0
2524,2524,2009.11.06,13500.0,50.0,13700.0,13700.0,13500.0,330.0
2525,2525,2009.11.09,13400.0,100.0,13500.0,13500.0,13400.0,1450.0
2526,2526,2009.11.10,13500.0,100.0,13400.0,13600.0,13400.0,5080.0
2527,2527,2009.11.11,13500.0,0.0,13650.0,13700.0,13500.0,1730.0
2528,2528,2009.11.12,13450.0,50.0,13500.0,13500.0,13400.0,3340.0
2529,2529,2009.11.13,13450.0,0.0,13550.0,13550.0,13350.0,960.0
2530,2530,2009.11.16,13550.0,100.0,13550.0,13550.0,13400.0,9000.0
2531,2531,2009.11.17,13600.0,50.0,13650.0,13900.0,13600.0,8940.0
2532,2532,2009.11.18,13800.0,200.0,13700.0,14000.0,13700.0,16020.0
2533,2533,2009.11.19,13900.0,100.0,14000.0,14000.0,13800.0,11850.0
2534,2534,2009.11.20,13850.0,50.0,13900.0,13900.0,13800.0,4327.0
2535,2535,2009.11.23,13800.0,50.0,13900.0,13900.0,13700.0,6040.0
2536,2536,2009.11.24,13650.0,150.0,13850.0,13900.0,13650.0,1160.0
2537,2537,2009.11.25,13600.0,50.0,13950.0,13950.0,13600.0,3280.0
2538,2538,2009.11.26,13750.0,150.0,13650.0,13750.0,13600.0,3740.0
2539,2539,2009.11.27,13400.0,350.0,13700.0,13700.0,13300.0,7740.0
2540,2540,2009.11.30,13400.0,0.0,13500.0,13500.0,13350.0,5180.0
2541,2541,2009.12.01,13650.0,250.0,13500.0,13700.0,13300.0,3925.0
2542,2542,2009.12.02,13650.0,0.0,13750.0,13750.0,13500.0,2850.0
2543,2543,2009.12.03,13650.0,0.0,13700.0,13700.0,13550.0,1890.0
2544,2544,2009.12.04,13700.0,50.0,13700.0,13750.0,13600.0,2321.0
2545,2545,2009.12.07,13700.0,0.0,13650.0,13700.0,13500.0,1241.0
2546,2546,2009.12.08,13600.0,100.0,13650.0,13650.0,13450.0,5170.0
2547,2547,2009.12.09,13500.0,100.0,13600.0,13600.0,13350.0,3750.0
2548,2548,2009.12.10,13550.0,50.0,13600.0,13600.0,13500.0,630.0
2549,2549,2009.12.11,13500.0,50.0,13550.0,13600.0,13350.0,4441.0
2550,2550,2009.12.14,13550.0,50.0,13400.0,13600.0,13400.0,4893.0
2551,2551,2009.12.15,13550.0,0.0,13600.0,13650.0,13500.0,5183.0
2552,2552,2009.12.16,13700.0,150.0,13550.0,13800.0,13550.0,4093.0
2553,2553,2009.12.17,13700.0,0.0,13800.0,13800.0,13600.0,3180.0
2554,2554,2009.12.18,13800.0,100.0,13600.0,13800.0,13600.0,2190.0
2555,2555,2009.12.21,13900.0,100.0,13650.0,13950.0,13650.0,2460.0
2556,2556,2009.12.22,13850.0,50.0,13900.0,13900.0,13650.0,500.0
2557,2557,2009.12.23,13700.0,150.0,13850.0,13850.0,13700.0,2159.0
2558,2558,2009.12.24,13850.0,150.0,14100.0,14100.0,13700.0,3192.0
2559,2559,2009.12.28,13800.0,50.0,13750.0,13950.0,13700.0,4632.0
2560,2560,2009.12.29,13600.0,200.0,13700.0,13700.0,13400.0,2723.0
2561,2561,2009.12.30,13500.0,100.0,13750.0,13750.0,13450.0,1300.0
2562,2562,2010.01.04,13500.0,0.0,13500.0,13500.0,13300.0,2210.0
2563,2563,2010.01.05,13500.0,0.0,13400.0,13600.0,13300.0,8684.0
2564,2564,2010.01.06,13450.0,50.0,13500.0,13550.0,13350.0,1451.0
2565,2565,2010.01.07,13500.0,50.0,13450.0,13600.0,13400.0,4140.0
2566,2566,2010.01.08,13450.0,50.0,13750.0,13850.0,13400.0,2850.0
2567,2567,2010.01.11,13550.0,100.0,13450.0,13600.0,13450.0,8285.0
2568,2568,2010.01.12,13600.0,50.0,13650.0,13750.0,13400.0,5810.0
2569,2569,2010.01.13,13550.0,50.0,13450.0,13800.0,13450.0,1150.0
2570,2570,2010.01.14,13600.0,50.0,13800.0,13800.0,13450.0,3042.0
2571,2571,2010.01.15,13600.0,0.0,13500.0,13600.0,13500.0,3730.0
2572,2572,2010.01.18,13700.0,100.0,13600.0,13700.0,13500.0,2082.0
2573,2573,2010.01.19,13750.0,50.0,13500.0,13800.0,13500.0,5041.0
2574,2574,2010.01.20,13600.0,150.0,13750.0,13800.0,13500.0,3070.0
2575,2575,2010.01.21,13650.0,50.0,13500.0,13650.0,13450.0,5490.0
2576,2576,2010.01.22,13550.0,100.0,13650.0,13650.0,13350.0,5565.0
2577,2577,2010.01.25,13300.0,250.0,13500.0,13550.0,13300.0,2552.0
2578,2578,2010.01.26,13200.0,100.0,13300.0,13500.0,13200.0,5380.0
2579,2579,2010.01.27,13350.0,150.0,13200.0,13350.0,13100.0,4252.0
2580,2580,2010.01.28,13400.0,50.0,13200.0,13450.0,13200.0,2270.0
2581,2581,2010.01.29,13000.0,400.0,13150.0,13350.0,13000.0,5211.0
2582,2582,2010.02.01,13000.0,0.0,13250.0,13250.0,13000.0,1220.0
2583,2583,2010.02.02,13050.0,50.0,13300.0,13300.0,13000.0,2300.0
2584,2584,2010.02.03,13150.0,100.0,13150.0,13150.0,13050.0,690.0
2585,2585,2010.02.04,13100.0,50.0,13000.0,13150.0,12950.0,1783.0
2586,2586,2010.02.05,12800.0,300.0,13000.0,13000.0,12550.0,3410.0
2587,2587,2010.02.08,12800.0,0.0,12950.0,13000.0,12700.0,1550.0
2588,2588,2010.02.09,13200.0,400.0,12800.0,13200.0,12800.0,340.0
2589,2589,2010.02.10,13150.0,50.0,13200.0,13200.0,12900.0,101.0
2590,2590,2010.02.11,13000.0,150.0,13200.0,13200.0,12900.0,1110.0
2591,2591,2010.02.12,13100.0,100.0,13100.0,13100.0,13000.0,1340.0
2592,2592,2010.02.16,13100.0,0.0,13000.0,13100.0,12900.0,850.0
2593,2593,2010.02.17,13200.0,100.0,13250.0,13300.0,12800.0,1870.0
2594,2594,2010.02.18,13300.0,100.0,13150.0,13350.0,13150.0,3090.0
2595,2595,2010.02.19,13350.0,50.0,13100.0,13450.0,13100.0,2530.0
2596,2596,2010.02.22,13350.0,0.0,13350.0,13350.0,13250.0,1400.0
2597,2597,2010.02.23,13400.0,50.0,13350.0,13400.0,13200.0,240.0
2598,2598,2010.02.24,13350.0,50.0,13400.0,13400.0,13350.0,260.0
2599,2599,2010.02.25,13100.0,250.0,13200.0,13250.0,13000.0,3161.0
2600,2600,2010.02.26,13050.0,50.0,13100.0,13150.0,13050.0,972.0
2601,2601,2010.03.02,13250.0,200.0,13000.0,13250.0,13000.0,1441.0
2602,2602,2010.03.03,13300.0,50.0,13300.0,13300.0,13050.0,770.0
2603,2603,2010.03.04,13250.0,50.0,13300.0,13300.0,13050.0,1290.0
2604,2604,2010.03.05,13300.0,50.0,13150.0,13300.0,13100.0,890.0
2605,2605,2010.03.08,13400.0,100.0,13300.0,13400.0,13300.0,750.0
2606,2606,2010.03.09,13250.0,150.0,13400.0,13400.0,13100.0,1590.0
2607,2607,2010.03.10,13200.0,50.0,13150.0,13350.0,13150.0,1373.0
2608,2608,2010.03.11,13100.0,100.0,13200.0,13300.0,13050.0,2250.0
2609,2609,2010.03.12,13250.0,150.0,13100.0,13300.0,13050.0,2870.0
2610,2610,2010.03.15,13400.0,150.0,13150.0,13400.0,13150.0,2250.0
2611,2611,2010.03.16,13400.0,0.0,13400.0,13400.0,13350.0,990.0
2612,2612,2010.03.17,13450.0,50.0,13450.0,13450.0,13350.0,3320.0
2613,2613,2010.03.18,13400.0,50.0,13450.0,13500.0,13400.0,2280.0
2614,2614,2010.03.19,13700.0,300.0,13500.0,13700.0,13500.0,6361.0
2615,2615,2010.03.22,13800.0,100.0,13650.0,13800.0,13600.0,4190.0
2616,2616,2010.03.23,13900.0,100.0,13800.0,13900.0,13800.0,5551.0
2617,2617,2010.03.24,14000.0,100.0,13800.0,14100.0,13800.0,4280.0
2618,2618,2010.03.25,13700.0,300.0,13900.0,14000.0,13700.0,1710.0
2619,2619,2010.03.26,13800.0,100.0,13700.0,13800.0,13700.0,1290.0
2620,2620,2010.03.29,13800.0,0.0,13700.0,13900.0,13700.0,1650.0
2621,2621,2010.03.30,13800.0,0.0,13900.0,13900.0,13800.0,900.0
2622,2622,2010.03.31,13900.0,100.0,13800.0,14000.0,13800.0,1580.0
2623,2623,2010.04.01,14100.0,200.0,14000.0,14100.0,13850.0,1810.0
2624,2624,2010.04.02,14000.0,100.0,14100.0,14100.0,13750.0,4730.0
2625,2625,2010.04.05,13800.0,200.0,13700.0,14000.0,13700.0,950.0
2626,2626,2010.04.06,13850.0,50.0,13700.0,13900.0,13650.0,1020.0
2627,2627,2010.04.07,13900.0,50.0,13700.0,13950.0,13700.0,830.0
2628,2628,2010.04.08,13800.0,100.0,13750.0,13900.0,13750.0,1940.0
2629,2629,2010.04.09,13900.0,100.0,13800.0,13900.0,13750.0,950.0
2630,2630,2010.04.12,13850.0,50.0,13850.0,14000.0,13750.0,5170.0
2631,2631,2010.04.13,13800.0,50.0,13850.0,13850.0,13650.0,2150.0
2632,2632,2010.04.14,13850.0,50.0,13950.0,13950.0,13700.0,2921.0
2633,2633,2010.04.15,13700.0,150.0,13850.0,13850.0,13650.0,3080.0
2634,2634,2010.04.16,13800.0,100.0,13700.0,13850.0,13500.0,5030.0
2635,2635,2010.04.19,13800.0,0.0,13600.0,13800.0,13600.0,230.0
2636,2636,2010.04.20,13800.0,0.0,13650.0,14100.0,13650.0,2640.0
2637,2637,2010.04.21,13750.0,50.0,13800.0,13800.0,13700.0,1150.0
2638,2638,2010.04.22,13700.0,50.0,13650.0,13800.0,13550.0,2220.0
2639,2639,2010.04.23,13650.0,50.0,13600.0,13700.0,13550.0,1751.0
2640,2640,2010.04.26,13750.0,100.0,13750.0,13750.0,13400.0,7160.0
2641,2641,2010.04.27,13700.0,50.0,13700.0,13700.0,13400.0,2610.0
2642,2642,2010.04.28,13550.0,150.0,13400.0,13600.0,13300.0,2130.0
2643,2643,2010.04.29,13400.0,150.0,13550.0,13550.0,13350.0,1940.0
2644,2644,2010.04.30,13550.0,150.0,13400.0,13550.0,13350.0,6230.0
2645,2645,2010.05.03,13150.0,400.0,13500.0,13650.0,12800.0,9471.0
2646,2646,2010.05.04,13350.0,200.0,13200.0,13350.0,13100.0,980.0
2647,2647,2010.05.06,13100.0,250.0,13000.0,13150.0,12800.0,2210.0
2648,2648,2010.05.07,12700.0,400.0,13050.0,13050.0,12400.0,7220.0
2649,2649,2010.05.10,13000.0,300.0,12550.0,13100.0,12550.0,831.0
2650,2650,2010.05.11,13000.0,0.0,13000.0,13000.0,12750.0,2251.0
2651,2651,2010.05.12,12800.0,200.0,12900.0,12900.0,12600.0,5416.0
2652,2652,2010.05.13,13000.0,200.0,12950.0,13000.0,12750.0,251.0
2653,2653,2010.05.14,12900.0,100.0,12900.0,12900.0,12600.0,1290.0
2654,2654,2010.05.17,12850.0,50.0,12900.0,12900.0,12500.0,1251.0
2655,2655,2010.05.18,12500.0,350.0,12800.0,12800.0,12300.0,2364.0
2656,2656,2010.05.19,12350.0,150.0,12800.0,12800.0,12000.0,12348.0
2657,2657,2010.05.20,12350.0,0.0,12400.0,12400.0,11800.0,13940.0
2658,2658,2010.05.24,12150.0,200.0,12150.0,12250.0,12150.0,821.0
2659,2659,2010.05.25,12000.0,150.0,12150.0,12250.0,11500.0,5370.0
2660,2660,2010.05.26,11950.0,50.0,12000.0,12000.0,11950.0,180.0
2661,2661,2010.05.27,12050.0,100.0,12050.0,12100.0,11650.0,110.0
2662,2662,2010.05.28,12300.0,250.0,12050.0,12300.0,12000.0,520.0
2663,2663,2010.05.31,12200.0,100.0,12200.0,12200.0,12000.0,761.0
2664,2664,2010.06.01,12150.0,50.0,12100.0,12250.0,12100.0,1500.0
2665,2665,2010.06.03,12250.0,100.0,12000.0,12250.0,11900.0,330.0
2666,2666,2010.06.04,12250.0,0.0,12250.0,12250.0,12000.0,660.0
2667,2667,2010.06.07,12100.0,150.0,12150.0,12150.0,12100.0,80.0
2668,2668,2010.06.08,12050.0,50.0,12150.0,12150.0,11850.0,1492.0
2669,2669,2010.06.09,12200.0,150.0,12050.0,12250.0,12000.0,3020.0
2670,2670,2010.06.10,12300.0,100.0,12350.0,12350.0,12300.0,400.0
2671,2671,2010.06.11,12200.0,100.0,12350.0,12350.0,12050.0,1423.0
2672,2672,2010.06.14,12200.0,0.0,12300.0,12300.0,12050.0,710.0
2673,2673,2010.06.15,12200.0,0.0,12100.0,12200.0,12100.0,301.0
2674,2674,2010.06.16,12300.0,100.0,12400.0,12400.0,12150.0,687.0
2675,2675,2010.06.17,12100.0,200.0,12300.0,12300.0,12000.0,3470.0
2676,2676,2010.06.18,12250.0,150.0,12050.0,12250.0,11900.0,8200.0
2677,2677,2010.06.21,12200.0,50.0,12200.0,12200.0,11950.0,5418.0
2678,2678,2010.06.22,12100.0,100.0,12200.0,12200.0,11950.0,1370.0
2679,2679,2010.06.23,12300.0,200.0,12000.0,12300.0,12000.0,790.0
2680,2680,2010.06.24,12450.0,150.0,12300.0,12450.0,12200.0,3581.0
2681,2681,2010.06.25,12450.0,0.0,12150.0,12450.0,12150.0,1880.0
2682,2682,2010.06.28,12500.0,50.0,12550.0,12550.0,12350.0,170.0
2683,2683,2010.06.29,12450.0,50.0,12450.0,12450.0,12450.0,10.0
2684,2684,2010.06.30,12400.0,50.0,12300.0,12400.0,12300.0,21.0
2685,2685,2010.07.01,12250.0,150.0,12300.0,12300.0,12250.0,202.0
2686,2686,2010.07.02,12350.0,100.0,12350.0,12350.0,12100.0,1119.0
2687,2687,2010.07.05,12300.0,50.0,12300.0,12300.0,12150.0,691.0
2688,2688,2010.07.06,12150.0,150.0,12450.0,12450.0,12000.0,1912.0
2689,2689,2010.07.07,12200.0,50.0,12000.0,12250.0,11900.0,2820.0
2690,2690,2010.07.08,12000.0,200.0,12000.0,12050.0,11800.0,5340.0
2691,2691,2010.07.09,12300.0,300.0,11900.0,12300.0,11900.0,560.0
2692,2692,2010.07.12,12150.0,150.0,12150.0,12150.0,12050.0,840.0
2693,2693,2010.07.13,12200.0,50.0,12200.0,12200.0,12000.0,1160.0
2694,2694,2010.07.14,12300.0,100.0,12150.0,12300.0,11900.0,5800.0
2695,2695,2010.07.15,12300.0,0.0,12300.0,12300.0,12000.0,2750.0
2696,2696,2010.07.16,11950.0,350.0,12050.0,12200.0,11700.0,5420.0
2697,2697,2010.07.19,12250.0,300.0,11800.0,12250.0,11800.0,10420.0
2698,2698,2010.07.20,12100.0,150.0,12300.0,12300.0,12050.0,881.0
2699,2699,2010.07.21,12400.0,300.0,12500.0,12500.0,12100.0,12620.0
2700,2700,2010.07.22,12200.0,200.0,12350.0,12350.0,12050.0,4410.0
2701,2701,2010.07.23,12300.0,100.0,12300.0,12400.0,12200.0,3771.0
2702,2702,2010.07.26,12400.0,100.0,12100.0,12450.0,12100.0,1151.0
2703,2703,2010.07.27,12450.0,50.0,12250.0,12500.0,12250.0,2701.0
2704,2704,2010.07.28,12450.0,0.0,12450.0,12450.0,12450.0,1192.0
2705,2705,2010.07.29,12350.0,100.0,12500.0,12550.0,12350.0,1370.0
2706,2706,2010.07.30,12200.0,150.0,12200.0,12200.0,12200.0,720.0
2707,2707,2010.08.02,12200.0,0.0,12200.0,12300.0,12150.0,830.0
2708,2708,2010.08.03,12100.0,100.0,12200.0,12250.0,11600.0,6702.0
2709,2709,2010.08.04,12250.0,150.0,12200.0,12250.0,11600.0,6592.0
2710,2710,2010.08.05,11800.0,450.0,12250.0,12300.0,11800.0,3030.0
2711,2711,2010.08.06,12150.0,350.0,11950.0,12150.0,11800.0,891.0
2712,2712,2010.08.09,12150.0,0.0,12150.0,12200.0,11900.0,1062.0
2713,2713,2010.08.10,12000.0,150.0,11900.0,12150.0,11900.0,673.0
2714,2714,2010.08.11,11900.0,100.0,11900.0,12000.0,11700.0,1750.0
2715,2715,2010.08.12,11800.0,100.0,11950.0,11950.0,11650.0,2630.0
2716,2716,2010.08.13,11750.0,50.0,11700.0,11750.0,11650.0,8074.0
2717,2717,2010.08.16,11800.0,50.0,11750.0,11800.0,11600.0,4633.0
2718,2718,2010.08.17,11750.0,50.0,11750.0,11900.0,11700.0,388.0
2719,2719,2010.08.18,11700.0,50.0,12100.0,12100.0,11600.0,3290.0
2720,2720,2010.08.19,11900.0,200.0,11700.0,11900.0,11600.0,4842.0
2721,2721,2010.08.20,11900.0,0.0,11700.0,11900.0,11700.0,413.0
2722,2722,2010.08.23,11900.0,0.0,11850.0,11900.0,11700.0,1302.0
2723,2723,2010.08.24,11750.0,150.0,11850.0,11900.0,11750.0,670.0
2724,2724,2010.08.25,11800.0,50.0,12050.0,12050.0,11700.0,2118.0
2725,2725,2010.08.26,11800.0,0.0,11800.0,11900.0,11650.0,1611.0
2726,2726,2010.08.27,11800.0,0.0,11850.0,11850.0,11700.0,880.0
2727,2727,2010.08.30,12000.0,200.0,12000.0,12100.0,11950.0,1613.0
2728,2728,2010.08.31,11900.0,100.0,11950.0,12000.0,11900.0,3155.0
2729,2729,2010.09.01,12000.0,100.0,11950.0,12000.0,11850.0,282.0
2730,2730,2010.09.02,11800.0,200.0,12050.0,12050.0,11800.0,1137.0
2731,2731,2010.09.03,11800.0,0.0,12100.0,12100.0,11800.0,1310.0
2732,2732,2010.09.06,11800.0,0.0,11800.0,11800.0,11800.0,131.0
2733,2733,2010.09.07,12000.0,200.0,11900.0,12000.0,11800.0,1980.0
2734,2734,2010.09.08,11950.0,50.0,12000.0,12000.0,11700.0,4820.0
2735,2735,2010.09.09,11900.0,50.0,11800.0,11950.0,11800.0,1243.0
2736,2736,2010.09.10,11800.0,100.0,11900.0,12000.0,11800.0,1800.0
2737,2737,2010.09.13,11900.0,100.0,11900.0,11950.0,11700.0,3952.0
2738,2738,2010.09.14,11800.0,100.0,11800.0,11950.0,11800.0,3859.0
2739,2739,2010.09.15,11900.0,100.0,11800.0,11900.0,11800.0,872.0
2740,2740,2010.09.16,11950.0,50.0,11850.0,12000.0,11800.0,4332.0
2741,2741,2010.09.17,11850.0,100.0,11850.0,11950.0,11800.0,6050.0
2742,2742,2010.09.20,11950.0,100.0,11850.0,11950.0,11850.0,1203.0
2743,2743,2010.09.24,11950.0,0.0,11950.0,11950.0,11850.0,1881.0
2744,2744,2010.09.27,12200.0,250.0,12000.0,12200.0,11900.0,8750.0
2745,2745,2010.09.28,12400.0,200.0,12150.0,12400.0,12100.0,5850.0
2746,2746,2010.09.29,12600.0,200.0,12300.0,12600.0,12300.0,3340.0
2747,2747,2010.09.30,12500.0,100.0,12650.0,12650.0,12300.0,1800.0
2748,2748,2010.10.01,12850.0,350.0,12400.0,12850.0,12400.0,5450.0
2749,2749,2010.10.04,13100.0,250.0,12850.0,13100.0,12750.0,5642.0
2750,2750,2010.10.05,13550.0,450.0,13000.0,13600.0,13000.0,16571.0
2751,2751,2010.10.06,13550.0,0.0,13800.0,13850.0,13350.0,10498.0
2752,2752,2010.10.07,13600.0,50.0,13550.0,13800.0,13500.0,11250.0
2753,2753,2010.10.08,13600.0,0.0,13350.0,13700.0,13350.0,11120.0
2754,2754,2010.10.11,14050.0,450.0,13650.0,14100.0,13650.0,6854.0
2755,2755,2010.10.12,13850.0,200.0,14000.0,14100.0,13600.0,7770.0
2756,2756,2010.10.13,13550.0,300.0,13750.0,13800.0,13400.0,6243.0
2757,2757,2010.10.14,13600.0,50.0,13550.0,13800.0,13300.0,12760.0
2758,2758,2010.10.15,14000.0,400.0,13600.0,14150.0,13350.0,9141.0
2759,2759,2010.10.18,14100.0,100.0,13900.0,14300.0,13900.0,7720.0
2760,2760,2010.10.19,13900.0,200.0,13950.0,14100.0,13900.0,5340.0
2761,2761,2010.10.20,13800.0,100.0,13700.0,13950.0,13500.0,9850.0
2762,2762,2010.10.21,13850.0,50.0,13800.0,14000.0,13650.0,8920.0
2763,2763,2010.10.22,14000.0,150.0,13850.0,14050.0,13750.0,4130.0
2764,2764,2010.10.25,14000.0,0.0,14050.0,14050.0,13700.0,4190.0
2765,2765,2010.10.26,13950.0,50.0,14000.0,14100.0,13800.0,6420.0
2766,2766,2010.10.27,13900.0,50.0,13800.0,14000.0,13800.0,5950.0
2767,2767,2010.10.28,13900.0,0.0,13900.0,13900.0,13800.0,1040.0
2768,2768,2010.10.29,13700.0,200.0,14000.0,14000.0,13650.0,14730.0
2769,2769,2010.11.01,13850.0,150.0,13650.0,13850.0,13650.0,7050.0
2770,2770,2010.11.02,13800.0,50.0,13550.0,13800.0,13550.0,1190.0
2771,2771,2010.11.03,13850.0,50.0,13800.0,13950.0,13700.0,5400.0
2772,2772,2010.11.04,13950.0,100.0,13700.0,14000.0,13700.0,5280.0
2773,2773,2010.11.05,14050.0,100.0,13950.0,14300.0,13700.0,10580.0
2774,2774,2010.11.08,13950.0,100.0,14050.0,14050.0,13650.0,5150.0
2775,2775,2010.11.09,13950.0,0.0,13600.0,14000.0,13600.0,3980.0
2776,2776,2010.11.10,13850.0,100.0,13650.0,13950.0,13650.0,3670.0
2777,2777,2010.11.11,13700.0,150.0,13850.0,14000.0,13650.0,6921.0
2778,2778,2010.11.12,13500.0,200.0,13800.0,14000.0,13500.0,19810.0
2779,2779,2010.11.15,13600.0,100.0,13700.0,13700.0,13350.0,2310.0
2780,2780,2010.11.16,13550.0,50.0,13600.0,13700.0,13400.0,3170.0
2781,2781,2010.11.17,13200.0,350.0,13300.0,13500.0,13200.0,1450.0
2782,2782,2010.11.18,13600.0,400.0,13550.0,13600.0,13450.0,210.0
2783,2783,2010.11.19,13600.0,0.0,13650.0,13650.0,13500.0,490.0
2784,2784,2010.11.22,13450.0,150.0,13600.0,13600.0,13350.0,990.0
2785,2785,2010.11.23,13350.0,100.0,13300.0,13600.0,13300.0,13431.0
2786,2786,2010.11.24,13400.0,50.0,12900.0,13400.0,12800.0,3020.0
2787,2787,2010.11.25,13400.0,0.0,13400.0,13400.0,13250.0,3860.0
2788,2788,2010.11.26,13200.0,200.0,13450.0,13600.0,12950.0,2890.0
2789,2789,2010.11.29,13150.0,50.0,13150.0,13150.0,12900.0,5640.0
2790,2790,2010.11.30,13000.0,150.0,12950.0,13150.0,12950.0,8842.0
2791,2791,2010.12.01,13250.0,250.0,13000.0,13250.0,12950.0,10330.0
2792,2792,2010.12.02,13300.0,50.0,13350.0,13600.0,13300.0,11950.0
2793,2793,2010.12.03,13500.0,200.0,13400.0,13550.0,13300.0,4190.0
2794,2794,2010.12.06,13500.0,0.0,13500.0,13500.0,13350.0,260.0
2795,2795,2010.12.07,13500.0,0.0,13300.0,13500.0,13300.0,2741.0
2796,2796,2010.12.08,13300.0,200.0,13450.0,13500.0,13300.0,7308.0
2797,2797,2010.12.09,13500.0,200.0,13400.0,13500.0,13300.0,1690.0
2798,2798,2010.12.10,13600.0,100.0,13500.0,13600.0,13450.0,4111.0
2799,2799,2010.12.13,13750.0,150.0,13600.0,13750.0,13450.0,3820.0
2800,2800,2010.12.14,13500.0,250.0,13550.0,13600.0,13450.0,7561.0
2801,2801,2010.12.15,13800.0,300.0,13550.0,14050.0,13550.0,16150.0
2802,2802,2010.12.16,13800.0,0.0,13900.0,13950.0,13650.0,4859.0
2803,2803,2010.12.17,13600.0,200.0,13900.0,13900.0,13600.0,3540.0
2804,2804,2010.12.20,13550.0,50.0,13400.0,13800.0,13400.0,4140.0
2805,2805,2010.12.21,13850.0,300.0,13600.0,13850.0,13600.0,2080.0
2806,2806,2010.12.22,13800.0,50.0,13900.0,13900.0,13500.0,4840.0
2807,2807,2010.12.23,13800.0,0.0,13750.0,14050.0,13750.0,2030.0
2808,2808,2010.12.24,13900.0,100.0,13650.0,13900.0,13650.0,1789.0
2809,2809,2010.12.27,14100.0,200.0,13950.0,14150.0,13800.0,5970.0
2810,2810,2010.12.28,14250.0,150.0,14000.0,14450.0,14000.0,10738.0
2811,2811,2010.12.29,14100.0,150.0,14250.0,14250.0,13950.0,3370.0
2812,2812,2010.12.30,14000.0,100.0,14100.0,14100.0,13850.0,4440.0
2813,2813,2011.01.03,14000.0,0.0,14250.0,14250.0,13900.0,4570.0
2814,2814,2011.01.04,14200.0,200.0,13950.0,14200.0,13800.0,9500.0
2815,2815,2011.01.05,14000.0,200.0,13850.0,14250.0,13850.0,4456.0
2816,2816,2011.01.06,14100.0,100.0,14000.0,14200.0,13850.0,7910.0
2817,2817,2011.01.07,13900.0,200.0,14000.0,14100.0,13850.0,5400.0
2818,2818,2011.01.10,13950.0,50.0,13950.0,14000.0,13800.0,2670.0
2819,2819,2011.01.11,14100.0,150.0,13850.0,14100.0,13800.0,9520.0
2820,2820,2011.01.12,14300.0,200.0,14200.0,14300.0,14050.0,10656.0
2821,2821,2011.01.13,14350.0,50.0,14350.0,14400.0,14150.0,14496.0
2822,2822,2011.01.14,15450.0,1100.0,14350.0,15600.0,14300.0,32773.0
2823,2823,2011.01.17,15750.0,300.0,15300.0,16100.0,15300.0,72895.0
2824,2824,2011.01.18,15900.0,150.0,15950.0,16300.0,15550.0,24696.0
2825,2825,2011.01.19,16050.0,150.0,15650.0,16500.0,15000.0,29880.0
2826,2826,2011.01.20,15700.0,350.0,16050.0,16050.0,15600.0,13397.0
2827,2827,2011.01.21,15600.0,100.0,15600.0,15900.0,15500.0,12281.0
2828,2828,2011.01.24,15700.0,100.0,15800.0,15850.0,15650.0,7362.0
2829,2829,2011.01.25,16300.0,600.0,15650.0,16650.0,15550.0,24940.0
2830,2830,2011.01.26,16250.0,50.0,16500.0,16500.0,16100.0,5220.0
2831,2831,2011.01.27,15900.0,350.0,16500.0,16500.0,15900.0,5750.0
2832,2832,2011.01.28,15800.0,100.0,15800.0,16300.0,15750.0,9790.0
2833,2833,2011.01.31,15550.0,250.0,15600.0,16050.0,15300.0,5221.0
2834,2834,2011.02.01,15700.0,150.0,15250.0,16000.0,15250.0,6571.0
2835,2835,2011.02.07,15600.0,100.0,15700.0,16000.0,15400.0,5350.0
2836,2836,2011.02.08,15500.0,100.0,15700.0,15700.0,15350.0,5961.0
2837,2837,2011.02.09,15500.0,0.0,15650.0,15650.0,15350.0,9430.0
2838,2838,2011.02.10,15350.0,150.0,15650.0,15650.0,15350.0,1600.0
2839,2839,2011.02.11,15150.0,200.0,15400.0,15500.0,14750.0,3360.0
2840,2840,2011.02.14,15000.0,150.0,15300.0,15300.0,14750.0,6490.0
2841,2841,2011.02.15,14650.0,350.0,15000.0,15000.0,14600.0,7150.0
2842,2842,2011.02.16,14600.0,50.0,14900.0,14900.0,14400.0,14800.0
2843,2843,2011.02.17,14250.0,350.0,14900.0,14900.0,14000.0,13790.0
2844,2844,2011.02.18,14050.0,200.0,14200.0,14850.0,14000.0,11200.0
2845,2845,2011.02.21,13900.0,150.0,14200.0,14700.0,13900.0,11175.0
2846,2846,2011.02.22,14000.0,100.0,13900.0,14200.0,13750.0,2160.0
2847,2847,2011.02.23,14000.0,0.0,14000.0,14250.0,13950.0,8120.0
2848,2848,2011.02.24,13900.0,100.0,14050.0,14050.0,13900.0,2100.0
2849,2849,2011.02.25,14200.0,300.0,14250.0,14250.0,13900.0,3661.0
2850,2850,2011.02.28,13950.0,250.0,14100.0,14100.0,13750.0,5130.0
2851,2851,2011.03.02,13750.0,200.0,13900.0,13900.0,13550.0,2100.0
2852,2852,2011.03.03,13900.0,150.0,13700.0,13950.0,13650.0,420.0
2853,2853,2011.03.04,14200.0,300.0,13900.0,14400.0,13900.0,2920.0
2854,2854,2011.03.07,14000.0,200.0,14150.0,14250.0,13950.0,4720.0
2855,2855,2011.03.08,14100.0,100.0,14350.0,14350.0,13900.0,3730.0
2856,2856,2011.03.09,14300.0,200.0,14150.0,14450.0,14100.0,1265.0
2857,2857,2011.03.10,14000.0,300.0,14250.0,14400.0,13750.0,1790.0
2858,2858,2011.03.11,13600.0,400.0,13950.0,14000.0,13500.0,9000.0
2859,2859,2011.03.14,13500.0,100.0,13950.0,13950.0,13250.0,4990.0
2860,2860,2011.03.15,13400.0,100.0,13500.0,13600.0,13000.0,2870.0
2861,2861,2011.03.16,13450.0,50.0,13400.0,13550.0,13150.0,4140.0
2862,2862,2011.03.17,13100.0,350.0,13250.0,13350.0,13000.0,10700.0
2863,2863,2011.03.18,13450.0,350.0,13300.0,13650.0,13300.0,2290.0
2864,2864,2011.03.21,13600.0,150.0,13450.0,13700.0,13350.0,22130.0
2865,2865,2011.03.22,13500.0,100.0,13750.0,13750.0,13500.0,28060.0
2866,2866,2011.03.23,13550.0,50.0,13500.0,13650.0,13400.0,2050.0
2867,2867,2011.03.24,13500.0,50.0,13650.0,13650.0,13300.0,29476.0
2868,2868,2011.03.25,13450.0,50.0,13600.0,13600.0,13200.0,4656.0
2869,2869,2011.03.28,13250.0,200.0,13250.0,13500.0,13150.0,2089.0
2870,2870,2011.03.29,13300.0,50.0,13300.0,13500.0,13050.0,10815.0
2871,2871,2011.03.30,13400.0,100.0,13450.0,13500.0,13200.0,2260.0
2872,2872,2011.03.31,13300.0,100.0,13500.0,13500.0,13150.0,2870.0
2873,2873,2011.04.01,13100.0,200.0,13300.0,13300.0,12850.0,25110.0
2874,2874,2011.04.04,13150.0,50.0,13000.0,13200.0,13000.0,2750.0
2875,2875,2011.04.05,13400.0,250.0,13200.0,13400.0,13050.0,9715.0
2876,2876,2011.04.06,13400.0,0.0,13250.0,13400.0,13200.0,6130.0
2877,2877,2011.04.07,13300.0,100.0,13350.0,13450.0,13250.0,4660.0
2878,2878,2011.04.08,13450.0,150.0,13200.0,13550.0,13150.0,3950.0
2879,2879,2011.04.11,13450.0,0.0,13450.0,13500.0,13250.0,2760.0
2880,2880,2011.04.12,13250.0,200.0,13450.0,13450.0,13200.0,8320.0
2881,2881,2011.04.13,13450.0,200.0,13300.0,13450.0,13150.0,3481.0
2882,2882,2011.04.14,13350.0,100.0,13500.0,13500.0,13250.0,2980.0
2883,2883,2011.04.15,13350.0,0.0,13300.0,13400.0,13250.0,5530.0
2884,2884,2011.04.18,13150.0,200.0,13250.0,13300.0,13100.0,5724.0
2885,2885,2011.04.19,13000.0,150.0,13150.0,13150.0,12800.0,6569.0
2886,2886,2011.04.20,13100.0,100.0,12900.0,13100.0,12750.0,6551.0
2887,2887,2011.04.21,12950.0,150.0,13250.0,13350.0,12900.0,3511.0
2888,2888,2011.04.22,12750.0,200.0,12900.0,13000.0,12650.0,8570.0
2889,2889,2011.04.25,12800.0,50.0,12750.0,13050.0,12700.0,4633.0
2890,2890,2011.04.26,13050.0,250.0,12800.0,13050.0,12700.0,6140.0
2891,2891,2011.04.27,13300.0,250.0,13000.0,13300.0,13000.0,4210.0
2892,2892,2011.04.28,13350.0,50.0,13350.0,13500.0,13200.0,5390.0
2893,2893,2011.04.29,13200.0,150.0,13200.0,13350.0,12850.0,5698.0
2894,2894,2011.05.02,13200.0,0.0,13200.0,13600.0,13150.0,3645.0
2895,2895,2011.05.03,13350.0,150.0,13400.0,13400.0,12950.0,6210.0
2896,2896,2011.05.04,13050.0,300.0,13000.0,13250.0,12900.0,10990.0
2897,2897,2011.05.06,12950.0,100.0,13250.0,13250.0,12950.0,2140.0
2898,2898,2011.05.09,13100.0,150.0,12950.0,13100.0,12900.0,3470.0
2899,2899,2011.05.11,13100.0,0.0,13250.0,13300.0,12850.0,1560.0
2900,2900,2011.05.12,12950.0,150.0,13100.0,13150.0,12900.0,3290.0
2901,2901,2011.05.13,12950.0,0.0,13100.0,13100.0,12850.0,3860.0
2902,2902,2011.05.16,12950.0,0.0,12900.0,13000.0,12800.0,3190.0
2903,2903,2011.05.17,12850.0,100.0,13000.0,13050.0,12850.0,3751.0
2904,2904,2011.05.18,13000.0,150.0,13100.0,13100.0,12800.0,2670.0
2905,2905,2011.05.19,12900.0,100.0,12900.0,13050.0,12750.0,3320.0
2906,2906,2011.05.20,12850.0,50.0,12750.0,13000.0,12600.0,5680.0
2907,2907,2011.05.23,12600.0,250.0,12650.0,12850.0,12450.0,4680.0
2908,2908,2011.05.24,12550.0,50.0,12650.0,12650.0,12450.0,2500.0
2909,2909,2011.05.25,12500.0,50.0,12600.0,12700.0,12450.0,2280.0
2910,2910,2011.05.26,12600.0,100.0,12750.0,12850.0,12450.0,4760.0
2911,2911,2011.05.27,12550.0,50.0,12600.0,12600.0,12450.0,6420.0
2912,2912,2011.05.30,12350.0,200.0,12550.0,12550.0,12150.0,20348.0
2913,2913,2011.05.31,12350.0,0.0,12350.0,12400.0,12150.0,17705.0
2914,2914,2011.06.01,12400.0,50.0,12250.0,12450.0,12250.0,4931.0
2915,2915,2011.06.02,12300.0,100.0,12150.0,12350.0,12100.0,5391.0
2916,2916,2011.06.03,12400.0,100.0,12300.0,12700.0,12250.0,2060.0
2917,2917,2011.06.07,12650.0,250.0,12600.0,12700.0,12600.0,620.0
2918,2918,2011.06.08,12650.0,0.0,12500.0,12800.0,12500.0,1340.0
2919,2919,2011.06.09,13150.0,500.0,12850.0,13150.0,12800.0,1850.0
2920,2920,2011.06.10,13000.0,150.0,13250.0,13300.0,12700.0,2010.0
2921,2921,2011.06.13,12900.0,100.0,12700.0,13000.0,12550.0,3310.0
2922,2922,2011.06.14,13050.0,150.0,13050.0,13200.0,12800.0,8380.0
2923,2923,2011.06.15,13000.0,50.0,12900.0,13050.0,12900.0,160.0
2924,2924,2011.06.16,12750.0,250.0,12700.0,13000.0,12650.0,1360.0
2925,2925,2011.06.17,12950.0,200.0,12800.0,13000.0,12700.0,600.0
2926,2926,2011.06.20,12950.0,0.0,12850.0,13000.0,12750.0,780.0
2927,2927,2011.06.21,12800.0,150.0,13050.0,13050.0,12650.0,6800.0
2928,2928,2011.06.22,12650.0,150.0,12900.0,12900.0,12650.0,3930.0
2929,2929,2011.06.23,12800.0,150.0,12850.0,12900.0,12750.0,195.0
2930,2930,2011.06.24,13000.0,200.0,12950.0,13000.0,12700.0,13160.0
2931,2931,2011.06.27,12900.0,100.0,13050.0,13150.0,12800.0,4835.0
2932,2932,2011.06.28,12850.0,50.0,13200.0,13200.0,12700.0,4910.0
2933,2933,2011.06.29,13000.0,150.0,12750.0,13000.0,12750.0,3480.0
2934,2934,2011.06.30,12900.0,100.0,12850.0,13050.0,12750.0,1661.0
2935,2935,2011.07.01,12900.0,0.0,12900.0,13000.0,12800.0,1520.0
2936,2936,2011.07.04,13300.0,400.0,12900.0,13350.0,12800.0,5750.0
2937,2937,2011.07.05,13300.0,0.0,13300.0,13350.0,13150.0,3911.0
2938,2938,2011.07.06,13500.0,200.0,13150.0,13500.0,13100.0,1950.0
2939,2939,2011.07.07,14100.0,600.0,13500.0,14300.0,13350.0,14130.0
2940,2940,2011.07.08,14100.0,0.0,14100.0,14200.0,13850.0,5405.0
2941,2941,2011.07.11,14100.0,0.0,14100.0,14300.0,13950.0,5330.0
2942,2942,2011.07.12,13800.0,300.0,14000.0,14250.0,13650.0,9098.0
2943,2943,2011.07.13,14100.0,300.0,13600.0,14100.0,13600.0,7400.0
2944,2944,2011.07.14,14250.0,150.0,14000.0,14400.0,14000.0,3870.0
2945,2945,2011.07.15,14200.0,50.0,14250.0,14300.0,14000.0,1320.0
2946,2946,2011.07.18,14300.0,100.0,14200.0,14450.0,14000.0,2350.0
2947,2947,2011.07.19,14700.0,400.0,14450.0,14900.0,14300.0,17645.0
2948,2948,2011.07.20,15000.0,300.0,14700.0,15200.0,14700.0,7680.0
2949,2949,2011.07.21,14950.0,50.0,15000.0,15000.0,14800.0,8220.0
2950,2950,2011.07.22,15100.0,150.0,15050.0,15100.0,14850.0,8950.0
2951,2951,2011.07.25,15050.0,50.0,15000.0,15200.0,14750.0,4580.0
2952,2952,2011.07.26,15200.0,150.0,15050.0,15200.0,14650.0,8698.0
2953,2953,2011.07.27,15000.0,200.0,15200.0,15300.0,14900.0,3449.0
2954,2954,2011.07.28,15150.0,150.0,15000.0,15150.0,14700.0,5280.0
2955,2955,2011.07.29,15000.0,150.0,15000.0,15150.0,14850.0,6460.0
2956,2956,2011.08.01,14900.0,100.0,15100.0,15150.0,14700.0,4840.0
2957,2957,2011.08.02,14450.0,450.0,15000.0,15050.0,14250.0,11923.0
2958,2958,2011.08.03,14200.0,250.0,14250.0,14400.0,13800.0,8950.0
2959,2959,2011.08.04,14250.0,50.0,14300.0,14400.0,13900.0,7440.0
2960,2960,2011.08.05,13800.0,450.0,13600.0,13800.0,13450.0,6680.0
2961,2961,2011.08.08,13300.0,500.0,13700.0,13700.0,12950.0,14660.0
2962,2962,2011.08.09,12650.0,650.0,12950.0,12950.0,11700.0,8180.0
2963,2963,2011.08.10,12700.0,50.0,12850.0,13050.0,12600.0,12917.0
2964,2964,2011.08.11,12700.0,0.0,12500.0,12750.0,12000.0,8690.0
2965,2965,2011.08.12,12700.0,0.0,12700.0,12900.0,12600.0,13323.0
2966,2966,2011.08.16,13150.0,450.0,12950.0,13150.0,12900.0,4800.0
2967,2967,2011.08.17,13600.0,450.0,13150.0,13800.0,13150.0,6790.0
2968,2968,2011.08.18,13500.0,100.0,13400.0,13600.0,13350.0,4620.0
2969,2969,2011.08.19,13200.0,300.0,13000.0,13350.0,12800.0,6860.0
2970,2970,2011.08.22,13000.0,200.0,13200.0,13250.0,12650.0,9630.0
2971,2971,2011.08.23,13300.0,300.0,13100.0,13300.0,12850.0,3570.0
2972,2972,2011.08.24,13250.0,50.0,13100.0,13300.0,13000.0,4890.0
2973,2973,2011.08.25,13450.0,200.0,13400.0,13500.0,13100.0,5250.0
2974,2974,2011.08.26,13550.0,100.0,13150.0,13550.0,13100.0,4280.0
2975,2975,2011.08.29,14100.0,550.0,13350.0,14100.0,13350.0,4850.0
2976,2976,2011.08.30,14150.0,50.0,14100.0,14200.0,13700.0,5510.0
2977,2977,2011.08.31,14050.0,100.0,14200.0,14200.0,13750.0,6550.0
2978,2978,2011.09.01,14050.0,0.0,13900.0,14150.0,13750.0,2670.0
2979,2979,2011.09.02,13950.0,100.0,13750.0,13950.0,13650.0,5040.0
2980,2980,2011.09.05,13900.0,50.0,13700.0,13900.0,13500.0,2670.0
2981,2981,2011.09.06,13650.0,250.0,13700.0,14200.0,13600.0,19520.0
2982,2982,2011.09.07,14450.0,800.0,13800.0,14500.0,13800.0,8540.0
2983,2983,2011.09.08,14300.0,150.0,14300.0,14350.0,14100.0,5080.0
2984,2984,2011.09.09,14500.0,200.0,14500.0,14900.0,14000.0,15020.0
2985,2985,2011.09.14,14250.0,250.0,14200.0,14500.0,13900.0,10990.0
2986,2986,2011.09.15,14200.0,50.0,14300.0,14350.0,13950.0,11440.0
2987,2987,2011.09.16,14650.0,450.0,14150.0,14650.0,14100.0,12664.0
2988,2988,2011.09.19,14400.0,250.0,14550.0,14550.0,14200.0,5640.0
2989,2989,2011.09.20,14400.0,0.0,14500.0,14500.0,14150.0,13800.0
2990,2990,2011.09.21,14650.0,250.0,14300.0,14650.0,14150.0,12610.0
2991,2991,2011.09.22,14300.0,350.0,14500.0,14500.0,14200.0,7490.0
2992,2992,2011.09.23,13900.0,400.0,13900.0,14100.0,13700.0,14650.0
2993,2993,2011.09.26,13350.0,550.0,13900.0,13900.0,13000.0,12783.0
2994,2994,2011.09.27,13800.0,450.0,13800.0,13900.0,13300.0,7923.0
2995,2995,2011.09.28,13900.0,100.0,13650.0,13950.0,13650.0,1410.0
2996,2996,2011.09.29,13950.0,50.0,13850.0,13950.0,13600.0,3672.0
2997,2997,2011.09.30,14000.0,50.0,14050.0,14150.0,13800.0,2000.0
2998,2998,2011.10.04,13700.0,300.0,13800.0,13950.0,13400.0,2180.0
2999,2999,2011.10.05,13500.0,200.0,14150.0,14150.0,13000.0,10720.0
3000,3000,2011.10.06,13350.0,150.0,13700.0,13850.0,13350.0,1020.0
3001,3001,2011.10.07,13850.0,500.0,13400.0,13900.0,13350.0,2333.0
3002,3002,2011.10.10,14000.0,150.0,13900.0,14000.0,13800.0,1020.0
3003,3003,2011.10.11,13850.0,150.0,14050.0,14100.0,13850.0,1720.0
3004,3004,2011.10.12,13900.0,50.0,13900.0,14050.0,13600.0,1560.0
3005,3005,2011.10.13,14000.0,100.0,14000.0,14000.0,13900.0,1600.0
3006,3006,2011.10.14,13950.0,50.0,13750.0,14050.0,13700.0,2500.0
3007,3007,2011.10.17,14000.0,50.0,13950.0,14000.0,13750.0,740.0
3008,3008,2011.10.18,13900.0,100.0,13800.0,14000.0,13600.0,7470.0
3009,3009,2011.10.19,13550.0,350.0,13800.0,13950.0,13400.0,9632.0
3010,3010,2011.10.20,13350.0,200.0,13650.0,13650.0,13350.0,4980.0
3011,3011,2011.10.21,13700.0,350.0,13450.0,13700.0,13300.0,2640.0
3012,3012,2011.10.24,14050.0,350.0,13800.0,14050.0,13600.0,14730.0
3013,3013,2011.10.25,14800.0,750.0,14050.0,14800.0,13900.0,42392.0
3014,3014,2011.10.26,14600.0,200.0,14700.0,14750.0,14400.0,17762.0
3015,3015,2011.10.27,14800.0,200.0,14600.0,14900.0,14450.0,4530.0
3016,3016,2011.10.28,14500.0,300.0,14950.0,14950.0,14350.0,9422.0
3017,3017,2011.10.31,14500.0,0.0,14600.0,14700.0,14400.0,1286.0
3018,3018,2011.11.01,14600.0,100.0,15000.0,15000.0,14200.0,1670.0
3019,3019,2011.11.02,14450.0,150.0,14300.0,14450.0,14000.0,6550.0
3020,3020,2011.11.03,14300.0,150.0,14250.0,14450.0,14000.0,10140.0
3021,3021,2011.11.04,14550.0,250.0,14500.0,14550.0,14250.0,6213.0
3022,3022,2011.11.07,14550.0,0.0,14400.0,14650.0,14350.0,3345.0
3023,3023,2011.11.08,14500.0,50.0,14450.0,14650.0,14450.0,403.0
3024,3024,2011.11.09,14650.0,150.0,14750.0,14800.0,14550.0,1891.0
3025,3025,2011.11.10,14400.0,250.0,14400.0,14400.0,14000.0,16107.0
3026,3026,2011.11.11,14250.0,150.0,14150.0,14250.0,14000.0,4260.0
3027,3027,2011.11.14,14400.0,150.0,14200.0,14400.0,14150.0,1310.0
3028,3028,2011.11.15,14600.0,200.0,14550.0,14650.0,14350.0,3770.0
3029,3029,2011.11.16,14800.0,200.0,14450.0,14800.0,14450.0,14962.0
3030,3030,2011.11.17,14650.0,150.0,14800.0,14800.0,14400.0,1481.0
3031,3031,2011.11.18,14400.0,250.0,14600.0,14600.0,14400.0,1120.0
3032,3032,2011.11.21,14600.0,200.0,14400.0,14650.0,14400.0,460.0
3033,3033,2011.11.22,14550.0,50.0,14550.0,14550.0,14200.0,2230.0
3034,3034,2011.11.23,14500.0,50.0,14400.0,14800.0,14400.0,3050.0
3035,3035,2011.11.24,14400.0,100.0,14300.0,14500.0,14150.0,2610.0
3036,3036,2011.11.25,14400.0,0.0,14650.0,14650.0,14150.0,2920.0
3037,3037,2011.11.28,14500.0,100.0,14550.0,14550.0,14200.0,450.0
3038,3038,2011.11.29,14600.0,100.0,14800.0,14800.0,14600.0,162.0
3039,3039,2011.11.30,14500.0,100.0,14450.0,14500.0,14300.0,10167.0
3040,3040,2011.12.01,14500.0,0.0,14800.0,14900.0,14450.0,9496.0
3041,3041,2011.12.02,14650.0,150.0,14800.0,14850.0,14500.0,6810.0
3042,3042,2011.12.05,14750.0,100.0,14650.0,14800.0,14600.0,910.0
3043,3043,2011.12.06,14650.0,100.0,14800.0,14800.0,14350.0,26510.0
3044,3044,2011.12.07,14700.0,50.0,14650.0,14700.0,14400.0,5050.0
3045,3045,2011.12.08,14600.0,100.0,14500.0,14700.0,14500.0,1930.0
3046,3046,2011.12.09,14400.0,200.0,14450.0,14650.0,14300.0,6990.0
3047,3047,2011.12.12,14800.0,400.0,14350.0,14800.0,14350.0,5836.0
3048,3048,2011.12.13,14550.0,250.0,14800.0,14800.0,14400.0,3760.0
3049,3049,2011.12.14,14950.0,400.0,14550.0,15050.0,14550.0,2410.0
3050,3050,2011.12.15,14850.0,100.0,14600.0,14900.0,14600.0,1290.0
3051,3051,2011.12.16,15450.0,600.0,14700.0,15500.0,14700.0,15710.0
3052,3052,2011.12.19,15100.0,350.0,15400.0,15400.0,14500.0,6290.0
3053,3053,2011.12.20,15250.0,150.0,15050.0,15250.0,14700.0,3191.0
3054,3054,2011.12.21,15350.0,100.0,15050.0,15450.0,15050.0,5101.0
3055,3055,2011.12.22,15300.0,50.0,15100.0,15300.0,15050.0,730.0
3056,3056,2011.12.23,15300.0,0.0,15150.0,15300.0,15150.0,1542.0
3057,3057,2011.12.26,15400.0,100.0,15400.0,15450.0,15300.0,2012.0
3058,3058,2011.12.27,15450.0,50.0,15450.0,15450.0,15150.0,3065.0
3059,3059,2011.12.28,15000.0,450.0,14500.0,15300.0,14500.0,35940.0
3060,3060,2011.12.29,14900.0,100.0,15000.0,15000.0,14700.0,620.0
3061,3061,2012.01.02,14750.0,150.0,14700.0,15100.0,14500.0,6350.0
3062,3062,2012.01.03,14850.0,100.0,15000.0,15000.0,14500.0,2670.0
3063,3063,2012.01.04,14800.0,50.0,14700.0,14800.0,14600.0,1950.0
3064,3064,2012.01.05,14750.0,50.0,14650.0,14750.0,14600.0,6160.0
3065,3065,2012.01.06,14650.0,100.0,14600.0,14750.0,14500.0,2530.0
3066,3066,2012.01.09,14400.0,250.0,14550.0,14650.0,14350.0,4080.0
3067,3067,2012.01.10,14500.0,100.0,14600.0,14600.0,14400.0,2535.0
3068,3068,2012.01.11,14650.0,150.0,14500.0,14650.0,14400.0,10250.0
3069,3069,2012.01.12,14600.0,50.0,14750.0,14750.0,14350.0,5210.0
3070,3070,2012.01.13,14650.0,50.0,14600.0,14700.0,14400.0,3390.0
3071,3071,2012.01.16,14600.0,50.0,14600.0,14650.0,14200.0,5640.0
3072,3072,2012.01.17,14200.0,400.0,14500.0,14750.0,14200.0,21165.0
3073,3073,2012.01.18,14400.0,200.0,14250.0,14400.0,14100.0,7180.0
3074,3074,2012.01.19,14650.0,250.0,14400.0,14650.0,14400.0,1760.0
3075,3075,2012.01.20,14500.0,150.0,14200.0,14500.0,13950.0,16570.0
3076,3076,2012.01.25,14250.0,250.0,14350.0,14450.0,14200.0,4920.0
3077,3077,2012.01.26,14450.0,200.0,14200.0,14550.0,14200.0,3920.0
3078,3078,2012.01.27,14550.0,100.0,14350.0,14550.0,14200.0,9850.0
3079,3079,2012.01.30,14350.0,200.0,14300.0,14650.0,14200.0,3320.0
3080,3080,2012.01.31,14500.0,150.0,14200.0,14500.0,14200.0,1820.0
3081,3081,2012.02.01,14500.0,0.0,14600.0,14600.0,14300.0,1380.0
3082,3082,2012.02.02,14400.0,100.0,14350.0,14500.0,14250.0,2060.0
3083,3083,2012.02.03,14450.0,50.0,14400.0,14500.0,14300.0,4970.0
3084,3084,2012.02.06,14600.0,150.0,14450.0,14850.0,14400.0,6500.0
3085,3085,2012.02.07,14800.0,200.0,14600.0,14800.0,14600.0,3890.0
3086,3086,2012.02.08,15000.0,200.0,14900.0,15000.0,14550.0,970.0
3087,3087,2012.02.09,15100.0,100.0,15150.0,15200.0,14800.0,4520.0
3088,3088,2012.02.10,15150.0,50.0,14950.0,15300.0,14950.0,3440.0
3089,3089,2012.02.13,15100.0,50.0,15000.0,15100.0,14750.0,3870.0
3090,3090,2012.02.14,14950.0,150.0,15250.0,15250.0,14700.0,2490.0
3091,3091,2012.02.15,15050.0,100.0,14800.0,15050.0,14800.0,1350.0
3092,3092,2012.02.16,14950.0,100.0,14950.0,15050.0,14900.0,3140.0
3093,3093,2012.02.17,15100.0,150.0,15450.0,15450.0,14800.0,2080.0
3094,3094,2012.02.20,14950.0,150.0,15200.0,15200.0,14750.0,940.0
3095,3095,2012.02.21,15350.0,400.0,14900.0,15450.0,14900.0,10860.0
3096,3096,2012.02.22,15350.0,0.0,15400.0,15400.0,15300.0,440.0
3097,3097,2012.02.23,15300.0,50.0,15050.0,15350.0,15050.0,2950.0
3098,3098,2012.02.24,15250.0,50.0,15200.0,15400.0,15050.0,3330.0
3099,3099,2012.02.27,15350.0,100.0,15050.0,15500.0,15000.0,8880.0
3100,3100,2012.02.28,15350.0,0.0,15500.0,15500.0,15250.0,1670.0
3101,3101,2012.02.29,15400.0,50.0,15200.0,15400.0,15200.0,1930.0
3102,3102,2012.03.02,16000.0,600.0,15400.0,16200.0,15400.0,14710.0
3103,3103,2012.03.05,15950.0,50.0,16050.0,16050.0,15750.0,25080.0
3104,3104,2012.03.06,15800.0,150.0,15700.0,15900.0,15450.0,5550.0
3105,3105,2012.03.07,15750.0,50.0,15600.0,15750.0,15550.0,270.0
3106,3106,2012.03.08,15650.0,100.0,15600.0,15850.0,15400.0,4250.0
3107,3107,2012.03.09,15800.0,150.0,15800.0,15850.0,15550.0,3320.0
3108,3108,2012.03.12,15750.0,50.0,15750.0,16000.0,15600.0,5070.0
3109,3109,2012.03.13,15650.0,100.0,15750.0,15750.0,15500.0,5071.0
3110,3110,2012.03.14,15950.0,300.0,15550.0,16150.0,15550.0,17080.0
3111,3111,2012.03.15,15950.0,0.0,16150.0,16150.0,15800.0,641.0
3112,3112,2012.03.16,15800.0,150.0,15950.0,16000.0,15600.0,4482.0
3113,3113,2012.03.19,15750.0,50.0,15600.0,16000.0,15550.0,2392.0
3114,3114,2012.03.20,15900.0,150.0,15750.0,16000.0,15700.0,7631.0
3115,3115,2012.03.21,15850.0,50.0,15900.0,15900.0,15650.0,3381.0
3116,3116,2012.03.22,15950.0,100.0,15700.0,15950.0,15550.0,5310.0
3117,3117,2012.03.23,15900.0,50.0,15900.0,15900.0,15700.0,120.0
3118,3118,2012.03.26,15800.0,100.0,15800.0,15900.0,15500.0,4660.0
3119,3119,2012.03.27,15900.0,100.0,15700.0,15900.0,15600.0,3353.0
3120,3120,2012.03.28,15850.0,50.0,15950.0,15950.0,15600.0,1872.0
3121,3121,2012.03.29,15700.0,150.0,15600.0,15850.0,15300.0,4500.0
3122,3122,2012.03.30,15800.0,100.0,15800.0,15800.0,15500.0,460.0
3123,3123,2012.04.02,15800.0,0.0,15600.0,15900.0,15400.0,5190.0
3124,3124,2012.04.03,15550.0,250.0,15900.0,15900.0,15400.0,2880.0
3125,3125,2012.04.04,15400.0,150.0,15250.0,15500.0,15100.0,5150.0
3126,3126,2012.04.05,15200.0,200.0,15200.0,15400.0,14850.0,2500.0
3127,3127,2012.04.06,15100.0,100.0,15150.0,15200.0,14950.0,4540.0
3128,3128,2012.04.09,14850.0,250.0,15100.0,15100.0,14600.0,1040.0
3129,3129,2012.04.10,15250.0,400.0,14900.0,15250.0,14800.0,9140.0
3130,3130,2012.04.12,14950.0,300.0,15500.0,15500.0,14700.0,4600.0
3131,3131,2012.04.13,15100.0,150.0,14950.0,15400.0,14800.0,2180.0
3132,3132,2012.04.16,15300.0,200.0,15100.0,15300.0,15100.0,850.0
3133,3133,2012.04.17,15200.0,100.0,15100.0,15450.0,14700.0,7530.0
3134,3134,2012.04.18,15000.0,200.0,15200.0,15200.0,14800.0,1290.0
3135,3135,2012.04.19,15150.0,150.0,14900.0,15150.0,14700.0,2060.0
3136,3136,2012.04.20,14950.0,200.0,14900.0,14950.0,14700.0,3350.0
3137,3137,2012.04.23,14650.0,300.0,14950.0,14950.0,14650.0,3510.0
3138,3138,2012.04.24,14850.0,200.0,14800.0,14900.0,14500.0,1040.0
3139,3139,2012.04.25,14800.0,50.0,14700.0,14850.0,14600.0,170.0
3140,3140,2012.04.26,14800.0,0.0,14500.0,14800.0,14500.0,1110.0
3141,3141,2012.04.27,14700.0,100.0,15000.0,15000.0,14600.0,6150.0
3142,3142,2012.04.30,14650.0,50.0,14700.0,14750.0,14450.0,290.0
3143,3143,2012.05.02,14950.0,300.0,14450.0,14950.0,14450.0,960.0
3144,3144,2012.05.03,14900.0,50.0,14850.0,14900.0,14600.0,100.0
3145,3145,2012.05.04,15000.0,100.0,14900.0,15500.0,14550.0,445.0
3146,3146,2012.05.07,14950.0,50.0,14950.0,14950.0,14950.0,20.0
3147,3147,2012.05.08,15050.0,100.0,15200.0,15200.0,14750.0,110.0
3148,3148,2012.05.09,14950.0,0.0,14950.0,14950.0,14950.0,0.0
3149,3149,2012.05.10,14800.0,150.0,14750.0,15150.0,14600.0,1130.0
3150,3150,2012.05.11,15050.0,250.0,15350.0,15350.0,14800.0,360.0
3151,3151,2012.05.14,14950.0,100.0,14600.0,15350.0,14550.0,1120.0
3152,3152,2012.05.15,15000.0,50.0,15000.0,15000.0,15000.0,58.0
3153,3153,2012.05.16,15000.0,0.0,15000.0,15300.0,14800.0,10310.0
3154,3154,2012.05.17,14950.0,50.0,14700.0,14950.0,14700.0,830.0
3155,3155,2012.05.18,14850.0,100.0,14550.0,14950.0,14250.0,770.0
3156,3156,2012.05.21,14500.0,350.0,15000.0,15000.0,14300.0,10100.0
3157,3157,2012.05.22,14500.0,0.0,14550.0,14550.0,14100.0,778.0
3158,3158,2012.05.23,14400.0,100.0,14500.0,14500.0,14250.0,342.0
3159,3159,2012.05.24,14500.0,100.0,14550.0,14550.0,14400.0,440.0
3160,3160,2012.05.25,14950.0,450.0,14450.0,14950.0,14200.0,4750.0
3161,3161,2012.05.29,14600.0,350.0,14600.0,14950.0,14500.0,830.0
3162,3162,2012.05.30,14700.0,100.0,14750.0,14750.0,14350.0,380.0
3163,3163,2012.05.31,14800.0,100.0,14950.0,14950.0,14250.0,810.0
3164,3164,2012.06.01,14600.0,200.0,14600.0,14600.0,14400.0,620.0
3165,3165,2012.06.04,14300.0,300.0,14300.0,14350.0,13800.0,2570.0
3166,3166,2012.06.05,14300.0,0.0,14050.0,14450.0,13900.0,880.0
3167,3167,2012.06.07,14550.0,250.0,14700.0,14700.0,14550.0,20.0
3168,3168,2012.06.08,14350.0,200.0,14300.0,14650.0,14200.0,980.0
3169,3169,2012.06.11,14300.0,50.0,14900.0,14900.0,14200.0,1340.0
3170,3170,2012.06.12,14350.0,50.0,14250.0,14400.0,14250.0,5080.0
3171,3171,2012.06.13,14250.0,100.0,14350.0,14350.0,14150.0,4876.0
3172,3172,2012.06.14,14250.0,0.0,14250.0,14250.0,14250.0,0.0
3173,3173,2012.06.15,14300.0,50.0,14150.0,14300.0,14150.0,770.0
3174,3174,2012.06.18,14400.0,100.0,14500.0,14500.0,14200.0,750.0
3175,3175,2012.06.19,14300.0,100.0,14300.0,14300.0,14150.0,450.0
3176,3176,2012.06.20,14500.0,200.0,14300.0,14650.0,14250.0,1560.0
3177,3177,2012.06.21,14200.0,300.0,14300.0,14500.0,13950.0,6080.0
3178,3178,2012.06.22,14100.0,100.0,14050.0,14150.0,13850.0,3410.0
3179,3179,2012.06.25,14000.0,100.0,14150.0,14150.0,13750.0,2360.0
3180,3180,2012.06.26,13850.0,150.0,13700.0,13950.0,13700.0,420.0
3181,3181,2012.06.27,14150.0,300.0,14250.0,14250.0,13700.0,940.0
3182,3182,2012.06.28,13650.0,500.0,14150.0,14150.0,13500.0,5510.0
3183,3183,2012.06.29,13800.0,150.0,13600.0,14750.0,13600.0,1540.0
3184,3184,2012.07.02,13950.0,150.0,13750.0,14400.0,13700.0,1480.0
3185,3185,2012.07.03,13850.0,100.0,13600.0,13950.0,13600.0,2480.0
3186,3186,2012.07.04,14000.0,150.0,13800.0,14000.0,13750.0,950.0
3187,3187,2012.07.05,14000.0,0.0,14000.0,14000.0,14000.0,220.0
3188,3188,2012.07.06,13800.0,200.0,13750.0,13850.0,13750.0,800.0
3189,3189,2012.07.09,13700.0,100.0,13750.0,13800.0,13500.0,695.0
3190,3190,2012.07.10,13600.0,100.0,13700.0,13750.0,13300.0,4260.0
3191,3191,2012.07.11,13600.0,0.0,13400.0,13600.0,13400.0,680.0
3192,3192,2012.07.12,13550.0,50.0,13800.0,13800.0,13550.0,300.0
3193,3193,2012.07.13,13850.0,300.0,13300.0,13900.0,13300.0,4520.0
3194,3194,2012.07.16,13550.0,300.0,13500.0,13700.0,13350.0,3540.0
3195,3195,2012.07.17,13550.0,0.0,13300.0,13550.0,13250.0,1860.0
3196,3196,2012.07.18,13150.0,400.0,13550.0,13550.0,12850.0,9690.0
3197,3197,2012.07.19,13300.0,150.0,13300.0,13300.0,13250.0,420.0
3198,3198,2012.07.20,12800.0,500.0,12950.0,13100.0,12700.0,11786.0
3199,3199,2012.07.23,13050.0,250.0,12750.0,13300.0,12750.0,541.0
3200,3200,2012.07.24,12950.0,100.0,12900.0,13250.0,12750.0,1190.0
3201,3201,2012.07.25,12700.0,250.0,13250.0,13250.0,12600.0,660.0
3202,3202,2012.07.26,12800.0,100.0,12900.0,13200.0,12650.0,790.0
3203,3203,2012.07.27,12950.0,150.0,13200.0,13200.0,12750.0,170.0
3204,3204,2012.07.30,13200.0,250.0,13400.0,13400.0,13000.0,280.0
3205,3205,2012.07.31,13050.0,150.0,14000.0,14000.0,12900.0,3400.0
3206,3206,2012.08.01,13000.0,50.0,13000.0,13000.0,12800.0,360.0
3207,3207,2012.08.02,12650.0,350.0,13250.0,13350.0,12500.0,6240.0
3208,3208,2012.08.03,12800.0,150.0,12650.0,12800.0,12550.0,2160.0
3209,3209,2012.08.06,12450.0,350.0,12800.0,13000.0,12450.0,7860.0
3210,3210,2012.08.07,12850.0,400.0,12550.0,12850.0,12500.0,2430.0
3211,3211,2012.08.08,12700.0,150.0,12800.0,12800.0,12550.0,1841.0
3212,3212,2012.08.09,12700.0,0.0,12700.0,12750.0,12600.0,5130.0
3213,3213,2012.08.10,12600.0,100.0,12600.0,12700.0,12500.0,6460.0
3214,3214,2012.08.13,12600.0,0.0,12600.0,12600.0,12550.0,4870.0
3215,3215,2012.08.14,12700.0,100.0,12550.0,13300.0,12450.0,6180.0
3216,3216,2012.08.16,12550.0,150.0,12500.0,12650.0,12400.0,4170.0
3217,3217,2012.08.17,12550.0,0.0,12450.0,12600.0,12450.0,8656.0
3218,3218,2012.08.20,12400.0,150.0,12550.0,12550.0,12300.0,10241.0
3219,3219,2012.08.21,12400.0,0.0,12700.0,12700.0,12300.0,14300.0
3220,3220,2012.08.22,12400.0,0.0,12400.0,12400.0,12250.0,7472.0
3221,3221,2012.08.23,12200.0,200.0,12400.0,12400.0,12150.0,10897.0
3222,3222,2012.08.24,12200.0,0.0,12050.0,12200.0,12050.0,1460.0
3223,3223,2012.08.27,12100.0,100.0,12150.0,12300.0,11900.0,13363.0
3224,3224,2012.08.28,11850.0,250.0,12000.0,12000.0,11750.0,14272.0
3225,3225,2012.08.29,11800.0,50.0,11750.0,11850.0,11700.0,10141.0
3226,3226,2012.08.30,11750.0,50.0,11800.0,11850.0,11650.0,4140.0
3227,3227,2012.08.31,11800.0,50.0,11650.0,12200.0,11600.0,5010.0
3228,3228,2012.09.03,11850.0,50.0,11800.0,11950.0,11700.0,4040.0
3229,3229,2012.09.04,11700.0,150.0,11850.0,11850.0,11550.0,4480.0
3230,3230,2012.09.05,10950.0,750.0,11600.0,11600.0,10650.0,45210.0
3231,3231,2012.09.06,10450.0,500.0,10950.0,11000.0,10250.0,72046.0
3232,3232,2012.09.07,10700.0,250.0,10600.0,10750.0,10450.0,14141.0
3233,3233,2012.09.10,10700.0,0.0,10700.0,10850.0,10600.0,13020.0
3234,3234,2012.09.11,10700.0,0.0,10650.0,10850.0,10600.0,6201.0
3235,3235,2012.09.12,10850.0,150.0,10750.0,10850.0,10600.0,16980.0
3236,3236,2012.09.13,10650.0,200.0,10850.0,10900.0,10550.0,24130.0
3237,3237,2012.09.14,10900.0,250.0,10750.0,10900.0,10650.0,25100.0
3238,3238,2012.09.17,11300.0,400.0,11000.0,11350.0,10950.0,26500.0
3239,3239,2012.09.18,11500.0,200.0,11200.0,11550.0,11150.0,22160.0
3240,3240,2012.09.19,11500.0,0.0,11500.0,11600.0,11300.0,4344.0
3241,3241,2012.09.20,11550.0,50.0,11500.0,11600.0,11500.0,21635.0
3242,3242,2012.09.21,11550.0,0.0,11500.0,11550.0,11400.0,17346.0
3243,3243,2012.09.24,11600.0,50.0,11700.0,11700.0,11400.0,10600.0
3244,3244,2012.09.25,11600.0,0.0,11500.0,11700.0,11400.0,21842.0
3245,3245,2012.09.26,11450.0,150.0,11650.0,11700.0,11400.0,6552.0
3246,3246,2012.09.27,11400.0,50.0,11450.0,11600.0,11200.0,8660.0
3247,3247,2012.09.28,11500.0,100.0,11400.0,11500.0,11250.0,13860.0
3248,3248,2012.10.02,11650.0,150.0,11700.0,11700.0,11350.0,4210.0
3249,3249,2012.10.04,11450.0,200.0,11400.0,11600.0,11200.0,8972.0
3250,3250,2012.10.05,11300.0,150.0,11400.0,11400.0,11100.0,14781.0
3251,3251,2012.10.08,11150.0,150.0,11100.0,11300.0,11050.0,6011.0
3252,3252,2012.10.09,11300.0,150.0,11050.0,11300.0,11050.0,4290.0
3253,3253,2012.10.10,11150.0,150.0,11250.0,11250.0,11000.0,4700.0
3254,3254,2012.10.11,11250.0,100.0,10900.0,11300.0,10900.0,7960.0
3255,3255,2012.10.12,11200.0,50.0,11100.0,11250.0,11000.0,3041.0
3256,3256,2012.10.15,11400.0,200.0,11200.0,11500.0,10950.0,14720.0
3257,3257,2012.10.16,11250.0,150.0,11200.0,11350.0,11050.0,9420.0
3258,3258,2012.10.17,11200.0,50.0,11150.0,11250.0,11100.0,6700.0
3259,3259,2012.10.18,11300.0,100.0,11450.0,11450.0,11000.0,6060.0
3260,3260,2012.10.19,11300.0,0.0,11100.0,11300.0,11100.0,7350.0
3261,3261,2012.10.22,11100.0,200.0,11050.0,11350.0,11000.0,7161.0
3262,3262,2012.10.23,11150.0,50.0,11200.0,11200.0,11050.0,8110.0
3263,3263,2012.10.24,11100.0,50.0,11100.0,11200.0,11000.0,9138.0
3264,3264,2012.10.25,11100.0,0.0,11050.0,11150.0,11050.0,2274.0
3265,3265,2012.10.26,11000.0,100.0,11050.0,11100.0,10750.0,8440.0
3266,3266,2012.10.29,11000.0,0.0,11000.0,11050.0,10850.0,5570.0
3267,3267,2012.10.30,11250.0,250.0,11100.0,11300.0,10900.0,5711.0
3268,3268,2012.10.31,11200.0,50.0,11000.0,11200.0,11000.0,6460.0
3269,3269,2012.11.01,11200.0,0.0,11050.0,11250.0,10800.0,13931.0
3270,3270,2012.11.02,11300.0,100.0,11200.0,11300.0,11000.0,2960.0
3271,3271,2012.11.05,11100.0,200.0,11300.0,11300.0,11000.0,1840.0
3272,3272,2012.11.06,11250.0,150.0,11000.0,11250.0,10950.0,3230.0
3273,3273,2012.11.07,11150.0,100.0,11250.0,11250.0,11000.0,3510.0
3274,3274,2012.11.08,11100.0,50.0,10950.0,11100.0,10800.0,8580.0
3275,3275,2012.11.09,11050.0,50.0,10950.0,11100.0,10850.0,2623.0
3276,3276,2012.11.12,10800.0,250.0,10850.0,10950.0,10800.0,2940.0
3277,3277,2012.11.13,10900.0,100.0,10900.0,10950.0,10600.0,4100.0
3278,3278,2012.11.14,10850.0,50.0,10700.0,10900.0,10650.0,1322.0
3279,3279,2012.11.15,10800.0,50.0,10650.0,10950.0,10550.0,3470.0
3280,3280,2012.11.16,11000.0,200.0,10600.0,11150.0,10600.0,5031.0
3281,3281,2012.11.19,11000.0,0.0,10900.0,11200.0,10800.0,3050.0
3282,3282,2012.11.20,10850.0,150.0,10900.0,11200.0,10850.0,2064.0
3283,3283,2012.11.21,10800.0,50.0,10800.0,10800.0,10650.0,3290.0
3284,3284,2012.11.22,11000.0,200.0,10700.0,11000.0,10700.0,1840.0
3285,3285,2012.11.23,10750.0,250.0,10750.0,10800.0,10600.0,21910.0
3286,3286,2012.11.26,10700.0,50.0,10650.0,10700.0,10600.0,4120.0
3287,3287,2012.11.27,11100.0,400.0,10650.0,11100.0,10650.0,7290.0
3288,3288,2012.11.28,10850.0,250.0,11000.0,11000.0,10750.0,3210.0
3289,3289,2012.11.29,10900.0,50.0,10750.0,11000.0,10700.0,3620.0
3290,3290,2012.11.30,10800.0,100.0,10750.0,10850.0,10700.0,3621.0
3291,3291,2012.12.03,10800.0,0.0,10700.0,10850.0,10700.0,2790.0
3292,3292,2012.12.04,10850.0,50.0,10700.0,10850.0,10650.0,3860.0
3293,3293,2012.12.05,10800.0,50.0,10800.0,10850.0,10700.0,3220.0
3294,3294,2012.12.06,10950.0,150.0,10700.0,10950.0,10700.0,11410.0
3295,3295,2012.12.07,10900.0,50.0,10950.0,10950.0,10800.0,1091.0
3296,3296,2012.12.10,10950.0,50.0,10850.0,10950.0,10850.0,2670.0
3297,3297,2012.12.11,10900.0,50.0,10850.0,10950.0,10800.0,3730.0
3298,3298,2012.12.12,10950.0,50.0,10900.0,10950.0,10800.0,3230.0
3299,3299,2012.12.13,11000.0,50.0,10900.0,11100.0,10850.0,5363.0
3300,3300,2012.12.14,11100.0,100.0,11000.0,11100.0,10950.0,3409.0
3301,3301,2012.12.17,11150.0,50.0,11050.0,11150.0,11000.0,6111.0
3302,3302,2012.12.18,11050.0,100.0,11100.0,11200.0,11050.0,1500.0
3303,3303,2012.12.20,11250.0,200.0,11100.0,11250.0,11000.0,4170.0
3304,3304,2012.12.21,11250.0,0.0,11200.0,11250.0,11150.0,2561.0
3305,3305,2012.12.24,11300.0,50.0,11300.0,11400.0,11250.0,9586.0
3306,3306,2012.12.26,11450.0,150.0,11300.0,11450.0,11300.0,8884.0
3307,3307,2012.12.27,11150.0,300.0,11400.0,11400.0,11000.0,5221.0
3308,3308,2012.12.28,11250.0,100.0,11300.0,11300.0,11100.0,1401.0
3309,3309,2013.01.02,11300.0,50.0,11150.0,11300.0,11100.0,3034.0
3310,3310,2013.01.03,11250.0,50.0,11200.0,11300.0,11200.0,2511.0
3311,3311,2013.01.04,11300.0,50.0,11200.0,11300.0,11100.0,2870.0
3312,3312,2013.01.07,11300.0,0.0,11300.0,11300.0,11200.0,2120.0
3313,3313,2013.01.08,11300.0,0.0,11250.0,11350.0,11200.0,3750.0
3314,3314,2013.01.09,11200.0,100.0,11300.0,11300.0,11050.0,5790.0
3315,3315,2013.01.10,11250.0,50.0,11150.0,11250.0,11050.0,1260.0
3316,3316,2013.01.11,11100.0,150.0,11200.0,11250.0,11100.0,1730.0
3317,3317,2013.01.14,11500.0,400.0,11050.0,11500.0,11050.0,4600.0
3318,3318,2013.01.15,11300.0,200.0,11450.0,11450.0,11100.0,1770.0
3319,3319,2013.01.16,11800.0,500.0,11300.0,12000.0,11200.0,18810.0
3320,3320,2013.01.17,11800.0,0.0,11800.0,12000.0,11550.0,7690.0
3321,3321,2013.01.18,11800.0,0.0,11800.0,11800.0,11550.0,3820.0
3322,3322,2013.01.21,12150.0,350.0,11600.0,12150.0,11600.0,8790.0
3323,3323,2013.01.22,11950.0,200.0,12200.0,12250.0,11800.0,5914.0
3324,3324,2013.01.23,11500.0,450.0,11700.0,11950.0,11500.0,5178.0
3325,3325,2013.01.24,11350.0,150.0,11500.0,11600.0,11250.0,5231.0
3326,3326,2013.01.25,11250.0,100.0,11350.0,11350.0,11000.0,9001.0
3327,3327,2013.01.28,11200.0,50.0,11300.0,11400.0,11000.0,2730.0
3328,3328,2013.01.29,11100.0,100.0,11000.0,11250.0,11000.0,6911.0
3329,3329,2013.01.30,11000.0,100.0,11050.0,11100.0,10950.0,4367.0
3330,3330,2013.01.31,11100.0,100.0,11000.0,11300.0,10900.0,4040.0
3331,3331,2013.02.01,11250.0,150.0,11050.0,11250.0,10900.0,2900.0
3332,3332,2013.02.04,10900.0,350.0,11100.0,11150.0,10750.0,15060.0
3333,3333,2013.02.05,10900.0,0.0,10750.0,10950.0,10750.0,1490.0
3334,3334,2013.02.06,10500.0,400.0,11000.0,11000.0,10400.0,38660.0
3335,3335,2013.02.07,10450.0,50.0,10550.0,10550.0,10300.0,12649.0
3336,3336,2013.02.08,10450.0,0.0,10400.0,10600.0,10300.0,9243.0
3337,3337,2013.02.12,10550.0,100.0,10450.0,10550.0,10450.0,6893.0
3338,3338,2013.02.13,10650.0,100.0,10550.0,10750.0,10500.0,11200.0
3339,3339,2013.02.14,10700.0,50.0,10700.0,10750.0,10450.0,13972.0
3340,3340,2013.02.15,10700.0,0.0,10600.0,10700.0,10500.0,2741.0
3341,3341,2013.02.18,10700.0,0.0,10600.0,10750.0,10450.0,2591.0
3342,3342,2013.02.19,10600.0,100.0,10650.0,10650.0,10500.0,8300.0
3343,3343,2013.02.20,10650.0,50.0,10500.0,10700.0,10500.0,16810.0
3344,3344,2013.02.21,10700.0,50.0,10650.0,10750.0,10550.0,11053.0
3345,3345,2013.02.22,11150.0,450.0,10800.0,11300.0,10650.0,32174.0
3346,3346,2013.02.25,11000.0,150.0,11200.0,11200.0,10900.0,3341.0
3347,3347,2013.02.26,11050.0,50.0,10950.0,11100.0,10900.0,2112.0
3348,3348,2013.02.27,11200.0,150.0,11050.0,11200.0,11000.0,2930.0
3349,3349,2013.02.28,11300.0,100.0,11250.0,11300.0,11050.0,4300.0
3350,3350,2013.03.04,11600.0,300.0,11250.0,11800.0,11150.0,22280.0
3351,3351,2013.03.05,11550.0,50.0,11600.0,11600.0,11350.0,5150.0
3352,3352,2013.03.06,11600.0,50.0,11550.0,11700.0,11450.0,12230.0
3353,3353,2013.03.07,11450.0,150.0,11400.0,11550.0,11400.0,3002.0
3354,3354,2013.03.08,11100.0,350.0,11250.0,11450.0,10850.0,31120.0
3355,3355,2013.03.11,10950.0,150.0,11100.0,11100.0,10900.0,3182.0
3356,3356,2013.03.12,11000.0,50.0,10900.0,11150.0,10800.0,7630.0
3357,3357,2013.03.13,11000.0,0.0,11100.0,11100.0,10850.0,8670.0
3358,3358,2013.03.14,10950.0,50.0,10900.0,10950.0,10800.0,1320.0
3359,3359,2013.03.15,11000.0,50.0,10950.0,11000.0,10800.0,4340.0
3360,3360,2013.03.18,11050.0,50.0,11000.0,11050.0,10950.0,1360.0
3361,3361,2013.03.19,11150.0,100.0,11050.0,11200.0,10950.0,5630.0
3362,3362,2013.03.20,11000.0,150.0,11050.0,11150.0,11000.0,550.0
3363,3363,2013.03.21,11000.0,0.0,11000.0,11150.0,10850.0,3340.0
3364,3364,2013.03.22,11000.0,0.0,11000.0,11100.0,10800.0,9490.0
3365,3365,2013.03.25,11050.0,50.0,11000.0,11100.0,11000.0,2100.0
3366,3366,2013.03.26,11000.0,50.0,11000.0,11100.0,10800.0,8100.0
3367,3367,2013.03.27,10950.0,50.0,11000.0,11000.0,10850.0,4183.0
3368,3368,2013.03.28,10950.0,0.0,10900.0,10950.0,10800.0,8592.0
3369,3369,2013.03.29,11000.0,50.0,11000.0,11000.0,10900.0,1780.0
3370,3370,2013.04.01,11200.0,200.0,11050.0,11450.0,11000.0,20572.0
3371,3371,2013.04.02,11100.0,100.0,11200.0,11200.0,10900.0,9680.0
3372,3372,2013.04.03,11200.0,100.0,10950.0,11450.0,10950.0,7083.0
3373,3373,2013.04.04,10950.0,250.0,11250.0,11300.0,10700.0,10910.0
3374,3374,2013.04.05,10950.0,0.0,10950.0,10950.0,10700.0,4285.0
3375,3375,2013.04.08,10900.0,50.0,10950.0,10950.0,10600.0,3280.0
3376,3376,2013.04.09,10700.0,200.0,10900.0,10900.0,10400.0,6800.0
3377,3377,2013.04.10,10750.0,50.0,10800.0,10800.0,10550.0,5480.0
3378,3378,2013.04.11,10700.0,50.0,10600.0,10800.0,10550.0,2680.0
3379,3379,2013.04.12,10650.0,50.0,10700.0,10800.0,10550.0,5400.0
3380,3380,2013.04.15,10600.0,50.0,10500.0,10650.0,10400.0,2900.0
3381,3381,2013.04.16,10700.0,100.0,10600.0,10700.0,10300.0,5580.0
3382,3382,2013.04.17,10450.0,250.0,10650.0,10650.0,10250.0,28930.0
3383,3383,2013.04.18,10250.0,200.0,10400.0,10400.0,10200.0,9251.0
3384,3384,2013.04.19,10200.0,50.0,10250.0,10350.0,10100.0,40157.0
3385,3385,2013.04.22,10200.0,0.0,10250.0,10300.0,10100.0,5461.0
3386,3386,2013.04.23,10300.0,100.0,10200.0,10300.0,10150.0,2062.0
3387,3387,2013.04.24,10350.0,50.0,10250.0,10400.0,10250.0,5961.0
3388,3388,2013.04.25,10350.0,0.0,10350.0,10350.0,10250.0,5811.0
3389,3389,2013.04.26,10300.0,50.0,10300.0,10400.0,10200.0,16648.0
3390,3390,2013.04.29,10300.0,0.0,10300.0,10300.0,10200.0,1331.0
3391,3391,2013.04.30,10300.0,0.0,10200.0,10400.0,10200.0,4930.0
3392,3392,2013.05.02,10300.0,0.0,10300.0,10300.0,10250.0,7860.0
3393,3393,2013.05.03,10300.0,0.0,10300.0,10350.0,10250.0,6450.0
3394,3394,2013.05.06,10550.0,250.0,10300.0,10600.0,10300.0,15970.0
3395,3395,2013.05.07,10700.0,150.0,10550.0,10700.0,10500.0,2610.0
3396,3396,2013.05.08,10700.0,0.0,10600.0,10700.0,10250.0,8480.0
3397,3397,2013.05.09,10850.0,150.0,10700.0,10850.0,10700.0,8531.0
3398,3398,2013.05.10,10800.0,50.0,10850.0,11000.0,10550.0,7080.0
3399,3399,2013.05.13,10800.0,0.0,10750.0,10900.0,10650.0,3230.0
3400,3400,2013.05.14,10950.0,150.0,10900.0,11000.0,10750.0,3400.0
3401,3401,2013.05.15,11100.0,150.0,11000.0,11150.0,10950.0,7210.0
3402,3402,2013.05.16,10450.0,650.0,10850.0,11000.0,10350.0,73326.0
3403,3403,2013.05.20,10550.0,100.0,10550.0,10550.0,10300.0,6357.0
3404,3404,2013.05.21,10500.0,50.0,10450.0,10550.0,10350.0,17250.0
3405,3405,2013.05.22,10650.0,150.0,10550.0,10700.0,10500.0,8084.0
3406,3406,2013.05.23,10550.0,100.0,10500.0,10650.0,10500.0,3980.0
3407,3407,2013.05.24,10650.0,100.0,10600.0,10750.0,10500.0,5778.0
3408,3408,2013.05.27,10700.0,50.0,10650.0,10700.0,10600.0,2260.0
3409,3409,2013.05.28,10800.0,100.0,10650.0,10800.0,10600.0,12527.0
3410,3410,2013.05.29,10900.0,100.0,10800.0,11100.0,10750.0,18428.0
3411,3411,2013.05.30,10900.0,0.0,10850.0,11000.0,10750.0,3120.0
3412,3412,2013.05.31,11050.0,150.0,11000.0,11550.0,10950.0,34510.0
3413,3413,2013.06.03,11050.0,0.0,11150.0,11150.0,10900.0,13070.0
3414,3414,2013.06.04,10850.0,200.0,11000.0,11000.0,10700.0,8540.0
3415,3415,2013.06.05,10500.0,350.0,10750.0,11000.0,10500.0,11960.0
3416,3416,2013.06.07,10450.0,50.0,10600.0,10600.0,10300.0,8810.0
3417,3417,2013.06.10,10550.0,100.0,10450.0,10700.0,10400.0,1963.0
3418,3418,2013.06.11,10550.0,0.0,10600.0,10600.0,10400.0,3850.0
3419,3419,2013.06.12,10350.0,200.0,10500.0,10550.0,10300.0,7893.0
3420,3420,2013.06.13,10500.0,150.0,10400.0,10500.0,10300.0,5321.0
3421,3421,2013.06.14,10500.0,0.0,10400.0,10500.0,10350.0,2340.0
3422,3422,2013.06.17,10400.0,100.0,10350.0,10450.0,10300.0,3254.0
3423,3423,2013.06.18,10550.0,150.0,10450.0,10550.0,10450.0,1860.0
3424,3424,2013.06.19,10550.0,0.0,10550.0,10550.0,10400.0,820.0
3425,3425,2013.06.20,10400.0,150.0,10450.0,10600.0,10300.0,6871.0
3426,3426,2013.06.21,10050.0,350.0,10200.0,10300.0,10000.0,16170.0
3427,3427,2013.06.24,10350.0,300.0,10050.0,10400.0,10050.0,3660.0
3428,3428,2013.06.25,10100.0,250.0,10250.0,10300.0,9970.0,12849.0
3429,3429,2013.06.26,10250.0,150.0,10150.0,10300.0,10000.0,1770.0
3430,3430,2013.06.27,10400.0,150.0,10300.0,10400.0,10250.0,1191.0
3431,3431,2013.06.28,10300.0,100.0,10600.0,10700.0,10200.0,11109.0
3432,3432,2013.07.01,10350.0,50.0,10150.0,10350.0,10150.0,4711.0
3433,3433,2013.07.02,10350.0,0.0,10200.0,10350.0,10200.0,2491.0
3434,3434,2013.07.03,10250.0,100.0,10300.0,10350.0,10150.0,2590.0
3435,3435,2013.07.04,10200.0,50.0,10150.0,10200.0,10000.0,9600.0
3436,3436,2013.07.05,10200.0,0.0,10100.0,10200.0,10000.0,8610.0
3437,3437,2013.07.08,10100.0,100.0,10200.0,10200.0,10000.0,5191.0
3438,3438,2013.07.09,10200.0,100.0,10100.0,10200.0,10100.0,220.0
3439,3439,2013.07.10,10100.0,100.0,10100.0,10200.0,10000.0,2580.0
3440,3440,2013.07.11,10000.0,100.0,10100.0,10100.0,10000.0,21990.0
3441,3441,2013.07.12,10050.0,50.0,10050.0,10050.0,10000.0,9810.0
3442,3442,2013.07.15,10000.0,50.0,10050.0,10100.0,9970.0,5472.0
3443,3443,2013.07.16,10050.0,50.0,10050.0,10050.0,9980.0,4521.0
3444,3444,2013.07.17,10100.0,50.0,10050.0,10100.0,9990.0,7500.0
3445,3445,2013.07.18,10050.0,50.0,10000.0,10100.0,10000.0,1710.0
3446,3446,2013.07.19,10100.0,50.0,10050.0,10100.0,10000.0,2180.0
3447,3447,2013.07.22,10200.0,100.0,10050.0,10200.0,10050.0,6748.0
3448,3448,2013.07.23,10200.0,0.0,10200.0,10250.0,10100.0,2990.0
3449,3449,2013.07.24,10250.0,50.0,10250.0,10300.0,10150.0,3110.0
3450,3450,2013.07.25,10300.0,50.0,10150.0,10300.0,10150.0,2600.0
3451,3451,2013.07.26,10200.0,100.0,10200.0,10250.0,10150.0,8840.0
3452,3452,2013.07.29,10200.0,0.0,10200.0,10300.0,10150.0,5841.0
3453,3453,2013.07.30,10400.0,200.0,10200.0,10450.0,10200.0,7360.0
3454,3454,2013.07.31,10300.0,100.0,10300.0,10350.0,10200.0,4620.0
3455,3455,2013.08.01,10250.0,50.0,10350.0,10350.0,10200.0,10600.0
3456,3456,2013.08.02,10400.0,150.0,10250.0,10400.0,10200.0,5260.0
3457,3457,2013.08.05,10500.0,100.0,10400.0,10500.0,10300.0,8230.0
3458,3458,2013.08.06,10450.0,50.0,10450.0,10500.0,10400.0,1820.0
3459,3459,2013.08.07,10450.0,0.0,10400.0,10500.0,10400.0,4530.0
3460,3460,2013.08.08,10500.0,50.0,10450.0,10600.0,10450.0,5830.0
3461,3461,2013.08.09,10600.0,100.0,10550.0,10600.0,10500.0,3760.0
3462,3462,2013.08.12,10550.0,50.0,10450.0,10550.0,10450.0,7710.0
3463,3463,2013.08.13,10550.0,0.0,10500.0,10600.0,10500.0,2548.0
3464,3464,2013.08.14,10600.0,50.0,10550.0,10600.0,10500.0,2490.0
3465,3465,2013.08.16,10600.0,0.0,10500.0,10600.0,10500.0,4260.0
3466,3466,2013.08.19,10650.0,50.0,10550.0,10650.0,10500.0,6480.0
3467,3467,2013.08.20,10600.0,50.0,10600.0,10650.0,10500.0,22280.0
3468,3468,2013.08.21,10600.0,0.0,10600.0,10650.0,10500.0,25020.0
3469,3469,2013.08.22,10600.0,0.0,10600.0,10650.0,10500.0,25970.0
3470,3470,2013.08.23,10650.0,50.0,10700.0,10700.0,10600.0,13290.0
3471,3471,2013.08.26,10700.0,50.0,10700.0,10700.0,10600.0,1180.0
3472,3472,2013.08.27,10650.0,50.0,10650.0,10700.0,10650.0,1829.0
3473,3473,2013.08.28,10650.0,0.0,10650.0,10650.0,10600.0,1871.0
3474,3474,2013.08.29,10600.0,50.0,10550.0,10600.0,10500.0,31631.0
3475,3475,2013.08.30,10650.0,50.0,10500.0,10650.0,10500.0,4200.0
3476,3476,2013.09.02,10500.0,150.0,10550.0,10600.0,10500.0,1559.0
3477,3477,2013.09.03,10550.0,50.0,10600.0,10600.0,10550.0,1740.0
3478,3478,2013.09.04,10650.0,100.0,10550.0,10650.0,10550.0,660.0
3479,3479,2013.09.05,10650.0,0.0,10550.0,10650.0,10550.0,460.0
3480,3480,2013.09.06,10700.0,50.0,10550.0,10700.0,10550.0,1100.0
3481,3481,2013.09.09,10800.0,100.0,10600.0,10800.0,10600.0,1510.0
3482,3482,2013.09.10,10800.0,0.0,10700.0,10900.0,10700.0,3180.0
3483,3483,2013.09.11,10850.0,50.0,10800.0,10850.0,10750.0,2320.0
3484,3484,2013.09.12,10850.0,0.0,10850.0,10850.0,10700.0,1690.0
3485,3485,2013.09.13,10750.0,100.0,10850.0,10850.0,10700.0,1750.0
3486,3486,2013.09.16,10800.0,50.0,10650.0,10800.0,10650.0,940.0
3487,3487,2013.09.17,10750.0,50.0,10650.0,10750.0,10650.0,260.0
3488,3488,2013.09.23,10700.0,50.0,10700.0,10750.0,10600.0,1020.0
3489,3489,2013.09.24,10650.0,50.0,10700.0,10900.0,10650.0,7093.0
3490,3490,2013.09.25,10650.0,0.0,10650.0,10700.0,10550.0,3260.0
3491,3491,2013.09.26,10650.0,0.0,10600.0,10650.0,10500.0,10430.0
3492,3492,2013.09.27,10650.0,0.0,10500.0,10700.0,10500.0,1440.0
3493,3493,2013.09.30,10550.0,100.0,10650.0,10700.0,10500.0,1780.0
3494,3494,2013.10.01,10650.0,100.0,10700.0,10700.0,10250.0,5010.0
3495,3495,2013.10.02,10650.0,0.0,10550.0,10650.0,10500.0,760.0
3496,3496,2013.10.04,10600.0,50.0,10500.0,10600.0,10300.0,1220.0
3497,3497,2013.10.07,10400.0,200.0,10550.0,10600.0,10250.0,2231.0
3498,3498,2013.10.08,9970.0,430.0,10300.0,10400.0,9900.0,41422.0
3499,3499,2013.10.10,9960.0,10.0,9970.0,10100.0,9920.0,6755.0
3500,3500,2013.10.11,10050.0,90.0,9960.0,10200.0,9910.0,10420.0
3501,3501,2013.10.14,9940.0,110.0,10100.0,10100.0,9870.0,14390.0
3502,3502,2013.10.15,9780.0,160.0,9980.0,9980.0,9670.0,6360.0
3503,3503,2013.10.16,9730.0,50.0,9780.0,9940.0,9600.0,10803.0
3504,3504,2013.10.17,9640.0,90.0,9800.0,9800.0,9540.0,11370.0
3505,3505,2013.10.18,9450.0,190.0,9510.0,9620.0,9400.0,11102.0
3506,3506,2013.10.21,9710.0,260.0,9450.0,10000.0,9430.0,2300.0
3507,3507,2013.10.22,9740.0,30.0,9710.0,9780.0,9550.0,2851.0
3508,3508,2013.10.23,9760.0,20.0,9630.0,9770.0,9570.0,1170.0
3509,3509,2013.10.24,9830.0,70.0,9670.0,9830.0,9640.0,5220.0
3510,3510,2013.10.25,9900.0,70.0,9830.0,9900.0,9830.0,6585.0
3511,3511,2013.10.28,9850.0,50.0,9850.0,9850.0,9720.0,40.0
3512,3512,2013.10.29,9970.0,120.0,9850.0,9970.0,9850.0,1990.0
3513,3513,2013.10.30,9970.0,0.0,9950.0,10000.0,9850.0,4300.0
3514,3514,2013.10.31,9950.0,20.0,9810.0,9950.0,9810.0,533.0
3515,3515,2013.11.01,9940.0,10.0,9550.0,9950.0,9550.0,2270.0
3516,3516,2013.11.04,9820.0,120.0,9940.0,9940.0,9610.0,1430.0
3517,3517,2013.11.05,9900.0,80.0,9650.0,9900.0,9650.0,30.0
3518,3518,2013.11.06,9900.0,0.0,9800.0,9900.0,9800.0,490.0
3519,3519,2013.11.07,9940.0,40.0,9900.0,9960.0,9800.0,480.0
3520,3520,2013.11.08,9900.0,40.0,9900.0,9900.0,9900.0,40.0
3521,3521,2013.11.11,9920.0,20.0,9630.0,9930.0,9630.0,1590.0
3522,3522,2013.11.12,9880.0,40.0,9920.0,9920.0,9880.0,892.0
3523,3523,2013.11.13,9800.0,80.0,9900.0,9900.0,9760.0,770.0
3524,3524,2013.11.14,9790.0,10.0,9640.0,9860.0,9640.0,150.0
3525,3525,2013.11.15,9600.0,190.0,9500.0,9600.0,9050.0,8761.0
3526,3526,2013.11.18,9600.0,0.0,9580.0,9600.0,9330.0,600.0
3527,3527,2013.11.19,9500.0,100.0,9600.0,9600.0,9330.0,11172.0
3528,3528,2013.11.20,9370.0,130.0,9550.0,9550.0,9330.0,3411.0
3529,3529,2013.11.21,9370.0,0.0,9330.0,9370.0,9300.0,77250.0
3530,3530,2013.11.22,9500.0,130.0,9370.0,9500.0,9350.0,33184.0
3531,3531,2013.11.25,9450.0,50.0,9410.0,9550.0,9350.0,6160.0
3532,3532,2013.11.26,9420.0,30.0,9350.0,9500.0,9350.0,4362.0
3533,3533,2013.11.27,9450.0,30.0,9410.0,9490.0,9350.0,4300.0
3534,3534,2013.11.28,9490.0,40.0,9360.0,9490.0,9360.0,5023.0
3535,3535,2013.11.29,9540.0,50.0,9500.0,9550.0,9500.0,5460.0
3536,3536,2013.12.02,9690.0,150.0,9540.0,9690.0,9530.0,820.0
3537,3537,2013.12.03,9670.0,20.0,9640.0,9670.0,9500.0,900.0
3538,3538,2013.12.04,9480.0,190.0,9490.0,9550.0,9390.0,6730.0
3539,3539,2013.12.05,9400.0,80.0,9400.0,9490.0,9400.0,8610.0
3540,3540,2013.12.06,9480.0,80.0,9400.0,9550.0,9400.0,2850.0
3541,3541,2013.12.09,9520.0,40.0,9500.0,9540.0,9410.0,270.0
3542,3542,2013.12.10,9520.0,0.0,9520.0,9520.0,9410.0,540.0
3543,3543,2013.12.11,9520.0,0.0,9540.0,9540.0,9430.0,250.0
3544,3544,2013.12.12,9500.0,20.0,9520.0,9520.0,9400.0,2360.0
3545,3545,2013.12.13,9480.0,20.0,9500.0,9550.0,9400.0,5710.0
3546,3546,2013.12.16,9680.0,200.0,9400.0,9680.0,9400.0,16200.0
3547,3547,2013.12.17,9590.0,90.0,9500.0,9600.0,9500.0,23190.0
3548,3548,2013.12.18,9550.0,40.0,9600.0,9690.0,9500.0,19193.0
3549,3549,2013.12.19,9600.0,50.0,9470.0,9680.0,9470.0,2220.0
3550,3550,2013.12.20,9470.0,130.0,9500.0,9600.0,9470.0,140.0
3551,3551,2013.12.23,9670.0,200.0,9510.0,9670.0,9510.0,1410.0
3552,3552,2013.12.24,9780.0,110.0,9640.0,9780.0,9600.0,6850.0
3553,3553,2013.12.26,9870.0,90.0,9940.0,9940.0,9750.0,3320.0
3554,3554,2013.12.27,9810.0,60.0,9740.0,9810.0,9500.0,15332.0
3555,3555,2013.12.30,9750.0,60.0,9800.0,9800.0,9600.0,2162.0
3556,3556,2014.01.02,9500.0,250.0,9700.0,9700.0,9500.0,10936.0
3557,3557,2014.01.03,9690.0,190.0,9600.0,9700.0,9450.0,8000.0
3558,3558,2014.01.06,9500.0,190.0,9620.0,9620.0,9500.0,221.0
3559,3559,2014.01.07,9690.0,190.0,9500.0,9690.0,9470.0,9940.0
3560,3560,2014.01.08,9800.0,110.0,9540.0,9800.0,9540.0,2910.0
3561,3561,2014.01.09,9540.0,260.0,9820.0,9820.0,9510.0,1930.0
3562,3562,2014.01.10,9550.0,10.0,9580.0,9610.0,9530.0,1300.0
3563,3563,2014.01.13,9740.0,190.0,9690.0,9740.0,9500.0,8230.0
3564,3564,2014.01.14,9790.0,50.0,9890.0,9890.0,9780.0,2890.0
3565,3565,2014.01.15,9700.0,90.0,9610.0,9700.0,9610.0,1252.0
3566,3566,2014.01.16,9830.0,130.0,9740.0,9900.0,9740.0,18511.0
3567,3567,2014.01.17,9870.0,40.0,9880.0,9880.0,9650.0,1332.0
3568,3568,2014.01.20,9980.0,110.0,9680.0,10050.0,9680.0,18520.0
3569,3569,2014.01.21,10250.0,270.0,10050.0,10250.0,10000.0,24323.0
3570,3570,2014.01.22,10200.0,50.0,10000.0,10250.0,10000.0,3960.0
3571,3571,2014.01.23,10150.0,50.0,10200.0,10250.0,10150.0,4040.0
3572,3572,2014.01.24,10050.0,100.0,9900.0,10100.0,9900.0,3151.0
3573,3573,2014.01.27,10000.0,50.0,9730.0,10050.0,9730.0,6370.0
3574,3574,2014.01.28,10050.0,50.0,10100.0,10100.0,10000.0,5010.0
3575,3575,2014.01.29,10100.0,50.0,10000.0,10100.0,9930.0,1700.0
3576,3576,2014.02.03,9900.0,200.0,10100.0,10100.0,9800.0,12132.0
3577,3577,2014.02.04,9990.0,90.0,9760.0,10000.0,9760.0,1980.0
3578,3578,2014.02.05,10050.0,60.0,10000.0,10100.0,9950.0,23510.0
3579,3579,2014.02.06,10000.0,50.0,10000.0,10200.0,10000.0,9390.0
3580,3580,2014.02.07,10150.0,150.0,10000.0,10300.0,10000.0,530.0
3581,3581,2014.02.10,10250.0,100.0,10050.0,10350.0,10050.0,6560.0
3582,3582,2014.02.11,10000.0,250.0,10250.0,10250.0,10000.0,14260.0
3583,3583,2014.02.12,10050.0,50.0,10050.0,10200.0,10050.0,4810.0
3584,3584,2014.02.13,10350.0,300.0,10100.0,10450.0,10100.0,8241.0
3585,3585,2014.02.14,10200.0,150.0,10350.0,10400.0,10150.0,3120.0
3586,3586,2014.02.17,10250.0,50.0,10400.0,10400.0,10200.0,1380.0
3587,3587,2014.02.18,10400.0,150.0,10400.0,10400.0,10250.0,4741.0
3588,3588,2014.02.19,10350.0,50.0,10150.0,10450.0,10150.0,6010.0
3589,3589,2014.02.20,10700.0,350.0,10250.0,10700.0,10250.0,15560.0
3590,3590,2014.02.21,10700.0,0.0,10450.0,10700.0,10450.0,3500.0
3591,3591,2014.02.24,10700.0,0.0,10700.0,10700.0,10500.0,5970.0
3592,3592,2014.02.25,11450.0,750.0,10700.0,11550.0,10700.0,30082.0
3593,3593,2014.02.26,11200.0,250.0,11500.0,11500.0,10850.0,16607.0
3594,3594,2014.02.27,10950.0,250.0,11200.0,11200.0,10950.0,5198.0
3595,3595,2014.02.28,11150.0,200.0,11200.0,11200.0,10950.0,4000.0
3596,3596,2014.03.03,11600.0,450.0,11250.0,12000.0,11150.0,45921.0
3597,3597,2014.03.04,11900.0,300.0,11600.0,12250.0,11550.0,67682.0
3598,3598,2014.03.05,12000.0,100.0,11900.0,12050.0,11750.0,43791.0
3599,3599,2014.03.06,12950.0,950.0,12000.0,13400.0,12000.0,172970.0
3600,3600,2014.03.07,12750.0,200.0,12800.0,12900.0,12500.0,42220.0
3601,3601,2014.03.10,12600.0,150.0,12550.0,12800.0,12450.0,13460.0
3602,3602,2014.03.11,12700.0,100.0,12600.0,12850.0,12500.0,28730.0
3603,3603,2014.03.12,12600.0,100.0,12500.0,12800.0,12150.0,22160.0
3604,3604,2014.03.13,12600.0,0.0,12500.0,12650.0,12300.0,20420.0
3605,3605,2014.03.14,12500.0,100.0,12050.0,12500.0,12050.0,13320.0
3606,3606,2014.03.17,12300.0,200.0,12500.0,12500.0,12100.0,13190.0
3607,3607,2014.03.18,12500.0,200.0,12100.0,12600.0,12100.0,4340.0
3608,3608,2014.03.19,12900.0,400.0,12200.0,13500.0,12200.0,50095.0
3609,3609,2014.03.20,12750.0,150.0,12900.0,13100.0,12500.0,7880.0
3610,3610,2014.03.21,12700.0,50.0,12600.0,12700.0,12550.0,3560.0
3611,3611,2014.03.24,12400.0,300.0,12400.0,12650.0,12350.0,5680.0
3612,3612,2014.03.25,12600.0,200.0,12400.0,12600.0,12250.0,2550.0
3613,3613,2014.03.26,11750.0,850.0,12400.0,12400.0,11600.0,45180.0
3614,3614,2014.03.27,11950.0,200.0,12000.0,12000.0,11700.0,5150.0
3615,3615,2014.03.28,12050.0,100.0,11950.0,12400.0,11850.0,9730.0
3616,3616,2014.03.31,12100.0,50.0,12150.0,12250.0,11850.0,6180.0
3617,3617,2014.04.01,12000.0,100.0,11950.0,12150.0,11950.0,1861.0
3618,3618,2014.04.02,11950.0,50.0,12000.0,12000.0,11500.0,8268.0
3619,3619,2014.04.03,11700.0,250.0,11950.0,11950.0,11550.0,570.0
3620,3620,2014.04.04,11750.0,50.0,11800.0,11800.0,11500.0,5040.0
3621,3621,2014.04.07,11550.0,200.0,11750.0,11800.0,11300.0,4410.0
3622,3622,2014.04.08,11500.0,50.0,11500.0,11500.0,11300.0,480.0
3623,3623,2014.04.09,11400.0,100.0,11600.0,11600.0,11200.0,4900.0
3624,3624,2014.04.10,11300.0,100.0,11400.0,11450.0,10800.0,20110.0
3625,3625,2014.04.11,11050.0,250.0,10600.0,11200.0,10600.0,11940.0
3626,3626,2014.04.14,10600.0,450.0,11050.0,11050.0,10500.0,24861.0
3627,3627,2014.04.15,11150.0,550.0,10800.0,11300.0,10600.0,44256.0
3628,3628,2014.04.16,11000.0,150.0,11150.0,11150.0,10700.0,22001.0
3629,3629,2014.04.17,11350.0,350.0,11150.0,11800.0,11050.0,107330.0
3630,3630,2014.04.18,12150.0,800.0,11250.0,12150.0,11100.0,210037.0
3631,3631,2014.04.21,12050.0,100.0,12150.0,12450.0,11900.0,67751.0
3632,3632,2014.04.22,12050.0,0.0,12050.0,12250.0,11900.0,30210.0
3633,3633,2014.04.23,12050.0,0.0,12000.0,12050.0,11800.0,29800.0
3634,3634,2014.04.24,11700.0,350.0,12100.0,12100.0,11500.0,34180.0
3635,3635,2014.04.25,11550.0,150.0,11600.0,11750.0,11300.0,23151.0
3636,3636,2014.04.28,11400.0,150.0,11400.0,11550.0,11300.0,17319.0
3637,3637,2014.04.29,11400.0,0.0,11500.0,11500.0,11200.0,9580.0
3638,3638,2014.04.30,11000.0,400.0,11300.0,11350.0,11000.0,21853.0
3639,3639,2014.05.02,11300.0,300.0,11400.0,11500.0,11000.0,11070.0
3640,3640,2014.05.07,11100.0,200.0,11300.0,11300.0,11050.0,5492.0
3641,3641,2014.05.08,11600.0,500.0,11350.0,11600.0,11200.0,24632.0
3642,3642,2014.05.09,11700.0,100.0,11800.0,11800.0,11450.0,18130.0
3643,3643,2014.05.12,11950.0,250.0,11800.0,12250.0,11800.0,39980.0
3644,3644,2014.05.13,12450.0,500.0,12200.0,12500.0,11900.0,42304.0
3645,3645,2014.05.14,12350.0,100.0,12450.0,12450.0,12150.0,8470.0
3646,3646,2014.05.15,12200.0,150.0,12350.0,12350.0,12000.0,25880.0
3647,3647,2014.05.16,12200.0,0.0,12200.0,12300.0,12100.0,14720.0
3648,3648,2014.05.19,12250.0,50.0,12100.0,12250.0,11850.0,31180.0
3649,3649,2014.05.20,12100.0,150.0,12350.0,12350.0,12000.0,32760.0
3650,3650,2014.05.21,12550.0,450.0,12050.0,12950.0,12050.0,36604.0
3651,3651,2014.05.22,13650.0,1100.0,12550.0,13900.0,12450.0,64387.0
3652,3652,2014.05.23,13650.0,0.0,13700.0,14600.0,13650.0,107260.0
3653,3653,2014.05.26,14150.0,500.0,13650.0,14200.0,13650.0,29180.0
3654,3654,2014.05.27,13900.0,250.0,14150.0,14200.0,13550.0,21728.0
3655,3655,2014.05.28,13900.0,0.0,13900.0,14100.0,13850.0,14127.0
3656,3656,2014.05.29,14500.0,600.0,13850.0,14500.0,13800.0,32846.0
3657,3657,2014.05.30,14800.0,300.0,14600.0,14900.0,14200.0,25361.0
3658,3658,2014.06.02,14400.0,400.0,14650.0,14900.0,14300.0,19671.0
3659,3659,2014.06.03,14850.0,450.0,14500.0,15450.0,14500.0,49176.0
3660,3660,2014.06.05,14900.0,50.0,14700.0,15300.0,14500.0,29250.0
3661,3661,2014.06.09,15600.0,700.0,14850.0,15900.0,14850.0,43079.0
3662,3662,2014.06.10,15300.0,300.0,15750.0,15750.0,15200.0,15981.0
3663,3663,2014.06.11,15100.0,200.0,15400.0,15400.0,14900.0,10027.0
3664,3664,2014.06.12,14500.0,600.0,15100.0,15150.0,14450.0,30562.0
3665,3665,2014.06.13,14900.0,400.0,14400.0,15100.0,14400.0,10159.0
3666,3666,2014.06.16,14500.0,400.0,14700.0,14950.0,14450.0,9839.0
3667,3667,2014.06.17,14750.0,250.0,14700.0,14900.0,14250.0,25659.0
3668,3668,2014.06.18,15400.0,650.0,14800.0,15450.0,14700.0,42669.0
3669,3669,2014.06.19,15650.0,250.0,15400.0,15650.0,15200.0,28788.0
3670,3670,2014.06.20,16350.0,700.0,15750.0,16500.0,15750.0,40212.0
3671,3671,2014.06.23,17000.0,650.0,16200.0,17200.0,16200.0,47150.0
3672,3672,2014.06.24,18700.0,1700.0,17100.0,19550.0,17100.0,256019.0
3673,3673,2014.06.25,18800.0,100.0,18800.0,18900.0,17900.0,44608.0
3674,3674,2014.06.26,19700.0,900.0,18850.0,19900.0,18700.0,56543.0
3675,3675,2014.06.27,19350.0,350.0,19800.0,19900.0,19100.0,37901.0
3676,3676,2014.06.30,18750.0,600.0,19200.0,19450.0,18300.0,43990.0
3677,3677,2014.07.01,19250.0,500.0,19100.0,19300.0,18750.0,20675.0
3678,3678,2014.07.02,19100.0,150.0,19250.0,19300.0,18900.0,22866.0
3679,3679,2014.07.03,20450.0,1350.0,19100.0,20550.0,19100.0,34667.0
3680,3680,2014.07.04,20100.0,350.0,20500.0,20900.0,19800.0,34340.0
3681,3681,2014.07.07,20750.0,650.0,19800.0,20800.0,19700.0,28190.0
3682,3682,2014.07.08,21500.0,750.0,20800.0,21500.0,20300.0,38496.0
3683,3683,2014.07.09,21450.0,50.0,21500.0,21700.0,21100.0,19463.0
3684,3684,2014.07.10,20400.0,1050.0,21500.0,21500.0,19800.0,49051.0
3685,3685,2014.07.11,20550.0,150.0,20500.0,20800.0,19000.0,42119.0
3686,3686,2014.07.14,20450.0,100.0,20350.0,20600.0,20250.0,9092.0
3687,3687,2014.07.15,19900.0,550.0,20450.0,20900.0,19700.0,22711.0
3688,3688,2014.07.16,19850.0,50.0,19800.0,20000.0,19000.0,24817.0
3689,3689,2014.07.17,19950.0,100.0,19800.0,19950.0,19500.0,12107.0
3690,3690,2014.07.18,20200.0,250.0,19800.0,20450.0,19800.0,11782.0
3691,3691,2014.07.21,20350.0,150.0,20300.0,20500.0,20000.0,12426.0
3692,3692,2014.07.22,20400.0,50.0,20200.0,20600.0,19900.0,9848.0
3693,3693,2014.07.23,20000.0,400.0,20450.0,20450.0,19750.0,20758.0
3694,3694,2014.07.24,19200.0,800.0,20100.0,20200.0,18800.0,35887.0
3695,3695,2014.07.25,19750.0,550.0,19700.0,19850.0,19200.0,10578.0
3696,3696,2014.07.28,19100.0,650.0,19950.0,19950.0,18850.0,12270.0
3697,3697,2014.07.29,19150.0,50.0,19200.0,19400.0,18750.0,9710.0
3698,3698,2014.07.30,19500.0,350.0,19400.0,19700.0,18800.0,7681.0
3699,3699,2014.07.31,19600.0,100.0,19750.0,19900.0,19000.0,32517.0
3700,3700,2014.08.01,20000.0,400.0,19800.0,20100.0,19200.0,15414.0
3701,3701,2014.08.04,19600.0,400.0,20000.0,20000.0,19350.0,8497.0
3702,3702,2014.08.05,19100.0,500.0,19600.0,19600.0,18500.0,41353.0
3703,3703,2014.08.06,19350.0,250.0,19150.0,19600.0,19000.0,9359.0
3704,3704,2014.08.07,19250.0,100.0,19800.0,19800.0,19250.0,5927.0
3705,3705,2014.08.08,19350.0,100.0,19450.0,19600.0,19000.0,9736.0
3706,3706,2014.08.11,19550.0,200.0,19350.0,19550.0,19350.0,6776.0
3707,3707,2014.08.12,21300.0,1750.0,19650.0,21300.0,19650.0,41451.0
3708,3708,2014.08.13,20900.0,400.0,20900.0,21700.0,20700.0,18608.0
3709,3709,2014.08.14,20650.0,250.0,20650.0,21100.0,20300.0,16547.0
3710,3710,2014.08.18,19900.0,750.0,20850.0,20900.0,19550.0,23635.0
3711,3711,2014.08.19,20250.0,350.0,20000.0,20600.0,19550.0,23694.0
3712,3712,2014.08.20,20350.0,100.0,20300.0,20350.0,19950.0,10374.0
3713,3713,2014.08.21,19850.0,500.0,20350.0,20650.0,19850.0,10584.0
3714,3714,2014.08.22,21000.0,1150.0,20000.0,21200.0,20000.0,43391.0
3715,3715,2014.08.25,21600.0,600.0,21000.0,21700.0,20900.0,21041.0
3716,3716,2014.08.26,22450.0,850.0,21600.0,22650.0,21600.0,35103.0
3717,3717,2014.08.27,21850.0,600.0,22500.0,22750.0,21350.0,24848.0
3718,3718,2014.08.28,22400.0,550.0,21750.0,22700.0,21550.0,21924.0
3719,3719,2014.08.29,22900.0,500.0,22400.0,22900.0,21950.0,14101.0
3720,3720,2014.09.01,22650.0,250.0,22900.0,23100.0,22200.0,22334.0
3721,3721,2014.09.02,22400.0,250.0,22650.0,22650.0,21650.0,18635.0
3722,3722,2014.09.03,22000.0,400.0,21950.0,22200.0,21300.0,35193.0
3723,3723,2014.09.04,21650.0,350.0,21800.0,22000.0,21500.0,21825.0
3724,3724,2014.09.05,23000.0,1350.0,21700.0,23200.0,21300.0,52083.0
3725,3725,2014.09.11,23150.0,150.0,23000.0,23200.0,22400.0,27002.0
3726,3726,2014.09.12,22900.0,250.0,23000.0,23400.0,22500.0,14921.0
3727,3727,2014.09.15,22300.0,600.0,22700.0,22850.0,22200.0,16702.0
3728,3728,2014.09.16,22200.0,100.0,22300.0,22300.0,21850.0,13777.0
3729,3729,2014.09.17,22150.0,50.0,22200.0,22350.0,21600.0,27217.0
3730,3730,2014.09.18,21900.0,250.0,21750.0,22250.0,21700.0,15450.0
3731,3731,2014.09.19,22400.0,500.0,21700.0,22700.0,21500.0,28854.0
3732,3732,2014.09.22,23900.0,1500.0,22400.0,24400.0,22150.0,104278.0
3733,3733,2014.09.23,26650.0,2750.0,24100.0,26800.0,23950.0,146026.0
3734,3734,2014.09.24,27750.0,1100.0,26800.0,28500.0,26400.0,154183.0
3735,3735,2014.09.25,26800.0,950.0,27900.0,28050.0,26550.0,59840.0
3736,3736,2014.09.26,26500.0,300.0,26500.0,27500.0,25700.0,90608.0
3737,3737,2014.09.29,25950.0,550.0,26100.0,26850.0,24700.0,69631.0
3738,3738,2014.09.30,25400.0,550.0,25700.0,25850.0,24700.0,55451.0
3739,3739,2014.10.01,25400.0,0.0,24600.0,26550.0,24550.0,58117.0
3740,3740,2014.10.02,25300.0,100.0,25000.0,25800.0,24850.0,46291.0
3741,3741,2014.10.06,27000.0,1700.0,25050.0,27150.0,24700.0,73033.0
3742,3742,2014.10.07,26800.0,200.0,26500.0,27000.0,26250.0,24109.0
3743,3743,2014.10.08,27250.0,450.0,26650.0,27500.0,26250.0,23527.0
3744,3744,2014.10.10,27000.0,250.0,26950.0,27200.0,26150.0,23996.0
3745,3745,2014.10.13,26550.0,450.0,26250.0,26950.0,25500.0,42354.0
3746,3746,2014.10.14,26200.0,350.0,26550.0,26600.0,25650.0,43490.0
3747,3747,2014.10.15,23100.0,3100.0,26200.0,26300.0,22300.0,439826.0
3748,3748,2014.10.16,23000.0,100.0,22200.0,23800.0,20500.0,163872.0
3749,3749,2014.10.17,21800.0,1200.0,23000.0,23100.0,21200.0,77227.0
3750,3750,2014.10.20,20100.0,1700.0,21800.0,21950.0,18850.0,339877.0
3751,3751,2014.10.21,21100.0,1000.0,19750.0,21550.0,19700.0,146041.0
3752,3752,2014.10.22,23400.0,2300.0,21900.0,23600.0,21300.0,119021.0
3753,3753,2014.10.23,22900.0,500.0,23100.0,23800.0,22050.0,61785.0
3754,3754,2014.10.24,23000.0,100.0,22900.0,23500.0,22300.0,47591.0
3755,3755,2014.10.27,23050.0,50.0,23000.0,23300.0,22000.0,44898.0
3756,3756,2014.10.28,22900.0,150.0,23000.0,23300.0,22650.0,29163.0
3757,3757,2014.10.29,22350.0,550.0,22900.0,22900.0,21900.0,65164.0
3758,3758,2014.10.30,21300.0,1050.0,22000.0,22750.0,20850.0,69326.0
3759,3759,2014.10.31,21300.0,0.0,20850.0,21500.0,20300.0,47876.0
3760,3760,2014.11.03,21700.0,400.0,21200.0,22300.0,21200.0,34597.0
3761,3761,2014.11.04,21000.0,700.0,21750.0,21800.0,20800.0,59778.0
3762,3762,2014.11.05,20900.0,100.0,20900.0,21300.0,20150.0,60166.0
3763,3763,2014.11.06,22750.0,1850.0,20800.0,22850.0,20000.0,80028.0
3764,3764,2014.11.07,24000.0,1250.0,22650.0,24100.0,21500.0,77060.0
3765,3765,2014.11.10,24450.0,450.0,24000.0,26500.0,23050.0,100757.0
3766,3766,2014.11.11,24900.0,450.0,24700.0,25100.0,24100.0,33140.0
3767,3767,2014.11.12,25000.0,100.0,24500.0,25100.0,24400.0,28763.0
3768,3768,2014.11.13,25000.0,0.0,25000.0,25400.0,23550.0,36538.0
3769,3769,2014.11.14,24800.0,200.0,24700.0,24900.0,24000.0,27770.0
3770,3770,2014.11.17,23550.0,1250.0,24800.0,25100.0,23200.0,51590.0
3771,3771,2014.11.18,24750.0,1200.0,23500.0,24750.0,22800.0,69991.0
3772,3772,2014.11.19,24500.0,250.0,23900.0,24950.0,23900.0,26637.0
3773,3773,2014.11.20,24200.0,300.0,24500.0,24700.0,23900.0,73967.0
3774,3774,2014.11.21,24900.0,700.0,24200.0,25050.0,24100.0,147584.0
3775,3775,2014.11.24,24600.0,300.0,24900.0,24900.0,23950.0,61615.0
3776,3776,2014.11.25,24600.0,0.0,24550.0,24750.0,23800.0,40460.0
3777,3777,2014.11.26,23500.0,1100.0,24850.0,24900.0,23500.0,64291.0
3778,3778,2014.11.27,22650.0,850.0,22200.0,22950.0,21250.0,229269.0
3779,3779,2014.11.28,22650.0,0.0,22650.0,23000.0,21500.0,64086.0
3780,3780,2014.12.01,23000.0,350.0,22650.0,23000.0,21600.0,137306.0
3781,3781,2014.12.02,23700.0,700.0,23150.0,23700.0,22550.0,38423.0
3782,3782,2014.12.03,24250.0,550.0,23700.0,24350.0,23500.0,45012.0
3783,3783,2014.12.04,24650.0,400.0,24300.0,24700.0,24200.0,32899.0
3784,3784,2014.12.05,24000.0,650.0,24150.0,24700.0,23900.0,26301.0
3785,3785,2014.12.08,24100.0,100.0,23700.0,24150.0,23700.0,30809.0
3786,3786,2014.12.09,24100.0,0.0,24100.0,24400.0,23800.0,28020.0
3787,3787,2014.12.10,24150.0,50.0,24150.0,24150.0,23400.0,38123.0
3788,3788,2014.12.11,24000.0,150.0,24150.0,24150.0,23650.0,55330.0
3789,3789,2014.12.12,23900.0,100.0,24000.0,24000.0,23450.0,44321.0
3790,3790,2014.12.15,23900.0,0.0,23950.0,23950.0,23100.0,33691.0
3791,3791,2014.12.16,24000.0,100.0,23900.0,24000.0,23200.0,39207.0
3792,3792,2014.12.17,24100.0,100.0,23600.0,24350.0,23600.0,35078.0
3793,3793,2014.12.18,24800.0,700.0,24350.0,24900.0,24000.0,48584.0
3794,3794,2014.12.19,24950.0,150.0,25000.0,25100.0,24350.0,28839.0
3795,3795,2014.12.22,25800.0,850.0,24800.0,25800.0,24600.0,43066.0
3796,3796,2014.12.23,27150.0,1350.0,25700.0,27450.0,25600.0,96568.0
3797,3797,2014.12.24,27150.0,0.0,27200.0,28750.0,27150.0,77378.0
3798,3798,2014.12.26,28150.0,1000.0,27400.0,28250.0,26200.0,39921.0
3799,3799,2014.12.29,28850.0,700.0,28400.0,29250.0,28050.0,30175.0
3800,3800,2014.12.30,29850.0,1000.0,29400.0,30000.0,28900.0,37170.0
3801,3801,2015.01.02,29100.0,750.0,30000.0,30450.0,28600.0,44872.0
3802,3802,2015.01.05,29100.0,0.0,29200.0,29250.0,27800.0,45480.0
3803,3803,2015.01.06,29350.0,250.0,29100.0,29550.0,28600.0,20211.0
3804,3804,2015.01.07,28800.0,550.0,29000.0,29050.0,28450.0,11702.0
3805,3805,2015.01.08,29300.0,500.0,28300.0,29350.0,27900.0,23053.0
3806,3806,2015.01.09,29050.0,250.0,29050.0,29300.0,28000.0,34965.0
3807,3807,2015.01.12,30300.0,1250.0,29050.0,30300.0,28700.0,35057.0
3808,3808,2015.01.13,30700.0,400.0,30450.0,30950.0,30300.0,15226.0
3809,3809,2015.01.14,32100.0,1400.0,30700.0,32250.0,30150.0,26259.0
3810,3810,2015.01.15,31700.0,400.0,32050.0,32750.0,30600.0,38564.0
3811,3811,2015.01.16,31100.0,600.0,32450.0,32450.0,30400.0,28524.0
3812,3812,2015.01.19,31750.0,650.0,30900.0,31750.0,30750.0,10941.0
3813,3813,2015.01.20,31300.0,450.0,32250.0,32250.0,31250.0,15841.0
3814,3814,2015.01.21,34000.0,2700.0,31100.0,34950.0,31100.0,84341.0
3815,3815,2015.01.22,34750.0,750.0,34200.0,36500.0,34000.0,52083.0
3816,3816,2015.01.23,36700.0,1950.0,35400.0,36950.0,34800.0,48667.0
3817,3817,2015.01.26,38000.0,1300.0,36700.0,38900.0,36200.0,82012.0
3818,3818,2015.01.27,39150.0,1150.0,39200.0,39250.0,37400.0,57072.0
3819,3819,2015.01.28,40300.0,1150.0,39000.0,40450.0,38200.0,60071.0
3820,3820,2015.01.29,39950.0,350.0,40300.0,40450.0,39250.0,42527.0
3821,3821,2015.01.30,40150.0,200.0,40050.0,40500.0,39400.0,31576.0
3822,3822,2015.02.02,40850.0,700.0,40000.0,40900.0,39400.0,29707.0
3823,3823,2015.02.03,44500.0,3650.0,41600.0,44900.0,41450.0,89328.0
3824,3824,2015.02.04,44450.0,50.0,44500.0,45550.0,43500.0,51781.0
3825,3825,2015.02.05,43550.0,900.0,44450.0,44450.0,42600.0,55601.0
3826,3826,2015.02.06,45900.0,2350.0,43100.0,45900.0,43100.0,50269.0
3827,3827,2015.02.09,47200.0,1300.0,46300.0,47750.0,45050.0,61892.0
3828,3828,2015.02.10,50000.0,2800.0,47000.0,50000.0,46600.0,97004.0
3829,3829,2015.02.11,49400.0,600.0,50200.0,52000.0,49050.0,138610.0
3830,3830,2015.02.12,49800.0,400.0,49400.0,50900.0,49050.0,60307.0
3831,3831,2015.02.13,51100.0,1300.0,49900.0,51100.0,49400.0,54069.0
3832,3832,2015.02.16,47500.0,3600.0,51300.0,51300.0,44100.0,90572.0
3833,3833,2015.02.17,48950.0,1450.0,47150.0,49250.0,44400.0,80646.0
3834,3834,2015.02.23,50900.0,1950.0,49150.0,51500.0,48000.0,91208.0
3835,3835,2015.02.24,53000.0,2100.0,50900.0,54500.0,50600.0,95124.0
3836,3836,2015.02.25,53500.0,500.0,53500.0,55000.0,52600.0,47789.0
3837,3837,2015.02.26,56500.0,3000.0,54000.0,58500.0,53500.0,98335.0
3838,3838,2015.02.27,60800.0,4300.0,56900.0,63800.0,56900.0,146749.0
3839,3839,2015.03.02,69000.0,8200.0,62000.0,69900.0,61600.0,158215.0
3840,3840,2015.03.03,64800.0,4200.0,70600.0,74500.0,62000.0,182654.0
3841,3841,2015.03.04,66100.0,1300.0,64000.0,66700.0,61500.0,119014.0
3842,3842,2015.03.05,70700.0,4600.0,67200.0,71300.0,66400.0,96868.0
3843,3843,2015.03.06,70000.0,700.0,70900.0,72700.0,68300.0,67736.0
3844,3844,2015.03.09,64500.0,5500.0,70000.0,70400.0,62900.0,75587.0
3845,3845,2015.03.10,59200.0,5300.0,64900.0,66900.0,54900.0,331846.0
3846,3846,2015.03.11,62000.0,2800.0,58800.0,62400.0,56200.0,93690.0
3847,3847,2015.03.12,61300.0,700.0,63100.0,64200.0,59800.0,62050.0
3848,3848,2015.03.13,61700.0,400.0,61900.0,63000.0,60200.0,40254.0
3849,3849,2015.03.16,60700.0,1000.0,60800.0,61700.0,57800.0,61349.0
3850,3850,2015.03.17,60400.0,300.0,60500.0,62800.0,58000.0,59095.0
3851,3851,2015.03.18,56600.0,3800.0,61100.0,61300.0,54800.0,78765.0
3852,3852,2015.03.19,59000.0,2400.0,56300.0,60000.0,53000.0,157358.0
3853,3853,2015.03.20,56400.0,2600.0,59600.0,59600.0,56200.0,39414.0
3854,3854,2015.03.23,58900.0,2500.0,56500.0,59100.0,56400.0,40068.0
3855,3855,2015.03.24,57800.0,1100.0,59100.0,59200.0,57000.0,20761.0
3856,3856,2015.03.25,59100.0,1300.0,57200.0,60500.0,57000.0,48057.0
3857,3857,2015.03.26,58600.0,500.0,58600.0,59800.0,57000.0,33626.0
3858,3858,2015.03.27,55600.0,3000.0,57600.0,58600.0,55300.0,44747.0
3859,3859,2015.03.30,54300.0,1300.0,55600.0,57000.0,54300.0,29525.0
3860,3860,2015.03.31,52500.0,1800.0,54500.0,54500.0,51600.0,96863.0
3861,3861,2015.04.01,57200.0,4700.0,52500.0,57800.0,50400.0,104146.0
3862,3862,2015.04.02,59100.0,1900.0,58000.0,61500.0,57900.0,85986.0
3863,3863,2015.04.03,63700.0,4600.0,59100.0,64500.0,57200.0,112160.0
3864,3864,2015.04.06,61200.0,2500.0,64300.0,65200.0,60500.0,61671.0
3865,3865,2015.04.07,60600.0,600.0,61200.0,62000.0,59000.0,29587.0
3866,3866,2015.04.08,59700.0,900.0,59200.0,61000.0,57600.0,49364.0
3867,3867,2015.04.09,59000.0,700.0,60400.0,61400.0,58400.0,35717.0
3868,3868,2015.04.10,58500.0,500.0,60000.0,61000.0,57400.0,39790.0
3869,3869,2015.04.13,59000.0,500.0,60000.0,61000.0,58000.0,37883.0
3870,3870,2015.04.14,56400.0,2600.0,58100.0,58700.0,56400.0,44292.0
3871,3871,2015.04.15,59700.0,3300.0,56000.0,60100.0,56000.0,43230.0
3872,3872,2015.04.16,59700.0,0.0,60300.0,61000.0,57600.0,46695.0
3873,3873,2015.04.17,60100.0,400.0,59400.0,60500.0,58700.0,24849.0
3874,3874,2015.04.20,58400.0,1700.0,59300.0,59500.0,57500.0,29232.0
3875,3875,2015.04.21,62700.0,4300.0,58400.0,63000.0,56900.0,123307.0
3876,3876,2015.04.22,65800.0,3100.0,62800.0,67900.0,60900.0,161708.0
3877,3877,2015.04.23,65500.0,300.0,65800.0,68900.0,63600.0,106753.0
3878,3878,2015.04.24,65500.0,0.0,67000.0,67900.0,64000.0,58267.0
3879,3879,2015.04.27,65600.0,100.0,66000.0,67200.0,64500.0,33381.0
3880,3880,2015.04.28,67000.0,1400.0,66900.0,69300.0,66000.0,52933.0
3881,3881,2015.04.29,66800.0,200.0,67000.0,68800.0,63600.0,44885.0
3882,3882,2015.04.30,68500.0,1700.0,67000.0,68500.0,64100.0,45615.0
3883,3883,2015.05.04,74000.0,5500.0,69000.0,77000.0,67500.0,113252.0
3884,3884,2015.05.06,74400.0,400.0,74300.0,78000.0,72900.0,48215.0
3885,3885,2015.05.07,74100.0,300.0,73700.0,76800.0,71000.0,49399.0
3886,3886,2015.05.08,71500.0,2600.0,73900.0,74700.0,71500.0,29533.0
3887,3887,2015.05.11,72700.0,1200.0,72000.0,75900.0,70500.0,43964.0
3888,3888,2015.05.12,71300.0,1400.0,73000.0,73000.0,68900.0,49863.0
3889,3889,2015.05.13,71600.0,300.0,70300.0,72300.0,69500.0,15757.0
3890,3890,2015.05.14,72400.0,800.0,71500.0,73300.0,70000.0,24828.0
3891,3891,2015.05.15,71000.0,1400.0,72600.0,74400.0,70800.0,34723.0
3892,3892,2015.05.18,72900.0,1900.0,70000.0,76200.0,69000.0,72695.0
3893,3893,2015.05.19,72100.0,800.0,72500.0,73100.0,71300.0,30062.0
3894,3894,2015.05.20,71500.0,600.0,72500.0,72900.0,69100.0,59912.0
3895,3895,2015.05.21,71700.0,200.0,70500.0,73800.0,69600.0,61760.0
3896,3896,2015.05.22,72500.0,800.0,71600.0,73300.0,70000.0,26685.0
3897,3897,2015.05.26,74100.0,1600.0,71700.0,74400.0,70800.0,45834.0
3898,3898,2015.05.27,74700.0,600.0,73800.0,74700.0,71800.0,42258.0
3899,3899,2015.05.28,78800.0,4100.0,75000.0,81400.0,74700.0,69561.0
3900,3900,2015.05.29,78800.0,0.0,78100.0,79800.0,76000.0,35362.0
3901,3901,2015.06.01,78000.0,800.0,78800.0,79500.0,77000.0,12341.0
3902,3902,2015.06.02,74200.0,3800.0,77000.0,77500.0,74200.0,36017.0
3903,3903,2015.06.03,77300.0,3100.0,73000.0,78400.0,72000.0,26112.0
3904,3904,2015.06.04,76700.0,600.0,77000.0,77400.0,75000.0,18345.0
3905,3905,2015.06.05,77200.0,500.0,75800.0,77600.0,75000.0,17182.0
3906,3906,2015.06.08,78000.0,800.0,77000.0,78000.0,75900.0,15125.0
3907,3907,2015.06.09,77800.0,200.0,78000.0,80400.0,71300.0,136195.0
3908,3908,2015.06.10,75900.0,1900.0,77300.0,77300.0,74200.0,26094.0
3909,3909,2015.06.11,76400.0,500.0,75700.0,77000.0,74200.0,17226.0
3910,3910,2015.06.12,75700.0,700.0,75600.0,76400.0,74100.0,13980.0
3911,3911,2015.06.15,74700.0,1000.0,75600.0,75600.0,72400.0,16229.0
3912,3912,2015.06.16,71900.0,2800.0,74700.0,74700.0,71000.0,26677.0
3913,3913,2015.06.17,74500.0,2600.0,71900.0,74700.0,70600.0,23763.0
3914,3914,2015.06.18,75900.0,1400.0,74400.0,76900.0,73700.0,16970.0
3915,3915,2015.06.19,75600.0,300.0,75700.0,77300.0,74400.0,11192.0
3916,3916,2015.06.22,74900.0,700.0,75600.0,76400.0,74500.0,9654.0
3917,3917,2015.06.23,73700.0,1200.0,74800.0,75300.0,72000.0,22431.0
3918,3918,2015.06.24,71500.0,2200.0,72500.0,73600.0,70500.0,52339.0
3919,3919,2015.06.25,73900.0,2400.0,71500.0,74100.0,69100.0,23792.0
3920,3920,2015.06.26,71900.0,2000.0,73900.0,74000.0,70900.0,37339.0
3921,3921,2015.06.29,69400.0,2500.0,71800.0,71800.0,66600.0,38398.0
3922,3922,2015.06.30,72500.0,3100.0,69100.0,72500.0,66400.0,48165.0
3923,3923,2015.07.01,72400.0,100.0,71000.0,72700.0,70200.0,19341.0
3924,3924,2015.07.02,70000.0,2400.0,73300.0,73300.0,70000.0,17109.0
3925,3925,2015.07.03,70200.0,200.0,70800.0,71100.0,68200.0,7174.0
3926,3926,2015.07.06,68200.0,2000.0,70200.0,70200.0,66500.0,33158.0
3927,3927,2015.07.07,68300.0,100.0,68100.0,69600.0,65000.0,37471.0
3928,3928,2015.07.08,66500.0,1800.0,67500.0,68600.0,66200.0,25318.0
3929,3929,2015.07.09,65500.0,1000.0,65500.0,66200.0,60100.0,83893.0
3930,3930,2015.07.10,62600.0,2900.0,65400.0,65400.0,62000.0,42496.0
3931,3931,2015.07.13,62500.0,100.0,62900.0,63800.0,58300.0,60513.0
3932,3932,2015.07.14,66700.0,4200.0,62500.0,67500.0,61800.0,25720.0
3933,3933,2015.07.15,68800.0,2100.0,66100.0,70900.0,64100.0,34625.0
3934,3934,2015.07.16,68300.0,500.0,68800.0,71000.0,67000.0,31991.0
3935,3935,2015.07.17,67700.0,600.0,67600.0,69300.0,66800.0,19431.0
3936,3936,2015.07.20,64600.0,3100.0,67700.0,67700.0,63100.0,47340.0
3937,3937,2015.07.21,65100.0,500.0,65600.0,65600.0,63100.0,23530.0
3938,3938,2015.07.22,64300.0,800.0,65000.0,65500.0,62600.0,44208.0
3939,3939,2015.07.23,61200.0,3100.0,64000.0,64600.0,61100.0,23989.0
3940,3940,2015.07.24,59200.0,2000.0,61200.0,62600.0,59100.0,27395.0
3941,3941,2015.07.27,59700.0,500.0,59200.0,61600.0,58500.0,23084.0
3942,3942,2015.07.28,61400.0,1700.0,60500.0,61400.0,56800.0,48279.0
3943,3943,2015.07.29,60800.0,600.0,61400.0,61900.0,58800.0,29753.0
3944,3944,2015.07.30,59900.0,900.0,60100.0,60900.0,58700.0,23451.0
3945,3945,2015.07.31,59700.0,200.0,59800.0,62800.0,57300.0,45051.0
3946,3946,2015.08.03,59600.0,100.0,60700.0,60700.0,58000.0,23372.0
3947,3947,2015.08.04,59800.0,200.0,59100.0,61000.0,58700.0,15447.0
3948,3948,2015.08.05,59900.0,100.0,59800.0,61000.0,58300.0,30938.0
3949,3949,2015.08.06,60600.0,700.0,59900.0,62200.0,59500.0,20243.0
3950,3950,2015.08.07,61800.0,1200.0,60600.0,62000.0,59600.0,22095.0
3951,3951,2015.08.10,66300.0,4500.0,61300.0,66600.0,61300.0,45790.0
3952,3952,2015.08.11,67700.0,1400.0,66500.0,69500.0,66500.0,37854.0
3953,3953,2015.08.12,67700.0,0.0,67700.0,69300.0,63000.0,33174.0
3954,3954,2015.08.13,68700.0,1000.0,69300.0,69800.0,65600.0,23971.0
3955,3955,2015.08.17,66200.0,2500.0,68700.0,68800.0,65400.0,17254.0
3956,3956,2015.08.18,63200.0,3000.0,64000.0,64800.0,59900.0,75044.0
3957,3957,2015.08.19,61500.0,1700.0,63000.0,64700.0,60500.0,65922.0
3958,3958,2015.08.20,60600.0,900.0,61000.0,63900.0,60500.0,30695.0
3959,3959,2015.08.21,60400.0,200.0,55000.0,62000.0,55000.0,26358.0
3960,3960,2015.08.24,59400.0,1000.0,61900.0,61900.0,56700.0,17745.0
3961,3961,2015.08.25,60300.0,900.0,60500.0,61400.0,58200.0,23836.0
3962,3962,2015.08.26,60000.0,300.0,60500.0,61700.0,58100.0,42175.0
3963,3963,2015.08.27,60100.0,100.0,61000.0,61000.0,58500.0,51079.0
3964,3964,2015.08.28,59700.0,400.0,60100.0,61100.0,59100.0,21748.0
3965,3965,2015.08.31,59600.0,100.0,59700.0,60200.0,58500.0,15595.0
3966,3966,2015.09.01,59300.0,300.0,59100.0,60000.0,58300.0,33462.0
3967,3967,2015.09.02,59300.0,0.0,58500.0,59500.0,57500.0,20262.0
3968,3968,2015.09.03,58300.0,1000.0,60300.0,60300.0,58000.0,11352.0
3969,3969,2015.09.04,56800.0,1500.0,58400.0,58900.0,55700.0,63544.0
3970,3970,2015.09.07,56700.0,100.0,56500.0,57500.0,54000.0,39019.0
3971,3971,2015.09.08,56600.0,100.0,57700.0,57700.0,52200.0,52162.0
3972,3972,2015.09.09,54300.0,2300.0,56700.0,57400.0,54200.0,39704.0
3973,3973,2015.09.10,51200.0,3100.0,53800.0,54000.0,50800.0,49562.0
3974,3974,2015.09.11,50000.0,1200.0,51500.0,52000.0,49250.0,99860.0
3975,3975,2015.09.14,50100.0,100.0,50500.0,51900.0,49250.0,82523.0
3976,3976,2015.09.15,50700.0,600.0,49700.0,51700.0,49700.0,30840.0
3977,3977,2015.09.16,51000.0,300.0,51000.0,51100.0,49800.0,118389.0
3978,3978,2015.09.17,54600.0,3600.0,53200.0,55300.0,52300.0,93362.0
3979,3979,2015.09.18,55500.0,900.0,55100.0,57000.0,54300.0,38785.0
3980,3980,2015.09.21,56900.0,1400.0,55500.0,57100.0,55400.0,24446.0
3981,3981,2015.09.22,57500.0,600.0,56900.0,58800.0,56800.0,21904.0
3982,3982,2015.09.23,56400.0,1100.0,57000.0,58000.0,55500.0,19751.0
3983,3983,2015.09.24,57300.0,900.0,55900.0,58100.0,55800.0,22320.0
3984,3984,2015.09.25,57600.0,300.0,58600.0,58700.0,56300.0,22163.0
3985,3985,2015.09.30,57300.0,300.0,56100.0,58700.0,55300.0,25210.0
3986,3986,2015.10.01,57900.0,600.0,58000.0,58200.0,56400.0,10313.0
3987,3987,2015.10.02,57300.0,600.0,58900.0,61000.0,56900.0,26733.0
3988,3988,2015.10.05,56200.0,1100.0,57400.0,58000.0,55300.0,18156.0
3989,3989,2015.10.06,55100.0,1100.0,57000.0,57000.0,54900.0,13554.0
3990,3990,2015.10.07,54900.0,200.0,55800.0,55800.0,54300.0,10084.0
3991,3991,2015.10.08,53600.0,1300.0,54900.0,55500.0,52600.0,14406.0
3992,3992,2015.10.12,53400.0,200.0,54700.0,54700.0,52700.0,16963.0
3993,3993,2015.10.13,53300.0,100.0,54000.0,54000.0,52000.0,17696.0
3994,3994,2015.10.14,53200.0,100.0,53300.0,53900.0,51600.0,16061.0
3995,3995,2015.10.15,52500.0,700.0,53300.0,53400.0,52100.0,10379.0
3996,3996,2015.10.16,52000.0,500.0,52200.0,53000.0,51700.0,12020.0
3997,3997,2015.10.19,52200.0,200.0,52000.0,53400.0,51700.0,22351.0
3998,3998,2015.10.20,52100.0,100.0,52400.0,52600.0,51700.0,5223.0
3999,3999,2015.10.21,52000.0,100.0,53000.0,53000.0,51900.0,6369.0
4000,4000,2015.10.22,51900.0,100.0,52000.0,52600.0,50600.0,22429.0
4001,4001,2015.10.23,51600.0,300.0,53100.0,53100.0,51200.0,6226.0
4002,4002,2015.10.26,50400.0,1200.0,51600.0,52000.0,50000.0,15818.0
4003,4003,2015.10.27,51100.0,700.0,50400.0,51800.0,48750.0,28901.0
4004,4004,2015.10.28,50000.0,1100.0,51700.0,51700.0,49650.0,14875.0
4005,4005,2015.10.29,49400.0,600.0,49400.0,50400.0,49400.0,7864.0
4006,4006,2015.10.30,49500.0,100.0,49950.0,49950.0,48350.0,21819.0
4007,4007,2015.11.02,47900.0,1600.0,49550.0,49550.0,47900.0,11856.0
4008,4008,2015.11.03,48850.0,950.0,47900.0,49450.0,47300.0,19571.0
4009,4009,2015.11.04,48950.0,100.0,49150.0,49450.0,47400.0,17998.0
4010,4010,2015.11.05,48900.0,50.0,48150.0,49650.0,47550.0,15154.0
4011,4011,2015.11.06,48100.0,800.0,49400.0,49400.0,47750.0,4191.0
4012,4012,2015.11.09,47950.0,150.0,47850.0,48200.0,43600.0,21765.0
4013,4013,2015.11.10,46150.0,1800.0,47500.0,48450.0,45150.0,18657.0
4014,4014,2015.11.11,47050.0,900.0,46450.0,47400.0,45250.0,12141.0
4015,4015,2015.11.12,47050.0,0.0,47500.0,47500.0,44850.0,25526.0
4016,4016,2015.11.13,46700.0,350.0,46000.0,47050.0,45900.0,14195.0
4017,4017,2015.11.16,47500.0,800.0,49500.0,49700.0,45550.0,16009.0
4018,4018,2015.11.17,46600.0,900.0,47000.0,47200.0,46050.0,13942.0
4019,4019,2015.11.18,48950.0,2350.0,44300.0,51400.0,44300.0,33176.0
4020,4020,2015.11.19,48500.0,450.0,48700.0,49800.0,47800.0,29763.0
4021,4021,2015.11.20,48100.0,400.0,48550.0,48850.0,46550.0,35466.0
4022,4022,2015.11.23,49050.0,950.0,48000.0,49800.0,47600.0,7004.0
4023,4023,2015.11.24,48450.0,600.0,50400.0,50400.0,48450.0,6026.0
4024,4024,2015.11.25,48250.0,200.0,48400.0,49400.0,48100.0,4985.0
4025,4025,2015.11.26,48300.0,50.0,49000.0,49000.0,47450.0,8151.0
4026,4026,2015.11.27,47350.0,950.0,48300.0,49000.0,47350.0,6945.0
4027,4027,2015.11.30,46000.0,1350.0,46900.0,47950.0,46000.0,20933.0
4028,4028,2015.12.01,46150.0,150.0,46350.0,46750.0,45500.0,16077.0
4029,4029,2015.12.02,45150.0,1000.0,46150.0,46150.0,45000.0,11413.0
4030,4030,2015.12.03,43600.0,1550.0,45150.0,45150.0,43450.0,10265.0
4031,4031,2015.12.04,43600.0,0.0,44000.0,44000.0,41800.0,32933.0
4032,4032,2015.12.07,43400.0,200.0,43600.0,44350.0,43250.0,4865.0
4033,4033,2015.12.08,42150.0,1250.0,42700.0,43400.0,42150.0,8994.0
4034,4034,2015.12.09,42150.0,0.0,41400.0,43150.0,41100.0,17310.0
4035,4035,2015.12.10,41150.0,1000.0,41550.0,42150.0,41100.0,22997.0
4036,4036,2015.12.11,40200.0,950.0,41000.0,41800.0,40000.0,32804.0
4037,4037,2015.12.14,37850.0,2350.0,39350.0,40000.0,37600.0,26186.0
4038,4038,2015.12.15,38000.0,150.0,37800.0,38150.0,37000.0,37280.0
4039,4039,2015.12.16,37850.0,150.0,37750.0,40050.0,37750.0,20940.0
4040,4040,2015.12.17,41550.0,3700.0,38100.0,43000.0,37900.0,21221.0
4041,4041,2015.12.18,41200.0,350.0,40500.0,41550.0,40300.0,12141.0
4042,4042,2015.12.21,41200.0,0.0,40500.0,41350.0,40000.0,6662.0
4043,4043,2015.12.22,40700.0,500.0,41000.0,41200.0,40200.0,9253.0
4044,4044,2015.12.23,40300.0,400.0,40700.0,41250.0,40200.0,27028.0
4045,4045,2015.12.24,42500.0,2200.0,40950.0,44000.0,40950.0,11997.0
4046,4046,2015.12.28,43000.0,500.0,42250.0,44400.0,42250.0,14656.0
4047,4047,2015.12.29,43000.0,0.0,43000.0,43700.0,42300.0,7406.0
4048,4048,2015.12.30,42000.0,1000.0,42500.0,43000.0,41100.0,18151.0
4049,4049,2016.01.04,42350.0,350.0,42600.0,43050.0,40900.0,24026.0
4050,4050,2016.01.05,41200.0,1150.0,42300.0,42350.0,41100.0,10036.0
4051,4051,2016.01.06,40600.0,600.0,41200.0,41950.0,40050.0,22186.0
4052,4052,2016.01.07,40300.0,300.0,40550.0,41150.0,39250.0,17324.0
4053,4053,2016.01.08,40600.0,300.0,39550.0,40700.0,39500.0,4813.0
4054,4054,2016.01.11,38900.0,1700.0,40550.0,40600.0,38700.0,23551.0
4055,4055,2016.01.12,37200.0,1700.0,39050.0,39450.0,37150.0,14231.0
4056,4056,2016.01.13,38600.0,1400.0,37100.0,39650.0,37100.0,16731.0
4057,4057,2016.01.14,38600.0,0.0,38600.0,38650.0,37000.0,6534.0
4058,4058,2016.01.15,36000.0,2600.0,38650.0,38800.0,36000.0,28893.0
4059,4059,2016.01.18,37950.0,1950.0,36300.0,38350.0,36250.0,23225.0
4060,4060,2016.01.19,39600.0,1650.0,38750.0,40450.0,37900.0,25720.0
4061,4061,2016.01.20,37700.0,1900.0,39250.0,39400.0,36350.0,29729.0
4062,4062,2016.01.21,36900.0,800.0,36750.0,37800.0,35800.0,34700.0
4063,4063,2016.01.22,37800.0,900.0,37700.0,38500.0,37000.0,8461.0
4064,4064,2016.01.25,39950.0,2150.0,38500.0,41200.0,38450.0,47512.0
4065,4065,2016.01.26,40750.0,800.0,39200.0,41450.0,39200.0,23814.0
4066,4066,2016.01.27,44900.0,4150.0,40750.0,46000.0,40300.0,53891.0
4067,4067,2016.01.28,43700.0,1200.0,45000.0,45300.0,43300.0,20441.0
4068,4068,2016.01.29,43850.0,150.0,43700.0,45050.0,43400.0,27177.0
4069,4069,2016.02.01,42200.0,1650.0,43850.0,44450.0,42000.0,17040.0
4070,4070,2016.02.02,41950.0,250.0,42800.0,43000.0,40750.0,25157.0
4071,4071,2016.02.03,41750.0,200.0,41950.0,42550.0,40950.0,16681.0
4072,4072,2016.02.04,43150.0,1400.0,41750.0,43200.0,41400.0,18621.0
4073,4073,2016.02.05,44000.0,850.0,43150.0,44500.0,42600.0,11410.0
4074,4074,2016.02.11,42050.0,1950.0,43200.0,43200.0,41700.0,11689.0
4075,4075,2016.02.12,41550.0,500.0,41700.0,42200.0,39000.0,27307.0
4076,4076,2016.02.15,41550.0,0.0,42000.0,42600.0,41000.0,10212.0
4077,4077,2016.02.16,40950.0,600.0,41550.0,41650.0,40500.0,14513.0
4078,4078,2016.02.17,40900.0,50.0,41400.0,41400.0,40750.0,5824.0
4079,4079,2016.02.18,41050.0,150.0,40900.0,41850.0,39900.0,12557.0
4080,4080,2016.02.19,41200.0,150.0,40500.0,41250.0,40100.0,4586.0
4081,4081,2016.02.22,41400.0,200.0,41500.0,41500.0,40750.0,5734.0
4082,4082,2016.02.23,40650.0,750.0,41250.0,41350.0,39850.0,7702.0
4083,4083,2016.02.24,39550.0,1100.0,40600.0,40600.0,39250.0,13507.0
4084,4084,2016.02.25,39900.0,350.0,39500.0,40500.0,39400.0,5003.0
4085,4085,2016.02.26,39950.0,50.0,40450.0,40700.0,39600.0,6913.0
4086,4086,2016.02.29,39450.0,500.0,39950.0,40550.0,39000.0,6904.0
4087,4087,2016.03.02,39600.0,150.0,39800.0,40000.0,38700.0,6977.0
4088,4088,2016.03.03,40000.0,400.0,39500.0,40000.0,39400.0,8621.0
4089,4089,2016.03.04,41200.0,1200.0,40250.0,41550.0,39900.0,18631.0
4090,4090,2016.03.07,43450.0,2250.0,40700.0,43950.0,40700.0,16778.0
4091,4091,2016.03.08,44150.0,700.0,43500.0,44800.0,42150.0,17205.0
4092,4092,2016.03.09,43400.0,750.0,44750.0,44750.0,42700.0,15113.0
4093,4093,2016.03.10,42350.0,1050.0,43400.0,43950.0,41050.0,20378.0
4094,4094,2016.03.11,45450.0,3100.0,42000.0,45800.0,41650.0,34563.0
4095,4095,2016.03.14,45400.0,50.0,45800.0,45800.0,44300.0,16559.0
4096,4096,2016.03.15,44350.0,1050.0,44700.0,45100.0,43900.0,15447.0
4097,4097,2016.03.16,44300.0,50.0,44350.0,44700.0,42800.0,11769.0
4098,4098,2016.03.17,44200.0,100.0,44300.0,44550.0,43900.0,8224.0
4099,4099,2016.03.18,43950.0,250.0,44800.0,45500.0,43650.0,11980.0
4100,4100,2016.03.21,43700.0,250.0,43950.0,45200.0,43600.0,12920.0
4101,4101,2016.03.22,44250.0,550.0,43450.0,44900.0,43400.0,10512.0
4102,4102,2016.03.23,44200.0,50.0,44300.0,44500.0,43500.0,9309.0
4103,4103,2016.03.24,44450.0,250.0,44150.0,44950.0,43500.0,6121.0
4104,4104,2016.03.25,44350.0,100.0,44450.0,44700.0,44100.0,2844.0
4105,4105,2016.03.28,44250.0,100.0,44450.0,45500.0,43600.0,6061.0
4106,4106,2016.03.29,44400.0,150.0,43650.0,45000.0,43650.0,11421.0
4107,4107,2016.03.30,46900.0,2500.0,44400.0,48000.0,44350.0,28170.0
4108,4108,2016.03.31,46800.0,100.0,47600.0,47900.0,46200.0,12940.0
4109,4109,2016.04.01,48000.0,1200.0,46800.0,48450.0,46800.0,9552.0
4110,4110,2016.04.04,49850.0,1850.0,49400.0,50000.0,47000.0,16332.0
4111,4111,2016.04.05,50200.0,350.0,48900.0,51700.0,48900.0,20416.0
4112,4112,2016.04.06,51200.0,1000.0,50000.0,51900.0,49800.0,9188.0
4113,4113,2016.04.07,51700.0,500.0,50600.0,52700.0,50500.0,13814.0
4114,4114,2016.04.08,50000.0,1700.0,51000.0,52100.0,49200.0,14276.0
4115,4115,2016.04.11,50500.0,500.0,48650.0,51500.0,48650.0,8204.0
4116,4116,2016.04.12,49800.0,700.0,49600.0,51000.0,49300.0,8534.0
4117,4117,2016.04.14,49800.0,0.0,49800.0,50900.0,49500.0,7996.0
4118,4118,2016.04.15,49700.0,100.0,50700.0,50700.0,49050.0,6280.0
4119,4119,2016.04.18,48550.0,1150.0,49700.0,49700.0,48100.0,5931.0
4120,4120,2016.04.19,49550.0,1000.0,47800.0,49750.0,47800.0,3220.0
4121,4121,2016.04.20,48950.0,600.0,49500.0,50000.0,48350.0,8897.0
4122,4122,2016.04.21,48800.0,150.0,48900.0,48900.0,48350.0,2658.0
4123,4123,2016.04.22,47950.0,850.0,48750.0,48750.0,47000.0,11715.0
4124,4124,2016.04.25,48550.0,600.0,47950.0,48900.0,47850.0,3494.0
4125,4125,2016.04.26,47200.0,1350.0,48550.0,48550.0,46700.0,13971.0
4126,4126,2016.04.27,47050.0,150.0,47200.0,47900.0,46600.0,5734.0
4127,4127,2016.04.28,48950.0,1900.0,47100.0,49500.0,46500.0,12003.0
4128,4128,2016.04.29,48950.0,0.0,49450.0,49500.0,48000.0,9636.0
4129,4129,2016.05.02,49100.0,150.0,49800.0,50600.0,49100.0,15977.0
4130,4130,2016.05.03,48700.0,400.0,49100.0,49900.0,48350.0,7067.0
4131,4131,2016.05.04,47350.0,1350.0,49150.0,49300.0,47350.0,7332.0
4132,4132,2016.05.09,45350.0,2000.0,47400.0,47850.0,44950.0,6770.0
4133,4133,2016.05.10,47300.0,1950.0,45350.0,47350.0,45300.0,4424.0
4134,4134,2016.05.11,47050.0,250.0,47300.0,47400.0,46050.0,4456.0
4135,4135,2016.05.12,46600.0,450.0,47050.0,47300.0,46500.0,2333.0
4136,4136,2016.05.13,46550.0,50.0,46600.0,47350.0,45750.0,6119.0
4137,4137,2016.05.16,45450.0,1100.0,46400.0,46400.0,45450.0,7894.0
4138,4138,2016.05.17,49000.0,3550.0,52000.0,52000.0,48100.0,30320.0
4139,4139,2016.05.18,48500.0,500.0,48850.0,50000.0,48200.0,8775.0
4140,4140,2016.05.19,47800.0,700.0,48000.0,49650.0,47350.0,12427.0
4141,4141,2016.05.20,47700.0,100.0,47300.0,47950.0,47000.0,8274.0
4142,4142,2016.05.23,47700.0,0.0,47750.0,48700.0,47250.0,7707.0
4143,4143,2016.05.24,46000.0,1700.0,47300.0,47700.0,45800.0,10904.0
4144,4144,2016.05.25,45400.0,600.0,46050.0,47300.0,45150.0,6806.0
4145,4145,2016.05.26,44500.0,900.0,45500.0,46200.0,44300.0,8239.0
4146,4146,2016.05.27,44350.0,150.0,45000.0,45000.0,44300.0,6767.0
4147,4147,2016.05.30,44150.0,200.0,44350.0,44400.0,44000.0,3960.0
4148,4148,2016.05.31,44600.0,450.0,44150.0,44900.0,43900.0,4362.0
4149,4149,2016.06.01,43300.0,1300.0,44800.0,44800.0,43100.0,15689.0
4150,4150,2016.06.02,44550.0,1250.0,43650.0,45800.0,42700.0,11283.0
4151,4151,2016.06.03,45150.0,600.0,45500.0,45550.0,44650.0,3625.0
4152,4152,2016.06.07,45750.0,600.0,45150.0,45850.0,44550.0,7545.0
4153,4153,2016.06.08,46150.0,400.0,46000.0,46250.0,45550.0,5824.0
4154,4154,2016.06.09,44100.0,2050.0,46100.0,46100.0,44100.0,13337.0
4155,4155,2016.06.10,44450.0,350.0,44150.0,44950.0,43950.0,5824.0
4156,4156,2016.06.13,44550.0,100.0,44450.0,44850.0,43750.0,4837.0
4157,4157,2016.06.14,44500.0,50.0,44250.0,44500.0,43100.0,6561.0
4158,4158,2016.06.15,44350.0,150.0,44450.0,44750.0,43550.0,7871.0
4159,4159,2016.06.16,44150.0,200.0,44350.0,44650.0,43950.0,4593.0
4160,4160,2016.06.17,44200.0,50.0,44150.0,44750.0,43600.0,3562.0
4161,4161,2016.06.20,45700.0,1500.0,44200.0,45900.0,43800.0,13957.0
4162,4162,2016.06.21,44800.0,900.0,45650.0,46300.0,44800.0,6066.0
4163,4163,2016.06.22,44550.0,250.0,45000.0,45500.0,44250.0,6442.0
4164,4164,2016.06.23,44500.0,50.0,46900.0,46900.0,43500.0,7783.0
4165,4165,2016.06.24,43200.0,1300.0,44000.0,44400.0,41550.0,24146.0
4166,4166,2016.06.27,43200.0,0.0,41000.0,44000.0,41000.0,10246.0
4167,4167,2016.06.28,44100.0,900.0,43950.0,44700.0,43250.0,8121.0
4168,4168,2016.06.29,44250.0,150.0,44150.0,44800.0,44100.0,7863.0
4169,4169,2016.06.30,44500.0,250.0,44250.0,44850.0,43200.0,6616.0
4170,4170,2016.07.01,44250.0,250.0,44500.0,45500.0,44100.0,8246.0
4171,4171,2016.07.04,44800.0,550.0,44300.0,45500.0,44200.0,7374.0
4172,4172,2016.07.05,44600.0,200.0,45200.0,45200.0,43500.0,7817.0
4173,4173,2016.07.06,43900.0,700.0,44600.0,44950.0,43800.0,12451.0
4174,4174,2016.07.07,45100.0,1200.0,44800.0,45300.0,44150.0,8459.0
4175,4175,2016.07.08,44150.0,950.0,45100.0,45500.0,44150.0,4544.0
4176,4176,2016.07.11,44000.0,150.0,45900.0,45900.0,43550.0,4147.0
4177,4177,2016.07.12,44200.0,200.0,44000.0,44400.0,43150.0,6478.0
4178,4178,2016.07.13,42650.0,1550.0,44200.0,44700.0,42050.0,17299.0
4179,4179,2016.07.14,42700.0,50.0,42550.0,43400.0,42150.0,7318.0
4180,4180,2016.07.15,42950.0,250.0,43200.0,43300.0,42650.0,5501.0
4181,4181,2016.07.18,42650.0,300.0,42950.0,43500.0,42650.0,5994.0
4182,4182,2016.07.19,43000.0,350.0,42700.0,43450.0,42250.0,11648.0
4183,4183,2016.07.20,42450.0,550.0,42700.0,43950.0,42000.0,12696.0
4184,4184,2016.07.21,42400.0,50.0,42800.0,42800.0,41350.0,17198.0
4185,4185,2016.07.22,42600.0,200.0,42350.0,42700.0,41500.0,16708.0
4186,4186,2016.07.25,42650.0,50.0,42600.0,42950.0,42150.0,8837.0
4187,4187,2016.07.26,42350.0,300.0,42850.0,42850.0,42050.0,10171.0
4188,4188,2016.07.27,44150.0,1800.0,42100.0,44950.0,42100.0,18845.0
4189,4189,2016.07.28,45800.0,1650.0,43500.0,46100.0,43500.0,11566.0
4190,4190,2016.07.29,46400.0,600.0,46100.0,48200.0,44450.0,11837.0
4191,4191,2016.08.01,45750.0,650.0,46450.0,46900.0,45600.0,7261.0
4192,4192,2016.08.02,44550.0,1200.0,46250.0,46250.0,44300.0,13400.0
4193,4193,2016.08.03,43900.0,650.0,44050.0,44900.0,43300.0,9913.0
4194,4194,2016.08.04,44150.0,250.0,43900.0,44150.0,43500.0,3060.0
4195,4195,2016.08.05,43650.0,500.0,44150.0,44150.0,42750.0,8619.0
4196,4196,2016.08.08,43000.0,650.0,43950.0,43950.0,42900.0,8456.0
4197,4197,2016.08.09,44000.0,1000.0,42950.0,45600.0,42500.0,7330.0
4198,4198,2016.08.10,44000.0,0.0,43400.0,45500.0,43400.0,6460.0
4199,4199,2016.08.11,44950.0,950.0,44000.0,44950.0,42750.0,16235.0
4200,4200,2016.08.12,44150.0,800.0,45000.0,45500.0,43950.0,8789.0
4201,4201,2016.08.16,44600.0,450.0,44150.0,45300.0,43800.0,11832.0
4202,4202,2016.08.17,44950.0,350.0,45700.0,48300.0,44250.0,48924.0
4203,4203,2016.08.18,43200.0,1750.0,44950.0,46000.0,42500.0,34425.0
4204,4204,2016.08.19,42350.0,850.0,43200.0,43500.0,41850.0,21781.0
4205,4205,2016.08.22,41350.0,1000.0,42350.0,42350.0,41200.0,15391.0
4206,4206,2016.08.23,41950.0,600.0,41350.0,42400.0,41050.0,12376.0
4207,4207,2016.08.24,42050.0,100.0,41800.0,42700.0,41100.0,6418.0
4208,4208,2016.08.25,42050.0,0.0,42150.0,42150.0,41550.0,1638.0
4209,4209,2016.08.26,42150.0,100.0,42050.0,42450.0,41500.0,7429.0
4210,4210,2016.08.29,42250.0,100.0,42750.0,42750.0,41800.0,5519.0
4211,4211,2016.08.30,41500.0,750.0,42500.0,42850.0,41450.0,15065.0
4212,4212,2016.08.31,42550.0,1050.0,41450.0,42850.0,41450.0,11913.0
4213,4213,2016.09.01,42000.0,550.0,42450.0,42700.0,41650.0,10702.0
4214,4214,2016.09.02,41900.0,100.0,42800.0,43000.0,41700.0,9759.0
4215,4215,2016.09.05,42950.0,1050.0,42500.0,43050.0,41850.0,8355.0
4216,4216,2016.09.06,43350.0,400.0,42500.0,43700.0,42400.0,12479.0
4217,4217,2016.09.07,43200.0,150.0,42800.0,43200.0,42200.0,10459.0
4218,4218,2016.09.08,42150.0,1050.0,43200.0,43200.0,42150.0,7378.0
4219,4219,2016.09.09,41250.0,900.0,42050.0,42450.0,41150.0,12959.0
4220,4220,2016.09.12,40950.0,300.0,41050.0,41250.0,40750.0,6057.0
4221,4221,2016.09.13,41000.0,50.0,41800.0,41800.0,40400.0,14439.0
4222,4222,2016.09.19,40900.0,100.0,41000.0,41000.0,40000.0,15387.0
4223,4223,2016.09.20,40100.0,800.0,40500.0,40800.0,39950.0,14363.0
4224,4224,2016.09.21,40100.0,0.0,40100.0,40400.0,40000.0,6441.0
4225,4225,2016.09.22,40350.0,250.0,40350.0,40650.0,40100.0,12735.0
4226,4226,2016.09.23,40650.0,300.0,40400.0,41100.0,40400.0,12218.0
4227,4227,2016.09.26,41400.0,750.0,41000.0,42300.0,40650.0,17520.0
4228,4228,2016.09.27,42150.0,750.0,41000.0,42300.0,41000.0,12158.0
4229,4229,2016.09.28,42000.0,150.0,42000.0,42150.0,41600.0,5721.0
4230,4230,2016.09.29,41900.0,100.0,41600.0,42150.0,41000.0,14627.0
4231,4231,2016.09.30,41100.0,800.0,41900.0,41900.0,40900.0,8424.0
4232,4232,2016.10.04,41800.0,700.0,41500.0,41800.0,41000.0,10555.0
4233,4233,2016.10.05,42750.0,950.0,41800.0,42900.0,41800.0,14214.0
4234,4234,2016.10.06,42000.0,750.0,42500.0,42800.0,42000.0,4033.0
4235,4235,2016.10.07,42450.0,450.0,42600.0,43400.0,42050.0,10743.0
4236,4236,2016.10.10,43450.0,1000.0,42500.0,43700.0,42450.0,12933.0
4237,4237,2016.10.11,42700.0,750.0,43450.0,43600.0,42700.0,7190.0
4238,4238,2016.10.12,42500.0,200.0,42700.0,42700.0,41600.0,4546.0
4239,4239,2016.10.13,42150.0,350.0,42500.0,42500.0,41700.0,6727.0
4240,4240,2016.10.14,42400.0,250.0,42500.0,42500.0,41400.0,7049.0
4241,4241,2016.10.17,42900.0,500.0,42500.0,43100.0,41400.0,12396.0
4242,4242,2016.10.18,42300.0,600.0,42500.0,42850.0,42000.0,5677.0
4243,4243,2016.10.19,41300.0,1000.0,42300.0,42450.0,41200.0,8037.0
4244,4244,2016.10.20,40750.0,550.0,41350.0,41850.0,40200.0,16888.0
4245,4245,2016.10.21,40750.0,0.0,40950.0,40950.0,40300.0,6563.0
4246,4246,2016.10.24,40600.0,150.0,41250.0,41250.0,40350.0,7442.0
4247,4247,2016.10.25,40800.0,200.0,40350.0,41200.0,40050.0,8599.0
4248,4248,2016.10.26,40250.0,550.0,40800.0,40950.0,39500.0,12598.0
4249,4249,2016.10.27,40400.0,150.0,40550.0,40650.0,40000.0,6763.0
4250,4250,2016.10.28,39800.0,600.0,40350.0,40350.0,39650.0,7049.0
4251,4251,2016.10.31,40200.0,400.0,39900.0,40350.0,39000.0,10370.0
4252,4252,2016.11.01,40000.0,200.0,40000.0,40400.0,39750.0,4321.0
4253,4253,2016.11.02,38750.0,1250.0,39350.0,39850.0,38400.0,10988.0
4254,4254,2016.11.03,39400.0,650.0,38100.0,39950.0,38100.0,4985.0
4255,4255,2016.11.04,39400.0,0.0,39400.0,39900.0,38650.0,5873.0
4256,4256,2016.11.07,39550.0,150.0,39400.0,39700.0,38750.0,3393.0
4257,4257,2016.11.08,39750.0,200.0,39550.0,39750.0,39200.0,3109.0
4258,4258,2016.11.09,39700.0,50.0,40000.0,41000.0,38050.0,15996.0
4259,4259,2016.11.10,40250.0,550.0,39700.0,40400.0,39500.0,5684.0
4260,4260,2016.11.11,39700.0,550.0,40000.0,40250.0,39050.0,6802.0
4261,4261,2016.11.14,39950.0,250.0,39750.0,40000.0,39350.0,3030.0
4262,4262,2016.11.15,41950.0,2000.0,40150.0,42200.0,40150.0,29850.0
4263,4263,2016.11.16,43600.0,1650.0,42000.0,43750.0,41600.0,26969.0
4264,4264,2016.11.17,43000.0,600.0,43700.0,44000.0,42500.0,8195.0
4265,4265,2016.11.18,42550.0,450.0,42500.0,42950.0,42100.0,5019.0
4266,4266,2016.11.21,40800.0,1750.0,42100.0,42150.0,40600.0,9734.0
4267,4267,2016.11.22,40150.0,650.0,41200.0,41400.0,40000.0,6425.0
4268,4268,2016.11.23,40100.0,50.0,40000.0,40500.0,39400.0,12659.0
4269,4269,2016.11.24,40150.0,50.0,40450.0,40450.0,39350.0,7161.0
4270,4270,2016.11.25,40750.0,600.0,40000.0,40800.0,39600.0,4445.0
4271,4271,2016.11.28,39900.0,850.0,41450.0,41450.0,39750.0,5866.0
4272,4272,2016.11.29,40850.0,950.0,40250.0,41000.0,39800.0,6080.0
4273,4273,2016.11.30,41350.0,500.0,40400.0,41700.0,40400.0,9172.0
4274,4274,2016.12.01,42000.0,650.0,41700.0,42450.0,41000.0,6770.0
4275,4275,2016.12.02,41100.0,900.0,42500.0,42850.0,40700.0,8757.0
4276,4276,2016.12.05,41700.0,600.0,41950.0,41950.0,40600.0,8156.0
4277,4277,2016.12.06,42150.0,450.0,40950.0,42800.0,40950.0,5337.0
4278,4278,2016.12.07,42800.0,650.0,42000.0,43000.0,42000.0,11902.0
4279,4279,2016.12.08,42800.0,0.0,43000.0,43500.0,42800.0,6763.0
4280,4280,2016.12.09,42650.0,150.0,42850.0,43450.0,42500.0,5139.0
4281,4281,2016.12.12,43300.0,650.0,43700.0,43700.0,42800.0,7181.0
4282,4282,2016.12.13,43000.0,300.0,43000.0,43600.0,43000.0,4913.0
4283,4283,2016.12.14,43950.0,950.0,43350.0,44500.0,43350.0,17856.0
4284,4284,2016.12.15,46350.0,2400.0,44000.0,47350.0,44000.0,20590.0
4285,4285,2016.12.16,47600.0,1250.0,46550.0,47600.0,46050.0,12385.0
4286,4286,2016.12.19,45400.0,2200.0,47300.0,47450.0,45400.0,8520.0
4287,4287,2016.12.20,45150.0,250.0,46000.0,46000.0,44700.0,5219.0
4288,4288,2016.12.21,44000.0,1150.0,45650.0,45800.0,43800.0,9627.0
4289,4289,2016.12.22,43000.0,1000.0,44650.0,44650.0,42650.0,9230.0
4290,4290,2016.12.23,42500.0,500.0,43000.0,43000.0,41950.0,12359.0
4291,4291,2016.12.26,43000.0,500.0,42500.0,43800.0,41800.0,6760.0
4292,4292,2016.12.27,42950.0,50.0,43350.0,43400.0,42300.0,4678.0
4293,4293,2016.12.28,44350.0,1400.0,42300.0,44500.0,42300.0,7423.0
4294,4294,2016.12.29,44050.0,300.0,44400.0,44600.0,43350.0,6443.0
4295,4295,2017.01.02,43900.0,150.0,44050.0,44450.0,43250.0,3322.0
4296,4296,2017.01.03,43000.0,900.0,43900.0,44000.0,42900.0,8227.0
4297,4297,2017.01.04,44000.0,1000.0,43000.0,44300.0,43000.0,8205.0
4298,4298,2017.01.05,43700.0,300.0,44000.0,44000.0,43000.0,2704.0
4299,4299,2017.01.06,43850.0,150.0,43700.0,43900.0,43250.0,3396.0
4300,4300,2017.01.09,43200.0,650.0,43950.0,44000.0,43200.0,3854.0
4301,4301,2017.01.10,42950.0,250.0,43200.0,43250.0,42500.0,4012.0
4302,4302,2017.01.11,41800.0,1150.0,42700.0,42700.0,41800.0,12562.0
4303,4303,2017.01.12,42000.0,200.0,42500.0,42500.0,41250.0,8936.0
4304,4304,2017.01.13,41950.0,50.0,41850.0,42450.0,41000.0,9148.0
4305,4305,2017.01.16,41450.0,500.0,41500.0,42050.0,41400.0,2992.0
4306,4306,2017.01.17,41600.0,150.0,41450.0,42100.0,41400.0,4554.0
4307,4307,2017.01.18,41000.0,600.0,41600.0,41950.0,41000.0,5244.0
4308,4308,2017.01.19,41550.0,550.0,41000.0,41900.0,41000.0,3244.0
4309,4309,2017.01.20,41500.0,50.0,41100.0,41700.0,40900.0,2510.0
4310,4310,2017.01.23,41200.0,300.0,41000.0,41400.0,40700.0,5397.0
4311,4311,2017.01.24,41900.0,700.0,41200.0,42050.0,40850.0,6666.0
4312,4312,2017.01.25,41700.0,200.0,41900.0,42400.0,41250.0,4689.0
4313,4313,2017.01.26,41700.0,0.0,41750.0,42150.0,41250.0,5539.0
4314,4314,2017.01.31,40000.0,1700.0,41500.0,41500.0,38950.0,40611.0
4315,4315,2017.02.01,38900.0,1100.0,40000.0,40100.0,38900.0,22312.0
4316,4316,2017.02.02,39600.0,700.0,38850.0,39950.0,38800.0,10464.0
4317,4317,2017.02.03,38500.0,1100.0,38450.0,38900.0,37550.0,15720.0
4318,4318,2017.02.06,37300.0,1200.0,38700.0,39000.0,37100.0,18117.0
4319,4319,2017.02.07,38400.0,1100.0,37300.0,38900.0,37200.0,12026.0
4320,4320,2017.02.08,37800.0,600.0,38400.0,38650.0,37500.0,7021.0
4321,4321,2017.02.09,38150.0,350.0,37150.0,38150.0,37150.0,5207.0
4322,4322,2017.02.10,38100.0,50.0,38150.0,38350.0,37950.0,2499.0
4323,4323,2017.02.13,39000.0,900.0,38350.0,39200.0,38350.0,8433.0
4324,4324,2017.02.14,38900.0,100.0,39300.0,39350.0,38700.0,4193.0
4325,4325,2017.02.15,39150.0,250.0,39200.0,39200.0,38700.0,3914.0
4326,4326,2017.02.16,38750.0,400.0,39150.0,39150.0,38150.0,4828.0
4327,4327,2017.02.17,39000.0,250.0,38750.0,39000.0,38400.0,3555.0
4328,4328,2017.02.20,38800.0,200.0,39000.0,39050.0,38400.0,3518.0
4329,4329,2017.02.21,38700.0,100.0,38800.0,38950.0,38050.0,5430.0
4330,4330,2017.02.22,38850.0,150.0,38250.0,38950.0,38250.0,3462.0
4331,4331,2017.02.23,38400.0,450.0,38850.0,38900.0,38350.0,5663.0
4332,4332,2017.02.24,38300.0,100.0,38400.0,38750.0,37800.0,6320.0
4333,4333,2017.02.27,37850.0,450.0,38300.0,38550.0,37650.0,6942.0
4334,4334,2017.02.28,37950.0,100.0,38100.0,38150.0,37600.0,3252.0
4335,4335,2017.03.02,37950.0,0.0,37950.0,38400.0,37850.0,2796.0
4336,4336,2017.03.03,37300.0,650.0,37950.0,37950.0,37300.0,4712.0
4337,4337,2017.03.06,37150.0,150.0,37200.0,37400.0,37050.0,4503.0
4338,4338,2017.03.07,37650.0,500.0,37500.0,37800.0,37400.0,2602.0
4339,4339,2017.03.08,37100.0,550.0,37650.0,37700.0,37050.0,4809.0
4340,4340,2017.03.09,36900.0,200.0,37100.0,37400.0,36750.0,9049.0
4341,4341,2017.03.10,36900.0,0.0,36900.0,36950.0,36750.0,2070.0
4342,4342,2017.03.13,36800.0,100.0,37150.0,37250.0,36700.0,7059.0
4343,4343,2017.03.14,36800.0,0.0,36900.0,37300.0,36800.0,2064.0
4344,4344,2017.03.15,36800.0,0.0,36950.0,37000.0,36300.0,7016.0
4345,4345,2017.03.16,37000.0,200.0,36500.0,37350.0,36500.0,7274.0
4346,4346,2017.03.17,36900.0,100.0,37000.0,37600.0,36900.0,2481.0
4347,4347,2017.03.20,37100.0,200.0,37000.0,37300.0,36550.0,4539.0
4348,4348,2017.03.21,37200.0,100.0,36850.0,37300.0,36850.0,7800.0
4349,4349,2017.03.22,37150.0,50.0,37200.0,38100.0,37050.0,17889.0
4350,4350,2017.03.23,38000.0,850.0,37150.0,38100.0,37150.0,12857.0
4351,4351,2017.03.24,38150.0,150.0,38000.0,38450.0,37300.0,11123.0
4352,4352,2017.03.27,37350.0,800.0,37800.0,38700.0,37300.0,12850.0
4353,4353,2017.03.28,37300.0,50.0,37700.0,37700.0,37100.0,6253.0
4354,4354,2017.03.29,37400.0,100.0,37550.0,37800.0,37150.0,3347.0
4355,4355,2017.03.30,37150.0,250.0,37150.0,37500.0,36900.0,7376.0
4356,4356,2017.03.31,37200.0,50.0,37400.0,37400.0,36600.0,7539.0
4357,4357,2017.04.03,36850.0,350.0,37200.0,37250.0,36750.0,7133.0
4358,4358,2017.04.04,36900.0,50.0,36850.0,37050.0,36700.0,5615.0
4359,4359,2017.04.05,36400.0,500.0,36900.0,36950.0,36250.0,13511.0
4360,4360,2017.04.06,36700.0,300.0,36100.0,36750.0,36100.0,5980.0
4361,4361,2017.04.07,37150.0,450.0,36300.0,37400.0,36300.0,8419.0
4362,4362,2017.04.10,36400.0,750.0,36850.0,37250.0,36350.0,7701.0
4363,4363,2017.04.11,36350.0,50.0,36400.0,36800.0,36300.0,6615.0
4364,4364,2017.04.12,36650.0,300.0,36150.0,38200.0,36150.0,6819.0
4365,4365,2017.04.13,37200.0,550.0,36700.0,37250.0,36700.0,4378.0
4366,4366,2017.04.14,37100.0,100.0,37200.0,37200.0,36600.0,5682.0
4367,4367,2017.04.17,37250.0,150.0,37100.0,37300.0,36800.0,5681.0
4368,4368,2017.04.18,37150.0,100.0,37250.0,37500.0,36900.0,9763.0
4369,4369,2017.04.19,36900.0,250.0,37000.0,37050.0,36850.0,5292.0
4370,4370,2017.04.20,36850.0,50.0,36800.0,37000.0,36350.0,11187.0
4371,4371,2017.04.21,37050.0,200.0,36850.0,37050.0,36500.0,7895.0
4372,4372,2017.04.24,36800.0,250.0,37000.0,37000.0,36650.0,6632.0
4373,4373,2017.04.25,36450.0,350.0,36800.0,36850.0,36150.0,22724.0
4374,4374,2017.04.26,36350.0,100.0,36450.0,36450.0,36200.0,11188.0
4375,4375,2017.04.27,36100.0,250.0,36350.0,36450.0,36000.0,10968.0
4376,4376,2017.04.28,36100.0,0.0,36100.0,36250.0,35950.0,4954.0
4377,4377,2017.05.02,36400.0,300.0,36000.0,36450.0,36000.0,7006.0
4378,4378,2017.05.04,36000.0,400.0,36500.0,36500.0,35900.0,15914.0
4379,4379,2017.05.08,35500.0,500.0,35900.0,36000.0,35150.0,27978.0
4380,4380,2017.05.10,35250.0,250.0,35250.0,35800.0,35200.0,16580.0
4381,4381,2017.05.11,34800.0,450.0,35200.0,35500.0,34700.0,41269.0
4382,4382,2017.05.12,35100.0,300.0,35100.0,35200.0,34700.0,21636.0
4383,4383,2017.05.15,34900.0,200.0,35150.0,36250.0,34550.0,28706.0
4384,4384,2017.05.16,34150.0,750.0,34850.0,35050.0,33900.0,36703.0
4385,4385,2017.05.17,34350.0,200.0,34250.0,34350.0,33650.0,13069.0
4386,4386,2017.05.18,34200.0,150.0,34300.0,34400.0,33850.0,12769.0
4387,4387,2017.05.19,34600.0,400.0,34500.0,34600.0,33700.0,14245.0
4388,4388,2017.05.22,35200.0,600.0,34600.0,35850.0,34600.0,33402.0
4389,4389,2017.05.23,35150.0,50.0,35300.0,35500.0,35100.0,8894.0
4390,4390,2017.05.24,35000.0,150.0,35400.0,35400.0,34900.0,8266.0
4391,4391,2017.05.25,35400.0,400.0,35100.0,35550.0,35000.0,13750.0
4392,4392,2017.05.26,35450.0,50.0,36050.0,36050.0,35250.0,15387.0
4393,4393,2017.05.29,35150.0,300.0,35450.0,35450.0,34950.0,16677.0
4394,4394,2017.05.30,35350.0,200.0,35100.0,35450.0,35050.0,13063.0
4395,4395,2017.05.31,34900.0,450.0,35550.0,35550.0,34650.0,28395.0
4396,4396,2017.06.01,35200.0,300.0,35000.0,35200.0,34900.0,15056.0
4397,4397,2017.06.02,35100.0,100.0,35300.0,35300.0,35000.0,9954.0
4398,4398,2017.06.05,35150.0,50.0,35300.0,35350.0,34850.0,13023.0
4399,4399,2017.06.07,35450.0,300.0,35300.0,35450.0,34850.0,15421.0
4400,4400,2017.06.08,35000.0,450.0,35450.0,35450.0,34950.0,16075.0
4401,4401,2017.06.09,34900.0,100.0,35250.0,35250.0,34600.0,18731.0
4402,4402,2017.06.12,34600.0,300.0,34900.0,35150.0,34600.0,18153.0
4403,4403,2017.06.13,34950.0,350.0,34700.0,34950.0,34550.0,13279.0
4404,4404,2017.06.14,35450.0,500.0,35000.0,35600.0,34650.0,23781.0
4405,4405,2017.06.15,34900.0,550.0,35550.0,35600.0,34500.0,14197.0
4406,4406,2017.06.16,34900.0,0.0,35050.0,35250.0,34550.0,16537.0
4407,4407,2017.06.19,34400.0,500.0,34900.0,34900.0,34250.0,14865.0
4408,4408,2017.06.20,33650.0,750.0,34300.0,34650.0,33500.0,26063.0
4409,4409,2017.06.21,32850.0,800.0,33650.0,33650.0,32800.0,18121.0
4410,4410,2017.06.22,32300.0,550.0,32900.0,32900.0,32050.0,17165.0
4411,4411,2017.06.23,34050.0,1750.0,32300.0,34050.0,32300.0,13292.0
4412,4412,2017.06.26,33450.0,600.0,33850.0,33850.0,32900.0,9742.0
4413,4413,2017.06.27,33000.0,450.0,33500.0,33500.0,32800.0,10181.0
4414,4414,2017.06.28,33150.0,150.0,33000.0,33300.0,32900.0,3062.0
4415,4415,2017.06.29,33200.0,50.0,33150.0,33350.0,33050.0,5751.0
4416,4416,2017.06.30,33050.0,150.0,33200.0,33300.0,33050.0,4146.0
4417,4417,2017.07.03,33850.0,800.0,33100.0,34050.0,33100.0,14511.0
4418,4418,2017.07.04,33850.0,0.0,33850.0,34000.0,33550.0,6099.0
4419,4419,2017.07.05,34000.0,150.0,33850.0,34600.0,33600.0,12224.0
4420,4420,2017.07.06,33950.0,50.0,34150.0,34300.0,33850.0,3232.0
4421,4421,2017.07.07,33550.0,400.0,34200.0,34200.0,33150.0,5087.0
4422,4422,2017.07.10,32750.0,800.0,32850.0,33650.0,32150.0,14758.0
4423,4423,2017.07.11,32850.0,100.0,32750.0,33000.0,32700.0,1906.0
4424,4424,2017.07.12,32900.0,50.0,32850.0,33050.0,32600.0,3206.0
4425,4425,2017.07.13,32700.0,200.0,32700.0,33000.0,32250.0,7108.0
4426,4426,2017.07.14,32800.0,100.0,32650.0,32900.0,32300.0,3398.0
4427,4427,2017.07.17,32700.0,100.0,32700.0,32950.0,32350.0,6669.0
4428,4428,2017.07.18,32450.0,250.0,32700.0,32800.0,32400.0,6310.0
4429,4429,2017.07.19,33150.0,700.0,32550.0,33200.0,32450.0,9262.0
4430,4430,2017.07.20,33200.0,50.0,33150.0,33400.0,32950.0,3837.0
4431,4431,2017.07.21,33700.0,500.0,33450.0,33900.0,33450.0,12717.0
4432,4432,2017.07.24,33300.0,400.0,33750.0,33900.0,33100.0,6258.0
4433,4433,2017.07.25,33100.0,200.0,33050.0,33500.0,32850.0,4533.0
4434,4434,2017.07.26,32900.0,200.0,33400.0,33400.0,32650.0,4772.0
4435,4435,2017.07.27,33000.0,100.0,33000.0,33050.0,32800.0,2564.0
4436,4436,2017.07.28,32500.0,500.0,33000.0,33000.0,32200.0,12527.0
4437,4437,2017.07.31,32350.0,150.0,32600.0,32650.0,32200.0,5439.0
4438,4438,2017.08.01,32150.0,200.0,32350.0,32500.0,32050.0,9170.0
4439,4439,2017.08.02,32450.0,300.0,32100.0,32600.0,31800.0,16966.0
4440,4440,2017.08.03,32000.0,450.0,32450.0,32600.0,31700.0,7748.0
4441,4441,2017.08.04,32000.0,0.0,32000.0,32300.0,31800.0,3432.0
4442,4442,2017.08.07,31750.0,250.0,32000.0,32000.0,31650.0,4819.0
4443,4443,2017.08.08,31700.0,50.0,31750.0,31950.0,31500.0,3424.0
4444,4444,2017.08.09,31450.0,250.0,31700.0,31750.0,31150.0,5152.0
4445,4445,2017.08.10,30900.0,550.0,31200.0,31250.0,30150.0,15867.0
4446,4446,2017.08.11,30050.0,850.0,30350.0,30650.0,29600.0,6144.0
4447,4447,2017.08.14,29400.0,650.0,29600.0,29900.0,29300.0,7533.0
4448,4448,2017.08.16,28950.0,450.0,29200.0,29300.0,28000.0,34726.0
4449,4449,2017.08.17,29200.0,250.0,29150.0,29300.0,28750.0,6992.0
4450,4450,2017.08.18,29400.0,200.0,29100.0,29400.0,28900.0,5185.0
4451,4451,2017.08.21,29150.0,250.0,29400.0,29500.0,28750.0,5560.0
4452,4452,2017.08.22,28900.0,250.0,29450.0,29450.0,28650.0,7843.0
4453,4453,2017.08.23,28500.0,400.0,28900.0,29200.0,28300.0,11349.0
4454,4454,2017.08.24,28100.0,400.0,28350.0,28450.0,28000.0,11531.0
4455,4455,2017.08.25,27550.0,550.0,28100.0,28100.0,27300.0,18419.0
4456,4456,2017.08.28,27350.0,200.0,27250.0,27500.0,27050.0,15750.0
4457,4457,2017.08.29,26700.0,650.0,27450.0,27450.0,26650.0,13041.0
4458,4458,2017.08.30,26500.0,200.0,26750.0,26850.0,26250.0,16296.0
4459,4459,2017.08.31,26200.0,300.0,26500.0,26500.0,26200.0,7773.0
4460,4460,2017.09.01,26600.0,400.0,26150.0,26850.0,26000.0,13872.0
4461,4461,2017.09.04,27050.0,450.0,26350.0,27200.0,25950.0,14784.0
4462,4462,2017.09.05,27350.0,300.0,27100.0,27400.0,26850.0,16327.0
4463,4463,2017.09.06,28800.0,1450.0,27050.0,28800.0,27050.0,48252.0
4464,4464,2017.09.07,29500.0,700.0,28550.0,29900.0,28550.0,29438.0
4465,4465,2017.09.08,28300.0,1200.0,29600.0,29650.0,28250.0,18545.0
4466,4466,2017.09.11,28450.0,150.0,28150.0,28450.0,28000.0,12527.0
4467,4467,2017.09.12,28950.0,500.0,28350.0,28950.0,27950.0,7304.0
4468,4468,2017.09.13,28500.0,450.0,28950.0,28950.0,28500.0,9511.0
4469,4469,2017.09.14,30250.0,1750.0,28050.0,30250.0,28050.0,30997.0
4470,4470,2017.09.15,30050.0,200.0,30150.0,30150.0,29750.0,7294.0
4471,4471,2017.09.18,29850.0,200.0,30050.0,30100.0,29350.0,7964.0
4472,4472,2017.09.19,30400.0,550.0,29700.0,30400.0,29700.0,12629.0
4473,4473,2017.09.20,30250.0,150.0,30400.0,30550.0,30150.0,4966.0
4474,4474,2017.09.21,29900.0,350.0,30200.0,30200.0,29400.0,8112.0
4475,4475,2017.09.22,28800.0,1100.0,29900.0,30550.0,28500.0,26590.0
4476,4476,2017.09.25,28100.0,700.0,28450.0,29450.0,28100.0,8904.0
4477,4477,2017.09.26,29700.0,1600.0,28000.0,29900.0,27250.0,23791.0
4478,4478,2017.09.27,30450.0,750.0,29700.0,30900.0,29700.0,13629.0
4479,4479,2017.09.28,30600.0,150.0,30200.0,30850.0,30000.0,5607.0
4480,4480,2017.09.29,30650.0,50.0,30450.0,30900.0,30400.0,4247.0
4481,4481,2017.10.10,29400.0,1250.0,30650.0,30700.0,29400.0,13978.0
4482,4482,2017.10.11,29700.0,300.0,29650.0,29700.0,29250.0,4532.0
4483,4483,2017.10.12,29800.0,100.0,29550.0,29900.0,29550.0,4432.0
4484,4484,2017.10.13,29350.0,450.0,29550.0,30150.0,29350.0,7099.0
4485,4485,2017.10.16,28900.0,450.0,29250.0,29550.0,28900.0,27983.0
4486,4486,2017.10.17,28650.0,250.0,28750.0,29250.0,28550.0,6830.0
4487,4487,2017.10.18,28300.0,350.0,28650.0,28650.0,28100.0,8137.0
4488,4488,2017.10.19,28300.0,0.0,28050.0,28300.0,27950.0,6692.0
4489,4489,2017.10.20,28300.0,0.0,28000.0,28750.0,28000.0,6203.0
4490,4490,2017.10.23,28250.0,50.0,28500.0,28500.0,28200.0,7500.0
4491,4491,2017.10.24,28300.0,50.0,28250.0,28400.0,27950.0,7840.0
4492,4492,2017.10.25,28000.0,300.0,28300.0,28600.0,28000.0,4788.0
4493,4493,2017.10.26,28050.0,50.0,27750.0,28300.0,27650.0,6842.0
4494,4494,2017.10.27,28300.0,250.0,28100.0,28300.0,28000.0,3507.0
4495,4495,2017.10.30,28400.0,100.0,28300.0,28400.0,28000.0,3418.0
4496,4496,2017.10.31,28150.0,250.0,28250.0,28400.0,27950.0,4747.0
4497,4497,2017.11.01,28200.0,50.0,28150.0,28350.0,28100.0,3257.0
4498,4498,2017.11.02,28050.0,150.0,28400.0,28400.0,27400.0,6346.0
4499,4499,2017.11.03,28150.0,100.0,28150.0,28250.0,27800.0,8899.0
4500,4500,2017.11.06,28000.0,150.0,28300.0,28300.0,27650.0,10496.0
4501,4501,2017.11.07,28050.0,50.0,27950.0,28300.0,27900.0,2468.0
4502,4502,2017.11.08,27750.0,300.0,28250.0,28250.0,27650.0,13339.0
4503,4503,2017.11.09,27750.0,0.0,27700.0,28100.0,27000.0,13186.0
4504,4504,2017.11.10,27900.0,150.0,27500.0,28000.0,27500.0,3386.0
4505,4505,2017.11.13,27700.0,200.0,28150.0,28150.0,27650.0,5158.0
4506,4506,2017.11.14,27550.0,150.0,27700.0,27750.0,27450.0,5833.0
4507,4507,2017.11.15,27500.0,50.0,28300.0,28700.0,27200.0,16855.0
4508,4508,2017.11.16,27500.0,0.0,27500.0,27550.0,27200.0,5991.0
4509,4509,2017.11.17,27200.0,300.0,27650.0,27650.0,27100.0,4733.0
4510,4510,2017.11.20,26550.0,650.0,27050.0,27150.0,26200.0,26357.0
4511,4511,2017.11.21,26550.0,0.0,26600.0,26750.0,26300.0,6073.0
4512,4512,2017.11.22,26550.0,0.0,26450.0,26650.0,26100.0,6776.0
4513,4513,2017.11.23,26650.0,100.0,26550.0,26650.0,26400.0,2719.0
4514,4514,2017.11.24,26650.0,0.0,26650.0,26700.0,26350.0,6036.0
4515,4515,2017.11.27,26650.0,0.0,26750.0,26750.0,26450.0,13297.0
4516,4516,2017.11.28,26850.0,200.0,26700.0,26900.0,26350.0,4556.0
4517,4517,2017.11.29,27150.0,300.0,26850.0,27200.0,26850.0,8231.0
4518,4518,2017.11.30,26850.0,300.0,27250.0,27250.0,26550.0,10326.0
4519,4519,2017.12.01,26700.0,150.0,26850.0,26850.0,26500.0,5142.0
4520,4520,2017.12.04,26700.0,0.0,26700.0,26800.0,26300.0,7875.0
4521,4521,2017.12.05,27000.0,300.0,26550.0,27050.0,26300.0,5912.0
4522,4522,2017.12.06,26850.0,150.0,27200.0,27200.0,26650.0,5574.0
4523,4523,2017.12.07,26600.0,250.0,26800.0,26800.0,26300.0,27159.0
4524,4524,2017.12.08,26500.0,100.0,26600.0,26650.0,26400.0,7341.0
4525,4525,2017.12.11,26750.0,250.0,26800.0,27000.0,26650.0,4358.0
4526,4526,2017.12.12,26400.0,350.0,26600.0,27000.0,26250.0,9208.0
4527,4527,2017.12.13,27000.0,600.0,26400.0,28000.0,26400.0,8014.0
4528,4528,2017.12.14,27000.0,0.0,27100.0,27100.0,26600.0,5910.0
4529,4529,2017.12.15,26950.0,50.0,26800.0,27100.0,26650.0,5699.0
4530,4530,2017.12.18,26700.0,250.0,26850.0,26950.0,26500.0,8698.0
4531,4531,2017.12.19,26650.0,50.0,26700.0,26750.0,26450.0,5376.0
4532,4532,2017.12.20,26600.0,50.0,26600.0,26700.0,26400.0,4220.0
4533,4533,2017.12.21,26350.0,250.0,26500.0,26600.0,26300.0,7491.0
4534,4534,2017.12.22,26450.0,100.0,26350.0,26450.0,26200.0,2597.0
4535,4535,2017.12.26,26600.0,150.0,26300.0,26650.0,26200.0,6011.0
4536,4536,2017.12.27,26350.0,250.0,26450.0,26600.0,26350.0,3966.0
4537,4537,2017.12.28,26250.0,100.0,26350.0,26450.0,26050.0,6328.0
4538,4538,2018.01.02,26500.0,250.0,26400.0,26650.0,26200.0,6781.0
4539,4539,2018.01.03,26350.0,150.0,26500.0,26550.0,26250.0,7651.0
4540,4540,2018.01.04,26350.0,0.0,26350.0,26400.0,26150.0,11153.0
4541,4541,2018.01.05,26300.0,50.0,26500.0,26500.0,26150.0,6982.0
4542,4542,2018.01.08,26350.0,50.0,26350.0,26350.0,26050.0,10111.0
4543,4543,2018.01.09,27550.0,1200.0,26350.0,28050.0,26350.0,32988.0
4544,4544,2018.01.10,27800.0,250.0,27550.0,27900.0,27250.0,10611.0
4545,4545,2018.01.11,29200.0,1400.0,27850.0,29450.0,27850.0,31199.0
4546,4546,2018.01.12,28950.0,250.0,29200.0,29450.0,28600.0,15460.0
4547,4547,2018.01.15,29800.0,850.0,29750.0,30050.0,29100.0,23514.0
4548,4548,2018.01.16,29400.0,400.0,29750.0,30250.0,29350.0,9648.0
4549,4549,2018.01.17,29250.0,150.0,29400.0,29700.0,28350.0,12341.0
4550,4550,2018.01.18,29000.0,250.0,29650.0,29650.0,28700.0,6207.0
4551,4551,2018.01.19,30050.0,1050.0,28850.0,30400.0,28750.0,16386.0
4552,4552,2018.01.22,29650.0,400.0,29950.0,30350.0,29600.0,10568.0
4553,4553,2018.01.23,29750.0,100.0,29500.0,29750.0,29000.0,8404.0
4554,4554,2018.01.24,29350.0,400.0,29750.0,29850.0,29050.0,6960.0
4555,4555,2018.01.25,30400.0,1050.0,29300.0,30550.0,29300.0,20547.0
4556,4556,2018.01.26,31750.0,1350.0,30600.0,32200.0,30550.0,38195.0
4557,4557,2018.01.29,32000.0,250.0,32100.0,32550.0,31200.0,24577.0
4558,4558,2018.01.30,31450.0,550.0,32100.0,32350.0,31400.0,10157.0
4559,4559,2018.01.31,32000.0,550.0,31300.0,32350.0,30700.0,20503.0
4560,4560,2018.02.01,33150.0,1150.0,32000.0,34100.0,32000.0,59067.0
4561,4561,2018.02.02,33500.0,350.0,33050.0,34350.0,33050.0,26220.0
4562,4562,2018.02.05,32850.0,650.0,33250.0,33950.0,32450.0,19001.0
4563,4563,2018.02.06,33100.0,250.0,31900.0,33150.0,30900.0,39945.0
4564,4564,2018.02.07,33000.0,100.0,33150.0,34500.0,32950.0,23165.0
4565,4565,2018.02.08,32950.0,50.0,32100.0,34000.0,32000.0,16074.0
4566,4566,2018.02.09,32200.0,750.0,31550.0,32550.0,31550.0,24354.0
4567,4567,2018.02.12,31850.0,350.0,32200.0,32800.0,31650.0,9332.0
4568,4568,2018.02.13,32400.0,550.0,31900.0,33000.0,31900.0,6100.0
4569,4569,2018.02.14,32200.0,200.0,33200.0,33200.0,31800.0,7422.0
4570,4570,2018.02.19,32100.0,100.0,32200.0,33000.0,32050.0,3727.0
4571,4571,2018.02.20,32000.0,100.0,32750.0,32750.0,31750.0,5539.0
4572,4572,2018.02.21,31600.0,400.0,31500.0,32200.0,31450.0,6859.0
4573,4573,2018.02.22,30500.0,1100.0,31000.0,31350.0,30500.0,14572.0
4574,4574,2018.02.23,31700.0,1200.0,30700.0,31700.0,30700.0,4148.0
4575,4575,2018.02.26,31700.0,0.0,31850.0,32250.0,31650.0,4828.0
4576,4576,2018.02.27,31850.0,150.0,31850.0,32150.0,31000.0,3967.0
4577,4577,2018.02.28,31550.0,300.0,32000.0,32000.0,31200.0,3417.0
4578,4578,2018.03.02,32000.0,450.0,31550.0,32000.0,31050.0,4487.0
4579,4579,2018.03.05,31850.0,150.0,32000.0,32000.0,31550.0,4650.0
4580,4580,2018.03.06,32000.0,150.0,31950.0,32050.0,31700.0,2197.0
4581,4581,2018.03.07,31800.0,200.0,32000.0,32000.0,31450.0,7375.0
4582,4582,2018.03.08,33650.0,1850.0,32000.0,33750.0,31700.0,28120.0
4583,4583,2018.03.09,33300.0,350.0,33650.0,33800.0,32850.0,6358.0
4584,4584,2018.03.12,33400.0,100.0,33050.0,34300.0,33050.0,14761.0
4585,4585,2018.03.13,34100.0,700.0,33400.0,34200.0,33400.0,13315.0
4586,4586,2018.03.14,33900.0,200.0,34300.0,34300.0,32650.0,10799.0
4587,4587,2018.03.15,33300.0,600.0,33800.0,34200.0,32850.0,8430.0
4588,4588,2018.03.16,33450.0,150.0,32950.0,34350.0,32950.0,5536.0
4589,4589,2018.03.19,32900.0,550.0,33450.0,33450.0,32900.0,3021.0
4590,4590,2018.03.20,32600.0,300.0,32550.0,33050.0,32550.0,3741.0
4591,4591,2018.03.21,32500.0,100.0,32750.0,33050.0,32400.0,5174.0
4592,4592,2018.03.22,32550.0,50.0,32650.0,33300.0,32000.0,10013.0
4593,4593,2018.03.23,31650.0,900.0,31900.0,32300.0,31050.0,15943.0
4594,4594,2018.03.26,31950.0,300.0,31800.0,32800.0,31000.0,8655.0
4595,4595,2018.03.27,31850.0,100.0,32000.0,32550.0,31800.0,7298.0
4596,4596,2018.03.28,31850.0,0.0,31550.0,31850.0,31200.0,4209.0
4597,4597,2018.03.29,32700.0,850.0,31900.0,33300.0,31900.0,17994.0
4598,4598,2018.03.30,33950.0,1250.0,32700.0,34300.0,32500.0,18921.0
4599,4599,2018.04.02,34100.0,150.0,34000.0,34500.0,33550.0,20106.0
4600,4600,2018.04.03,35050.0,950.0,33650.0,35750.0,33650.0,28461.0
4601,4601,2018.04.04,35000.0,50.0,35450.0,35700.0,34700.0,16957.0
4602,4602,2018.04.05,34150.0,850.0,34650.0,35450.0,34000.0,12360.0
4603,4603,2018.04.06,33750.0,400.0,33700.0,34100.0,33550.0,6191.0
4604,4604,2018.04.09,33350.0,400.0,33350.0,33650.0,32500.0,17421.0
4605,4605,2018.04.10,34200.0,850.0,33350.0,34500.0,33250.0,12130.0
4606,4606,2018.04.11,35600.0,1400.0,34200.0,36000.0,34200.0,27800.0
4607,4607,2018.04.12,35650.0,50.0,35600.0,36150.0,35250.0,17294.0
4608,4608,2018.04.13,34900.0,750.0,36200.0,36200.0,34850.0,5167.0
4609,4609,2018.04.16,34200.0,700.0,34700.0,34850.0,34150.0,10403.0
4610,4610,2018.04.17,34200.0,0.0,34200.0,34600.0,33700.0,6215.0
4611,4611,2018.04.18,33600.0,600.0,34000.0,34200.0,33300.0,18262.0
4612,4612,2018.04.19,35150.0,1550.0,33900.0,35200.0,33650.0,22654.0
4613,4613,2018.04.20,34700.0,450.0,35150.0,35200.0,34550.0,8868.0
4614,4614,2018.04.23,34950.0,250.0,35050.0,35450.0,34050.0,14867.0
4615,4615,2018.04.24,35100.0,150.0,35250.0,35300.0,34250.0,10530.0
4616,4616,2018.04.25,34650.0,450.0,35000.0,35000.0,34300.0,13036.0
4617,4617,2018.04.26,34600.0,50.0,34850.0,35000.0,34400.0,8772.0
4618,4618,2018.04.27,35050.0,450.0,34600.0,35450.0,34450.0,16355.0
4619,4619,2018.04.30,37050.0,2000.0,35550.0,37400.0,35400.0,44085.0
4620,4620,2018.05.02,37150.0,100.0,37000.0,37400.0,36300.0,32063.0
4621,4621,2018.05.03,37150.0,0.0,36750.0,37150.0,36150.0,12717.0
4622,4622,2018.05.04,38350.0,1200.0,37100.0,38500.0,36500.0,28431.0
4623,4623,2018.05.08,36700.0,1650.0,38350.0,38600.0,36700.0,20406.0
4624,4624,2018.05.09,36300.0,400.0,36700.0,36900.0,35400.0,9571.0
4625,4625,2018.05.10,35550.0,750.0,36600.0,36600.0,35100.0,13356.0
4626,4626,2018.05.11,36750.0,1200.0,35550.0,37200.0,34350.0,15664.0
4627,4627,2018.05.14,36850.0,100.0,36750.0,37000.0,36250.0,17436.0
4628,4628,2018.05.15,36650.0,200.0,36850.0,37250.0,36000.0,11683.0
4629,4629,2018.05.16,35100.0,1550.0,36000.0,36000.0,34500.0,25141.0
4630,4630,2018.05.17,35100.0,0.0,35100.0,35300.0,34600.0,8739.0
4631,4631,2018.05.18,34200.0,900.0,35100.0,35100.0,34200.0,7881.0
4632,4632,2018.05.21,33950.0,250.0,34300.0,34450.0,33800.0,5857.0
4633,4633,2018.05.23,33300.0,650.0,34300.0,34300.0,32800.0,13464.0
4634,4634,2018.05.24,32500.0,800.0,33500.0,33700.0,32500.0,11411.0
4635,4635,2018.05.25,32500.0,0.0,32300.0,33250.0,31700.0,9378.0
4636,4636,2018.05.28,33600.0,1100.0,33400.0,34500.0,33100.0,19754.0
4637,4637,2018.05.29,33400.0,200.0,34100.0,34100.0,32800.0,16075.0
4638,4638,2018.05.30,33200.0,200.0,32900.0,34050.0,32100.0,14206.0
4639,4639,2018.05.31,34100.0,900.0,33200.0,34600.0,33200.0,19463.0
4640,4640,2018.06.01,34500.0,400.0,34100.0,35100.0,33950.0,10013.0
4641,4641,2018.06.04,34250.0,250.0,34550.0,35100.0,33700.0,8014.0
4642,4642,2018.06.05,34400.0,150.0,34250.0,34450.0,33800.0,6145.0
4643,4643,2018.06.07,34550.0,150.0,34950.0,34950.0,33950.0,6671.0
4644,4644,2018.06.08,33950.0,600.0,33850.0,34450.0,33800.0,7882.0
4645,4645,2018.06.11,34000.0,50.0,33600.0,34550.0,33600.0,6146.0
4646,4646,2018.06.12,34200.0,200.0,33850.0,34350.0,33500.0,13768.0
4647,4647,2018.06.14,33200.0,1000.0,34200.0,34200.0,33200.0,6977.0
4648,4648,2018.06.15,33050.0,150.0,33250.0,33550.0,32700.0,6741.0
4649,4649,2018.06.18,32500.0,550.0,34100.0,34100.0,32200.0,10366.0
4650,4650,2018.06.19,31700.0,800.0,32050.0,32800.0,31700.0,11988.0
4651,4651,2018.06.20,32650.0,950.0,31100.0,33500.0,31100.0,8196.0
4652,4652,2018.06.21,32000.0,650.0,33200.0,33200.0,31600.0,6188.0
4653,4653,2018.06.22,32200.0,200.0,31400.0,32600.0,31400.0,6585.0
4654,4654,2018.06.25,32350.0,150.0,32200.0,32550.0,31500.0,1841.0
4655,4655,2018.06.26,31650.0,700.0,31500.0,32850.0,31200.0,5394.0
4656,4656,2018.06.27,32500.0,850.0,31000.0,33000.0,31000.0,8295.0
4657,4657,2018.06.28,32350.0,150.0,32000.0,32750.0,32000.0,2036.0
4658,4658,2018.06.29,33500.0,1150.0,31900.0,37500.0,31150.0,30035.0
4659,4659,2018.07.02,35000.0,1500.0,33500.0,35650.0,33500.0,40087.0
4660,4660,2018.07.03,34000.0,1000.0,34900.0,35500.0,34000.0,13450.0
4661,4661,2018.07.04,35900.0,1900.0,34000.0,36150.0,33700.0,24565.0
4662,4662,2018.07.05,35900.0,0.0,35900.0,36550.0,34800.0,21334.0
4663,4663,2018.07.06,35300.0,600.0,35600.0,36200.0,34750.0,10944.0
4664,4664,2018.07.09,34500.0,800.0,34850.0,34850.0,34050.0,4999.0
4665,4665,2018.07.10,34900.0,400.0,34150.0,35800.0,34150.0,422096.0
4666,4666,2018.07.11,35500.0,600.0,34600.0,35500.0,34000.0,15060.0
4667,4667,2018.07.12,35500.0,0.0,35500.0,35850.0,34800.0,5652.0
4668,4668,2018.07.13,35550.0,50.0,35500.0,35700.0,35000.0,7515.0
4669,4669,2018.07.16,34550.0,1000.0,35200.0,35600.0,34550.0,4129.0
4670,4670,2018.07.17,35700.0,1150.0,34500.0,35750.0,34300.0,9768.0
4671,4671,2018.07.18,35150.0,550.0,35650.0,35650.0,35150.0,3508.0
4672,4672,2018.07.19,34450.0,700.0,35150.0,35550.0,34450.0,4469.0
4673,4673,2018.07.20,34800.0,350.0,34400.0,35450.0,34250.0,6980.0
4674,4674,2018.07.23,34000.0,800.0,34800.0,35100.0,33750.0,5197.0
4675,4675,2018.07.24,35100.0,1100.0,33750.0,35200.0,33750.0,7303.0
4676,4676,2018.07.25,34400.0,700.0,35150.0,35650.0,34100.0,8790.0
4677,4677,2018.07.26,34100.0,300.0,34550.0,34550.0,33900.0,4838.0
4678,4678,2018.07.27,34700.0,600.0,33950.0,35150.0,33700.0,3028.0
4679,4679,2018.07.30,33950.0,750.0,34650.0,34650.0,33900.0,5698.0
4680,4680,2018.07.31,34200.0,250.0,34050.0,34750.0,33850.0,2887.0
4681,4681,2018.08.01,34200.0,0.0,34000.0,34750.0,33950.0,3350.0
4682,4682,2018.08.02,34300.0,100.0,34200.0,34750.0,34050.0,2859.0
4683,4683,2018.08.03,34600.0,300.0,33950.0,34600.0,33900.0,4178.0
4684,4684,2018.08.06,34150.0,450.0,34100.0,34750.0,34100.0,2111.0
4685,4685,2018.08.07,34200.0,50.0,33800.0,34400.0,33750.0,12339.0
4686,4686,2018.08.08,33950.0,250.0,33800.0,34200.0,33500.0,1716.0
4687,4687,2018.08.09,33000.0,950.0,33800.0,33850.0,33000.0,5226.0
4688,4688,2018.08.10,33450.0,450.0,32950.0,33800.0,32750.0,1581.0
4689,4689,2018.08.13,33650.0,200.0,33500.0,33800.0,32850.0,4690.0
4690,4690,2018.08.14,33050.0,600.0,33150.0,33350.0,33050.0,1557.0
4691,4691,2018.08.16,32650.0,400.0,31900.0,33800.0,31900.0,11302.0
4692,4692,2018.08.17,32650.0,0.0,32200.0,33400.0,32200.0,3190.0
4693,4693,2018.08.20,32500.0,150.0,34100.0,34100.0,32500.0,1608.0
4694,4694,2018.08.21,31950.0,550.0,32650.0,32650.0,31450.0,7118.0
4695,4695,2018.08.22,31950.0,0.0,31900.0,32100.0,31700.0,2797.0
4696,4696,2018.08.23,31950.0,0.0,33000.0,33000.0,31950.0,666.0
4697,4697,2018.08.24,31700.0,250.0,31950.0,32500.0,31550.0,3340.0
4698,4698,2018.08.27,31550.0,150.0,31500.0,31700.0,31450.0,1983.0
4699,4699,2018.08.28,32250.0,700.0,31550.0,33000.0,31500.0,5564.0
4700,4700,2018.08.29,31650.0,600.0,32200.0,32300.0,31550.0,4092.0
4701,4701,2018.08.30,32050.0,400.0,31700.0,32100.0,31500.0,2781.0
4702,4702,2018.08.31,32100.0,50.0,32000.0,33400.0,31550.0,5142.0
4703,4703,2018.09.03,32200.0,100.0,32100.0,32500.0,31800.0,1873.0
4704,4704,2018.09.04,32350.0,150.0,32000.0,32450.0,31750.0,1661.0
4705,4705,2018.09.05,31700.0,650.0,32000.0,32100.0,31500.0,7494.0
4706,4706,2018.09.06,31600.0,100.0,31700.0,32300.0,31500.0,6019.0
4707,4707,2018.09.07,31300.0,300.0,31600.0,31850.0,31000.0,9806.0
4708,4708,2018.09.10,31500.0,200.0,31300.0,31650.0,31250.0,3228.0
4709,4709,2018.09.11,31500.0,0.0,31500.0,31750.0,31100.0,3342.0
4710,4710,2018.09.12,31500.0,0.0,31500.0,31750.0,31100.0,2573.0
4711,4711,2018.09.13,31400.0,100.0,31500.0,31650.0,31250.0,1844.0
4712,4712,2018.09.14,31250.0,150.0,31400.0,31550.0,31200.0,3922.0
4713,4713,2018.09.17,30550.0,700.0,31300.0,31300.0,30500.0,3490.0
4714,4714,2018.09.18,31200.0,650.0,30700.0,31300.0,30700.0,7013.0
4715,4715,2018.09.19,30300.0,900.0,31200.0,31200.0,29950.0,8482.0
4716,4716,2018.09.20,30300.0,0.0,30250.0,30550.0,29650.0,7235.0
4717,4717,2018.09.21,30000.0,300.0,30300.0,30500.0,29700.0,6815.0
4718,4718,2018.09.27,29350.0,650.0,29650.0,29950.0,29300.0,7564.0
4719,4719,2018.09.28,30250.0,900.0,29950.0,30250.0,29250.0,6185.0
4720,4720,2018.10.01,30400.0,150.0,29800.0,31350.0,29800.0,2901.0
4721,4721,2018.10.02,30100.0,300.0,30400.0,30500.0,29700.0,2360.0
4722,4722,2018.10.04,29750.0,350.0,30100.0,30100.0,29750.0,2238.0
4723,4723,2018.10.05,29050.0,700.0,29700.0,29850.0,29000.0,2825.0
4724,4724,2018.10.08,29100.0,50.0,29150.0,29150.0,28750.0,5031.0
4725,4725,2018.10.10,27900.0,1200.0,29200.0,29200.0,27550.0,7350.0
4726,4726,2018.10.11,26500.0,1400.0,27000.0,28700.0,25400.0,11870.0
4727,4727,2018.10.12,27450.0,950.0,26500.0,27500.0,26300.0,2520.0
4728,4728,2018.10.15,26600.0,850.0,26900.0,27250.0,26500.0,3846.0
4729,4729,2018.10.16,27000.0,400.0,26500.0,27050.0,26450.0,835.0
4730,4730,2018.10.17,27800.0,800.0,27450.0,28000.0,27250.0,1955.0
4731,4731,2018.10.18,27500.0,300.0,27400.0,28050.0,27400.0,2250.0
4732,4732,2018.10.19,27200.0,300.0,27500.0,27500.0,27150.0,1268.0
4733,4733,2018.10.22,27250.0,50.0,27200.0,27750.0,27000.0,2138.0
4734,4734,2018.10.23,26600.0,650.0,27250.0,28400.0,26500.0,1785.0
4735,4735,2018.10.24,26650.0,50.0,26600.0,26700.0,26450.0,1354.0
4736,4736,2018.10.25,25400.0,1250.0,25850.0,26050.0,25000.0,4004.0
4737,4737,2018.10.26,24500.0,900.0,25050.0,25600.0,24500.0,8145.0
4738,4738,2018.10.29,23200.0,1300.0,24500.0,24500.0,23150.0,6088.0
4739,4739,2018.10.30,23300.0,100.0,23000.0,23800.0,22000.0,4433.0
4740,4740,2018.10.31,23700.0,400.0,23000.0,23750.0,22650.0,3320.0
4741,4741,2018.11.01,23400.0,300.0,23750.0,24450.0,23000.0,20022.0
4742,4742,2018.11.02,24750.0,1350.0,23300.0,25050.0,23300.0,7065.0
4743,4743,2018.11.05,24550.0,200.0,25100.0,25100.0,24350.0,1604.0
4744,4744,2018.11.06,25200.0,650.0,25000.0,25800.0,24950.0,1057.0
4745,4745,2018.11.07,24700.0,500.0,25300.0,25650.0,24700.0,2365.0
4746,4746,2018.11.08,24900.0,200.0,24700.0,26000.0,24700.0,1703.0
4747,4747,2018.11.09,26100.0,1200.0,24750.0,26450.0,24750.0,8029.0
4748,4748,2018.11.12,28100.0,2000.0,26100.0,30950.0,25750.0,23615.0
4749,4749,2018.11.13,28650.0,550.0,27700.0,28850.0,27600.0,8434.0
4750,4750,2018.11.14,29100.0,450.0,28450.0,29100.0,28150.0,4547.0
4751,4751,2018.11.15,29100.0,0.0,28900.0,29200.0,28250.0,6242.0
4752,4752,2018.11.16,29400.0,300.0,29350.0,29500.0,28600.0,3508.0
4753,4753,2018.11.19,28500.0,900.0,29150.0,29250.0,28250.0,6508.0
4754,4754,2018.11.20,28750.0,250.0,28300.0,29000.0,28300.0,5553.0
4755,4755,2018.11.21,28600.0,150.0,28000.0,28650.0,27700.0,4154.0
4756,4756,2018.11.22,27400.0,1200.0,28350.0,28850.0,27400.0,3562.0
4757,4757,2018.11.23,27800.0,400.0,27400.0,28000.0,27400.0,2793.0
4758,4758,2018.11.26,28000.0,200.0,27300.0,28600.0,27300.0,2905.0
4759,4759,2018.11.27,27600.0,400.0,28300.0,28300.0,26500.0,5607.0
4760,4760,2018.11.28,27600.0,0.0,27350.0,27800.0,27300.0,1093.0
4761,4761,2018.11.29,27750.0,150.0,27800.0,27900.0,27250.0,510.0
4762,4762,2018.11.30,26700.0,1050.0,27550.0,28150.0,26700.0,4018.0
4763,4763,2018.12.03,27000.0,300.0,26700.0,27500.0,26700.0,6822.0
4764,4764,2018.12.04,26100.0,900.0,27000.0,27050.0,26000.0,4619.0
4765,4765,2018.12.05,26100.0,0.0,26000.0,26500.0,25800.0,1462.0
4766,4766,2018.12.06,25050.0,1050.0,26000.0,26100.0,24600.0,4795.0
4767,4767,2018.12.07,24800.0,250.0,25750.0,25750.0,24600.0,3942.0
4768,4768,2018.12.10,23300.0,1500.0,24500.0,24500.0,22850.0,27886.0
4769,4769,2018.12.11,23250.0,50.0,23300.0,23750.0,22500.0,11552.0
4770,4770,2018.12.12,23800.0,550.0,23400.0,24450.0,23400.0,8837.0
4771,4771,2018.12.13,24900.0,1100.0,23600.0,24900.0,23600.0,4090.0
4772,4772,2018.12.14,24450.0,450.0,25500.0,25500.0,24300.0,4763.0
4773,4773,2018.12.17,24600.0,150.0,24450.0,24800.0,24400.0,1987.0
4774,4774,2018.12.18,24450.0,150.0,23900.0,24500.0,23900.0,8800.0
4775,4775,2018.12.19,24000.0,450.0,24100.0,24800.0,24000.0,9100.0
4776,4776,2018.12.20,24400.0,400.0,23700.0,24450.0,23700.0,16916.0
4777,4777,2018.12.21,24000.0,400.0,25000.0,25000.0,24000.0,11236.0
4778,4778,2018.12.24,23900.0,100.0,24650.0,24650.0,23850.0,14147.0
4779,4779,2018.12.26,23600.0,300.0,23250.0,24350.0,23250.0,13331.0
4780,4780,2018.12.27,23700.0,100.0,23700.0,24000.0,23650.0,2366.0
4781,4781,2018.12.28,23950.0,250.0,23600.0,24450.0,23500.0,3987.0
4782,4782,2019.01.02,23150.0,800.0,24000.0,24400.0,22950.0,2848.0
4783,4783,2019.01.03,22350.0,800.0,23050.0,23450.0,22300.0,6782.0
4784,4784,2019.01.04,23800.0,1450.0,22200.0,25150.0,22000.0,12108.0
4785,4785,2019.01.07,24500.0,700.0,23400.0,25200.0,23400.0,7353.0
4786,4786,2019.01.08,25050.0,550.0,24500.0,25200.0,24500.0,4470.0
4787,4787,2019.01.09,24700.0,350.0,25150.0,25450.0,24500.0,2778.0
4788,4788,2019.01.10,25200.0,500.0,24600.0,25200.0,24400.0,4156.0
4789,4789,2019.01.11,24600.0,600.0,24650.0,25150.0,24350.0,3605.0
4790,4790,2019.01.14,24100.0,500.0,24600.0,24850.0,24050.0,2585.0
4791,4791,2019.01.15,24700.0,600.0,25000.0,25000.0,24100.0,2741.0
4792,4792,2019.01.16,25000.0,300.0,24700.0,25250.0,23500.0,4422.0
4793,4793,2019.01.17,25050.0,50.0,24800.0,25300.0,24750.0,2514.0
4794,4794,2019.01.18,25350.0,300.0,25600.0,25600.0,25050.0,3486.0
4795,4795,2019.01.21,24200.0,1150.0,25500.0,25500.0,24100.0,3471.0
4796,4796,2019.01.22,24100.0,100.0,25000.0,25000.0,24000.0,5797.0
4797,4797,2019.01.23,24150.0,50.0,24150.0,24250.0,23500.0,5874.0
4798,4798,2019.01.24,24500.0,350.0,24800.0,24900.0,23850.0,6971.0
4799,4799,2019.01.25,24800.0,300.0,24950.0,24950.0,24300.0,4590.0
4800,4800,2019.01.28,24800.0,0.0,24800.0,25100.0,24750.0,5221.0
4801,4801,2019.01.29,24950.0,150.0,25200.0,27700.0,24950.0,31294.0
4802,4802,2019.01.30,25950.0,1000.0,25450.0,26000.0,25400.0,9747.0
4803,4803,2019.01.31,25950.0,0.0,26400.0,26400.0,25400.0,5593.0
4804,4804,2019.02.01,27200.0,1250.0,25850.0,27700.0,25650.0,16259.0
4805,4805,2019.02.07,27350.0,150.0,27650.0,27750.0,27200.0,9720.0
4806,4806,2019.02.08,26400.0,950.0,27400.0,27700.0,26200.0,6804.0
4807,4807,2019.02.11,25700.0,700.0,26400.0,26450.0,25500.0,9008.0
4808,4808,2019.02.12,26000.0,300.0,26200.0,26200.0,25650.0,5979.0
4809,4809,2019.02.13,26900.0,900.0,26450.0,26950.0,26050.0,11769.0
4810,4810,2019.02.14,27000.0,100.0,27000.0,27200.0,26550.0,7779.0
4811,4811,2019.02.15,27650.0,650.0,27250.0,27700.0,27100.0,9743.0
4812,4812,2019.02.18,27850.0,200.0,27650.0,27900.0,27250.0,16697.0
4813,4813,2019.02.19,28200.0,350.0,27900.0,28450.0,27650.0,11059.0
4814,4814,2019.02.20,28550.0,350.0,28200.0,28800.0,28200.0,9424.0
4815,4815,2019.02.21,28700.0,150.0,28550.0,28900.0,28500.0,6413.0
4816,4816,2019.02.22,28800.0,100.0,28950.0,28950.0,28000.0,11189.0
4817,4817,2019.02.25,28350.0,450.0,28800.0,29000.0,27950.0,10042.0
4818,4818,2019.02.26,28900.0,550.0,28350.0,29000.0,28350.0,7056.0
4819,4819,2019.02.27,28900.0,0.0,28900.0,29350.0,28600.0,3959.0
4820,4820,2019.02.28,28000.0,900.0,29300.0,29300.0,28000.0,7382.0
4821,4821,2019.03.04,29200.0,1200.0,28850.0,31700.0,28750.0,50490.0
4822,4822,2019.03.05,29300.0,100.0,29300.0,29700.0,28500.0,15297.0
4823,4823,2019.03.06,30800.0,1500.0,29300.0,31050.0,29200.0,23053.0
4824,4824,2019.03.07,31850.0,1050.0,30950.0,31950.0,30500.0,29228.0
4825,4825,2019.03.08,31900.0,50.0,31500.0,32250.0,29700.0,14870.0
4826,4826,2019.03.11,30600.0,1300.0,31350.0,31900.0,30300.0,15796.0
4827,4827,2019.03.12,31300.0,700.0,31050.0,31700.0,30650.0,15433.0
4828,4828,2019.03.13,30600.0,700.0,31300.0,31850.0,30500.0,9501.0
4829,4829,2019.03.14,30900.0,300.0,30750.0,31150.0,30250.0,7639.0
4830,4830,2019.03.15,30100.0,800.0,30800.0,30800.0,29850.0,9297.0
4831,4831,2019.03.18,31150.0,1050.0,30100.0,31500.0,30100.0,16884.0
4832,4832,2019.03.19,31800.0,650.0,31150.0,32000.0,30950.0,11591.0
4833,4833,2019.03.20,31650.0,150.0,32000.0,32000.0,31300.0,7912.0
4834,4834,2019.03.21,31500.0,150.0,31150.0,31650.0,30800.0,4710.0
4835,4835,2019.03.22,31250.0,250.0,31450.0,31450.0,30700.0,7633.0
4836,4836,2019.03.25,29750.0,1500.0,30500.0,30950.0,29450.0,10059.0
4837,4837,2019.03.26,30000.0,250.0,29750.0,30600.0,29550.0,4869.0
4838,4838,2019.03.27,29550.0,450.0,29700.0,29900.0,29250.0,9259.0
4839,4839,2019.03.28,29600.0,50.0,29550.0,29700.0,28700.0,11330.0
4840,4840,2019.03.29,29700.0,100.0,30150.0,30550.0,29700.0,7002.0
4841,4841,2019.04.01,30400.0,700.0,29800.0,30450.0,29800.0,5793.0
4842,4842,2019.04.02,30050.0,350.0,30700.0,30800.0,29900.0,6604.0
4843,4843,2019.04.03,30000.0,50.0,30050.0,30500.0,29750.0,4591.0
4844,4844,2019.04.04,29600.0,400.0,29850.0,30200.0,29150.0,4783.0
4845,4845,2019.04.05,30000.0,400.0,29450.0,30000.0,29300.0,2983.0
4846,4846,2019.04.08,30000.0,0.0,29850.0,30200.0,29750.0,6164.0
4847,4847,2019.04.09,29750.0,250.0,29850.0,30050.0,29700.0,5887.0
4848,4848,2019.04.10,29700.0,50.0,29600.0,29950.0,29600.0,4117.0
4849,4849,2019.04.11,30100.0,400.0,29700.0,30350.0,29650.0,8087.0
4850,4850,2019.04.12,30450.0,350.0,30100.0,30700.0,29700.0,10326.0
4851,4851,2019.04.15,30350.0,100.0,30200.0,30600.0,30000.0,8569.0
4852,4852,2019.04.16,30350.0,0.0,30400.0,30400.0,29750.0,6101.0
4853,4853,2019.04.17,30750.0,400.0,30300.0,30750.0,29900.0,6231.0
4854,4854,2019.04.18,30400.0,350.0,30800.0,30800.0,30350.0,3398.0
4855,4855,2019.04.19,31650.0,1250.0,30300.0,32000.0,30300.0,20566.0
4856,4856,2019.04.22,32350.0,700.0,31650.0,32700.0,31600.0,15122.0
4857,4857,2019.04.23,32050.0,300.0,32650.0,32650.0,31750.0,8521.0
4858,4858,2019.04.24,31800.0,250.0,31900.0,32050.0,31100.0,5040.0
4859,4859,2019.04.25,31250.0,550.0,31850.0,32050.0,30900.0,6243.0
4860,4860,2019.04.26,30750.0,500.0,31800.0,31800.0,30000.0,6145.0
4861,4861,2019.04.29,31050.0,300.0,30750.0,31050.0,30300.0,2322.0
4862,4862,2019.04.30,30600.0,450.0,30550.0,31350.0,30250.0,3204.0
4863,4863,2019.05.02,31200.0,600.0,30650.0,31350.0,30500.0,4466.0
4864,4864,2019.05.03,31300.0,100.0,31200.0,31750.0,30900.0,6509.0
4865,4865,2019.05.07,31250.0,50.0,30650.0,31500.0,30300.0,17646.0
4866,4866,2019.05.08,30850.0,400.0,31250.0,31250.0,30600.0,4476.0
4867,4867,2019.05.09,30350.0,500.0,30850.0,31000.0,30300.0,4672.0
4868,4868,2019.05.10,30100.0,250.0,30900.0,30900.0,29300.0,3776.0
4869,4869,2019.05.13,29950.0,150.0,29700.0,30300.0,29700.0,7234.0
4870,4870,2019.05.14,30000.0,50.0,29950.0,30100.0,29300.0,6947.0
4871,4871,2019.05.15,30100.0,100.0,30000.0,30100.0,29050.0,16264.0
4872,4872,2019.05.16,29850.0,250.0,29800.0,30300.0,28900.0,31160.0
4873,4873,2019.05.17,29550.0,300.0,30250.0,30250.0,29150.0,18129.0
4874,4874,2019.05.20,29100.0,450.0,29150.0,29750.0,29000.0,21486.0
4875,4875,2019.05.21,29500.0,400.0,29250.0,29700.0,28950.0,6024.0
4876,4876,2019.05.22,29350.0,150.0,29300.0,29950.0,29250.0,5766.0
4877,4877,2019.05.23,28300.0,1050.0,29250.0,29350.0,28150.0,5460.0
4878,4878,2019.05.24,27900.0,400.0,28000.0,28950.0,27750.0,5908.0
4879,4879,2019.05.27,26850.0,1050.0,27550.0,27800.0,26850.0,8339.0
4880,4880,2019.05.28,27600.0,750.0,27000.0,27750.0,26850.0,3105.0
4881,4881,2019.05.29,32450.0,4850.0,29800.0,35850.0,29500.0,707811.0
4882,4882,2019.05.30,31100.0,1350.0,31250.0,33050.0,30800.0,152367.0
4883,4883,2019.05.31,31350.0,250.0,31250.0,31900.0,30600.0,60527.0
4884,4884,2019.06.03,31450.0,100.0,30900.0,31750.0,30750.0,28634.0
4885,4885,2019.06.04,32650.0,1200.0,31200.0,33200.0,31200.0,64152.0
4886,4886,2019.06.05,32450.0,200.0,32300.0,32800.0,32100.0,15444.0
4887,4887,2019.06.07,31600.0,850.0,32450.0,32950.0,31300.0,24526.0
4888,4888,2019.06.10,31700.0,100.0,31500.0,31950.0,31050.0,16295.0
4889,4889,2019.06.11,32900.0,1200.0,31600.0,33350.0,31600.0,36126.0
4890,4890,2019.06.12,33100.0,200.0,32900.0,33600.0,32550.0,15127.0
4891,4891,2019.06.13,32800.0,300.0,32900.0,33000.0,32350.0,12251.0
4892,4892,2019.06.14,32600.0,200.0,32800.0,32800.0,32100.0,13732.0
4893,4893,2019.06.17,33800.0,1200.0,32650.0,34550.0,32300.0,30917.0
4894,4894,2019.06.18,33350.0,450.0,33550.0,34150.0,33000.0,13077.0
4895,4895,2019.06.19,33450.0,100.0,33350.0,34150.0,33150.0,10549.0
4896,4896,2019.06.20,33800.0,350.0,33450.0,33900.0,33250.0,10612.0
4897,4897,2019.06.21,33600.0,200.0,33800.0,34050.0,33150.0,9600.0
4898,4898,2019.06.24,33200.0,400.0,33600.0,33900.0,32650.0,10733.0
4899,4899,2019.06.25,32550.0,650.0,33700.0,33700.0,31900.0,13780.0
4900,4900,2019.06.26,32150.0,400.0,32500.0,32550.0,31800.0,17420.0
4901,4901,2019.06.27,31400.0,750.0,32650.0,35250.0,31400.0,35808.0
4902,4902,2019.06.28,31450.0,50.0,31150.0,31750.0,31100.0,8343.0
4903,4903,2019.07.01,30800.0,650.0,31450.0,31850.0,30300.0,15743.0
4904,4904,2019.07.02,31750.0,950.0,30850.0,31800.0,30500.0,6975.0
4905,4905,2019.07.03,31200.0,550.0,32550.0,32600.0,30650.0,21379.0
4906,4906,2019.07.04,32300.0,1100.0,31850.0,32450.0,31250.0,17359.0
4907,4907,2019.07.05,31800.0,500.0,32300.0,32350.0,31550.0,5207.0
4908,4908,2019.07.08,30100.0,1700.0,31700.0,31750.0,30000.0,13899.0
4909,4909,2019.07.09,30350.0,250.0,29900.0,30700.0,29700.0,9260.0
4910,4910,2019.07.10,30100.0,250.0,30350.0,30400.0,29900.0,5335.0
4911,4911,2019.07.11,30000.0,100.0,29700.0,30850.0,29550.0,6158.0
4912,4912,2019.07.12,29500.0,500.0,29650.0,30000.0,29450.0,7678.0
4913,4913,2019.07.15,28800.0,700.0,29700.0,29750.0,28200.0,13504.0
4914,4914,2019.07.16,28900.0,100.0,28300.0,29000.0,28250.0,7564.0
4915,4915,2019.07.17,28250.0,650.0,28350.0,28750.0,27850.0,11852.0
4916,4916,2019.07.18,28500.0,250.0,28200.0,28650.0,27650.0,6963.0
4917,4917,2019.07.19,28450.0,50.0,28150.0,28500.0,28150.0,3518.0
4918,4918,2019.07.22,28400.0,50.0,28300.0,28550.0,27850.0,5830.0
4919,4919,2019.07.23,28450.0,50.0,28300.0,28900.0,28150.0,4211.0
4920,4920,2019.07.24,28000.0,450.0,28200.0,28800.0,27950.0,4449.0
4921,4921,2019.07.25,27750.0,250.0,28400.0,28400.0,27000.0,8870.0
4922,4922,2019.07.26,27300.0,450.0,27150.0,27500.0,27150.0,7100.0
4923,4923,2019.07.29,26350.0,950.0,26750.0,27200.0,26100.0,10727.0
4924,4924,2019.07.30,28450.0,2100.0,25600.0,28450.0,25600.0,18465.0
4925,4925,2019.07.31,28350.0,100.0,28450.0,28850.0,27500.0,15440.0
4926,4926,2019.08.01,27700.0,650.0,28350.0,28800.0,27400.0,5420.0
4927,4927,2019.08.02,27050.0,650.0,27300.0,28450.0,27000.0,5325.0
4928,4928,2019.08.05,25050.0,2000.0,26450.0,27000.0,25050.0,20316.0
4929,4929,2019.08.06,25400.0,350.0,24250.0,25950.0,23750.0,9151.0
4930,4930,2019.08.07,25000.0,400.0,24750.0,25800.0,24750.0,6647.0
4931,4931,2019.08.08,26100.0,1100.0,25000.0,26200.0,25000.0,2943.0
4932,4932,2019.08.09,26450.0,350.0,26000.0,26750.0,26000.0,2769.0
4933,4933,2019.08.12,27600.0,1150.0,26000.0,28000.0,26000.0,11144.0
4934,4934,2019.08.13,26850.0,750.0,27750.0,27750.0,26850.0,4459.0
4935,4935,2019.08.14,26850.0,0.0,27150.0,27800.0,26700.0,2602.0
4936,4936,2019.08.16,25800.0,1050.0,26050.0,26400.0,25450.0,11057.0
4937,4937,2019.08.19,25750.0,50.0,25800.0,25950.0,25200.0,5819.0
4938,4938,2019.08.20,26200.0,450.0,25750.0,26350.0,25550.0,4202.0
4939,4939,2019.08.21,25750.0,450.0,26200.0,26650.0,25700.0,3313.0
4940,4940,2019.08.22,25950.0,200.0,25750.0,26700.0,25550.0,4541.0
4941,4941,2019.08.23,25550.0,400.0,25400.0,25950.0,25300.0,3672.0
4942,4942,2019.08.26,24700.0,850.0,25250.0,25900.0,24600.0,2685.0
4943,4943,2019.08.27,24050.0,650.0,25300.0,25300.0,24050.0,6720.0
4944,4944,2019.08.28,24100.0,50.0,24400.0,24400.0,23700.0,6039.0
4945,4945,2019.08.29,24250.0,150.0,24100.0,24300.0,23750.0,5217.0
4946,4946,2019.08.30,24850.0,600.0,24500.0,25250.0,24150.0,3501.0
4947,4947,2019.09.02,25300.0,450.0,25000.0,26800.0,24750.0,3407.0
4948,4948,2019.09.03,24700.0,600.0,24650.0,25250.0,24600.0,4849.0
4949,4949,2019.09.04,24750.0,50.0,24650.0,25150.0,24450.0,5074.0
4950,4950,2019.09.05,25200.0,450.0,24750.0,25450.0,24750.0,3772.0
4951,4951,2019.09.06,24800.0,400.0,25200.0,25600.0,24750.0,2397.0
4952,4952,2019.09.09,24900.0,100.0,24850.0,25100.0,24500.0,3705.0
4953,4953,2019.09.10,25050.0,150.0,24700.0,25100.0,24550.0,4667.0
4954,4954,2019.09.11,25250.0,200.0,25600.0,25600.0,25050.0,2259.0
4955,4955,2019.09.16,25900.0,650.0,25600.0,26700.0,25300.0,4455.0
4956,4956,2019.09.17,26350.0,450.0,25900.0,26450.0,25900.0,3768.0
4957,4957,2019.09.18,26050.0,300.0,26700.0,26700.0,25800.0,8006.0
4958,4958,2019.09.19,25900.0,150.0,26300.0,26300.0,25650.0,1742.0
4959,4959,2019.09.20,26000.0,100.0,26100.0,26150.0,25700.0,2064.0
4960,4960,2019.09.23,25600.0,400.0,25800.0,26200.0,25450.0,2695.0
4961,4961,2019.09.24,25650.0,50.0,26100.0,26100.0,25550.0,2309.0
4962,4962,2019.09.25,25350.0,300.0,25300.0,26100.0,25300.0,2075.0
4963,4963,2019.09.26,25150.0,200.0,25550.0,25900.0,25150.0,4139.0
4964,4964,2019.09.27,25250.0,100.0,25450.0,25450.0,25000.0,850.0
4965,4965,2019.09.30,25150.0,100.0,25400.0,25650.0,24950.0,2671.0
4966,4966,2019.10.01,25450.0,300.0,25300.0,25450.0,25000.0,1352.0
4967,4967,2019.10.02,24900.0,550.0,25500.0,25750.0,24900.0,3704.0
4968,4968,2019.10.04,24900.0,0.0,24900.0,25550.0,24550.0,2789.0
4969,4969,2019.10.07,24700.0,200.0,25650.0,25650.0,24700.0,1213.0
4970,4970,2019.10.08,24750.0,50.0,24550.0,25100.0,24500.0,2146.0
4971,4971,2019.10.10,24700.0,50.0,25000.0,25200.0,24300.0,3939.0
4972,4972,2019.10.11,24450.0,250.0,25550.0,25550.0,24350.0,4824.0
4973,4973,2019.10.14,25100.0,650.0,25300.0,25300.0,24300.0,5586.0
4974,4974,2019.10.15,25100.0,0.0,25300.0,25400.0,24850.0,1696.0
4975,4975,2019.10.16,25150.0,50.0,25200.0,25750.0,24950.0,2727.0
4976,4976,2019.10.17,25400.0,250.0,25250.0,25500.0,25200.0,2948.0
4977,4977,2019.10.18,25500.0,100.0,25500.0,25650.0,25250.0,4562.0
4978,4978,2019.10.21,25350.0,150.0,25650.0,25800.0,25200.0,2355.0
4979,4979,2019.10.22,25300.0,50.0,25100.0,25350.0,24950.0,3652.0
4980,4980,2019.10.23,24600.0,700.0,25300.0,25300.0,24600.0,5167.0
4981,4981,2019.10.24,24850.0,250.0,24600.0,24900.0,24000.0,1526.0
4982,4982,2019.10.25,24750.0,100.0,24950.0,24950.0,24500.0,1317.0
4983,4983,2019.10.28,24800.0,50.0,24750.0,25100.0,24350.0,1077.0
4984,4984,2019.10.29,24150.0,650.0,24600.0,24800.0,24150.0,7413.0
4985,4985,2019.10.30,24400.0,250.0,24200.0,25400.0,24150.0,2857.0
4986,4986,2019.10.31,24400.0,0.0,24300.0,24700.0,24250.0,755.0
4987,4987,2019.11.01,24550.0,150.0,24400.0,25000.0,24400.0,1052.0
4988,4988,2019.11.04,24900.0,350.0,24750.0,24950.0,24500.0,2594.0
4989,4989,2019.11.05,24900.0,0.0,24800.0,25000.0,24500.0,4200.0
4990,4990,2019.11.06,25150.0,250.0,24650.0,25150.0,24650.0,3183.0
4991,4991,2019.11.07,25700.0,550.0,25150.0,26000.0,25000.0,3350.0
4992,4992,2019.11.08,25850.0,150.0,25650.0,25850.0,25200.0,3896.0
4993,4993,2019.11.11,26100.0,250.0,25850.0,26450.0,25850.0,9177.0
4994,4994,2019.11.12,26750.0,650.0,26300.0,26850.0,26300.0,4828.0
4995,4995,2019.11.13,26600.0,150.0,27350.0,27350.0,26500.0,4783.0
4996,4996,2019.11.14,25800.0,800.0,26600.0,26600.0,25800.0,3328.0
4997,4997,2019.11.15,26700.0,900.0,25900.0,27250.0,25900.0,9565.0
4998,4998,2019.11.18,27600.0,900.0,27700.0,30350.0,27500.0,29582.0
4999,4999,2019.11.19,28100.0,500.0,27600.0,28450.0,27600.0,17508.0
5000,5000,2019.11.20,28150.0,50.0,28200.0,28700.0,27850.0,4457.0
5001,5001,2019.11.21,27400.0,750.0,28750.0,28750.0,27300.0,27845.0
5002,5002,2019.11.22,27200.0,200.0,28400.0,28600.0,26000.0,14178.0
5003,5003,2019.11.25,27400.0,200.0,27200.0,27600.0,27050.0,4636.0
5004,5004,2019.11.26,27800.0,400.0,27800.0,28200.0,27200.0,3295.0
5005,5005,2019.11.27,27700.0,100.0,28000.0,28100.0,27600.0,1761.0
5006,5006,2019.11.28,27450.0,250.0,28350.0,28350.0,27400.0,2094.0
5007,5007,2019.11.29,27250.0,200.0,27050.0,28000.0,26900.0,2904.0
5008,5008,2019.12.02,27400.0,150.0,27400.0,27450.0,26850.0,1779.0
5009,5009,2019.12.03,26650.0,750.0,26850.0,26900.0,26000.0,11965.0
5010,5010,2019.12.04,25850.0,800.0,26650.0,26650.0,25850.0,3547.0
5011,5011,2019.12.05,25300.0,550.0,25950.0,26000.0,25100.0,5021.0
5012,5012,2019.12.06,26300.0,1000.0,25650.0,26900.0,25450.0,5358.0
5013,5013,2019.12.09,26750.0,450.0,26200.0,26750.0,26200.0,2237.0
5014,5014,2019.12.10,26650.0,100.0,26650.0,27350.0,26500.0,2383.0
5015,5015,2019.12.11,26800.0,150.0,27200.0,27200.0,26600.0,1036.0
5016,5016,2019.12.12,27100.0,300.0,26750.0,27300.0,26750.0,1997.0
5017,5017,2019.12.13,27350.0,250.0,27750.0,27750.0,27200.0,2258.0
5018,5018,2019.12.16,27500.0,150.0,27250.0,27600.0,27250.0,1274.0
5019,5019,2019.12.17,27150.0,350.0,27500.0,27600.0,27100.0,2026.0
5020,5020,2019.12.18,26300.0,850.0,27100.0,27200.0,26250.0,6916.0
5021,5021,2019.12.19,26250.0,50.0,26650.0,26650.0,26100.0,1181.0
5022,5022,2019.12.20,26850.0,600.0,26050.0,26900.0,26050.0,2113.0
5023,5023,2019.12.23,27000.0,150.0,27150.0,27150.0,26700.0,1359.0
5024,5024,2019.12.24,26900.0,100.0,27550.0,27550.0,26800.0,4741.0
5025,5025,2019.12.26,26950.0,50.0,26050.0,27400.0,26050.0,2199.0
5026,5026,2019.12.27,26400.0,550.0,26600.0,26750.0,26400.0,3923.0
5027,5027,2019.12.30,26300.0,100.0,27050.0,27050.0,26250.0,2677.0
5028,5028,2020.01.02,26450.0,150.0,26350.0,26600.0,26250.0,1324.0
5029,5029,2020.01.03,26750.0,300.0,26500.0,26950.0,26450.0,4123.0
5030,5030,2020.01.06,26550.0,200.0,26750.0,26750.0,26250.0,3809.0
5031,5031,2020.01.07,26300.0,250.0,26450.0,26700.0,26100.0,3487.0
5032,5032,2020.01.08,26500.0,200.0,26150.0,26700.0,25500.0,5354.0
5033,5033,2020.01.09,26350.0,150.0,26500.0,26950.0,26250.0,3363.0
5034,5034,2020.01.10,26300.0,50.0,26850.0,26850.0,26150.0,2532.0
5035,5035,2020.01.13,26600.0,300.0,26300.0,26650.0,26150.0,3593.0
5036,5036,2020.01.14,26150.0,450.0,26600.0,26650.0,25800.0,8483.0
5037,5037,2020.01.15,25950.0,200.0,26150.0,26450.0,25900.0,6265.0
5038,5038,2020.01.16,25600.0,350.0,25850.0,26400.0,25450.0,10833.0
5039,5039,2020.01.17,25750.0,150.0,25600.0,26250.0,25600.0,6288.0
5040,5040,2020.01.20,25600.0,150.0,26250.0,26250.0,25600.0,4308.0
5041,5041,2020.01.21,25900.0,300.0,26000.0,26000.0,25650.0,2456.0
5042,5042,2020.01.22,26300.0,400.0,26050.0,26300.0,25700.0,4727.0
5043,5043,2020.01.23,26350.0,50.0,26700.0,26700.0,26100.0,884.0
5044,5044,2020.01.28,25700.0,650.0,26300.0,26300.0,25100.0,10202.0
5045,5045,2020.01.29,26350.0,650.0,25700.0,27000.0,25650.0,5425.0
5046,5046,2020.01.30,26400.0,50.0,26350.0,26400.0,25700.0,10158.0
5047,5047,2020.01.31,25350.0,1050.0,26400.0,26600.0,25300.0,7078.0
5048,5048,2020.02.03,25000.0,350.0,25250.0,25500.0,24700.0,6444.0
5049,5049,2020.02.04,24750.0,250.0,25700.0,25750.0,24350.0,12174.0
5050,5050,2020.02.05,24900.0,150.0,24800.0,25000.0,24700.0,1773.0
5051,5051,2020.02.06,25550.0,650.0,25100.0,25550.0,24900.0,4063.0
5052,5052,2020.02.07,25650.0,100.0,25550.0,25900.0,25400.0,1135.0
5053,5053,2020.02.10,25700.0,50.0,25500.0,25900.0,25400.0,1560.0
5054,5054,2020.02.11,25300.0,400.0,25900.0,25900.0,25100.0,4535.0
5055,5055,2020.02.12,25050.0,250.0,25300.0,25400.0,24700.0,6853.0
5056,5056,2020.02.13,24750.0,300.0,25050.0,25300.0,24750.0,5245.0
5057,5057,2020.02.14,24750.0,0.0,25100.0,25100.0,24550.0,4975.0
5058,5058,2020.02.17,24600.0,150.0,25100.0,25100.0,24400.0,8213.0
5059,5059,2020.02.18,24850.0,250.0,24700.0,25000.0,24500.0,5909.0
5060,5060,2020.02.19,25300.0,450.0,25100.0,26500.0,24950.0,13566.0
5061,5061,2020.02.20,25000.0,300.0,25650.0,25750.0,24950.0,3871.0
5062,5062,2020.02.21,24800.0,200.0,25000.0,25150.0,24350.0,7901.0
5063,5063,2020.02.24,23650.0,1150.0,24150.0,24150.0,23650.0,6031.0
5064,5064,2020.02.25,24100.0,450.0,23600.0,25250.0,23450.0,3119.0
5065,5065,2020.02.26,24100.0,0.0,24050.0,24700.0,23850.0,3652.0
5066,5066,2020.02.27,23100.0,1000.0,24100.0,24300.0,23100.0,11351.0
5067,5067,2020.02.28,21700.0,1400.0,22600.0,22750.0,21600.0,12825.0
5068,5068,2020.03.02,21450.0,250.0,21500.0,22450.0,21150.0,22989.0
5069,5069,2020.03.03,21900.0,450.0,21500.0,22200.0,21500.0,4076.0
5070,5070,2020.03.04,22500.0,600.0,21350.0,22500.0,21200.0,10188.0
5071,5071,2020.03.05,22800.0,300.0,22650.0,22950.0,22400.0,3240.0
5072,5072,2020.03.06,22000.0,800.0,22250.0,22800.0,21850.0,4748.0
5073,5073,2020.03.09,22050.0,50.0,22000.0,22150.0,20600.0,24789.0
5074,5074,2020.03.10,22900.0,850.0,21150.0,23000.0,21150.0,10745.0
5075,5075,2020.03.11,23350.0,450.0,22600.0,23500.0,22450.0,9303.0
5076,5076,2020.03.12,22350.0,1000.0,23100.0,23400.0,21300.0,19448.0
5077,5077,2020.03.13,20900.0,1450.0,21050.0,21350.0,19200.0,44684.0
5078,5078,2020.03.16,19900.0,1000.0,22900.0,22900.0,19500.0,32608.0
5079,5079,2020.03.17,19550.0,350.0,18900.0,19650.0,18150.0,30407.0
5080,5080,2020.03.18,17800.0,1750.0,19150.0,20000.0,17600.0,23820.0
5081,5081,2020.03.19,16350.0,1450.0,18100.0,18100.0,15200.0,25055.0
5082,5082,2020.03.20,16200.0,150.0,15750.0,17450.0,15750.0,25637.0
5083,5083,2020.03.23,15950.0,250.0,14600.0,16300.0,14500.0,22042.0
5084,5084,2020.03.24,16150.0,200.0,15950.0,16400.0,15550.0,36811.0
5085,5085,2020.03.25,16450.0,300.0,17300.0,17450.0,15850.0,29391.0
5086,5086,2020.03.26,17900.0,1450.0,16800.0,17900.0,16450.0,25156.0
5087,5087,2020.03.27,17450.0,450.0,17900.0,18850.0,16650.0,16805.0
5088,5088,2020.03.30,17150.0,300.0,17450.0,17450.0,16550.0,7752.0
5089,5089,2020.03.31,18000.0,850.0,17500.0,18300.0,17250.0,11437.0
5090,5090,2020.04.01,17500.0,500.0,18500.0,18500.0,17100.0,14664.0
5091,5091,2020.04.02,18100.0,600.0,17500.0,18200.0,17050.0,8946.0
5092,5092,2020.04.03,18050.0,50.0,18100.0,18600.0,17750.0,6639.0
5093,5093,2020.04.06,18700.0,650.0,18600.0,18700.0,17600.0,9582.0
5094,5094,2020.04.07,19900.0,1200.0,19050.0,20150.0,18750.0,22083.0
5095,5095,2020.04.08,20350.0,450.0,19900.0,20450.0,19500.0,8154.0
5096,5096,2020.04.09,20200.0,150.0,20350.0,20850.0,20000.0,9850.0
5097,5097,2020.04.10,20250.0,50.0,20500.0,20500.0,19900.0,10060.0
5098,5098,2020.04.13,22400.0,2150.0,20150.0,23700.0,20150.0,67493.0
5099,5099,2020.04.14,24700.0,2300.0,23900.0,24800.0,23000.0,50083.0
