,index,date,close,diff,open,high,low,volume
0,0,2014.07.04,4025.0,525.0,3800.0,4025.0,3800.0,400.0
1,1,2014.07.07,4600.0,575.0,4600.0,4600.0,4600.0,200.0
2,2,2014.07.08,5000.0,400.0,4350.0,5000.0,4350.0,600.0
3,3,2014.07.09,5490.0,490.0,5490.0,5490.0,5490.0,100.0
4,4,2014.07.10,5180.0,310.0,5180.0,5180.0,5180.0,400.0
5,5,2014.07.11,4410.0,770.0,4410.0,4410.0,4410.0,100.0
6,6,2014.07.14,4995.0,585.0,4165.0,4995.0,4165.0,400.0
7,7,2014.07.15,5720.0,725.0,5720.0,5720.0,5720.0,100.0
8,8,2014.07.16,5400.0,320.0,5400.0,5400.0,5400.0,200.0
9,9,2014.07.17,5350.0,50.0,5100.0,5350.0,5100.0,300.0
10,10,2014.07.18,5950.0,600.0,5950.0,5950.0,5950.0,100.0
11,11,2014.07.21,6500.0,550.0,6500.0,6500.0,6500.0,100.0
12,12,2014.07.22,5530.0,970.0,5530.0,5530.0,5530.0,100.0
13,13,2014.07.23,4710.0,820.0,4710.0,4710.0,4710.0,100.0
14,14,2014.07.24,5390.0,680.0,4710.0,5390.0,4710.0,200.0
15,15,2014.07.25,6100.0,710.0,5090.0,6100.0,4590.0,1500.0
16,16,2014.07.28,5190.0,910.0,5190.0,5190.0,5190.0,100.0
17,17,2014.07.29,5750.0,560.0,5940.0,5940.0,4420.0,400.0
18,18,2014.07.30,4890.0,860.0,4890.0,4890.0,4890.0,500.0
19,19,2014.07.31,5240.0,350.0,4890.0,5240.0,4890.0,200.0
20,20,2014.08.01,5140.0,100.0,4740.0,5140.0,4740.0,400.0
21,21,2014.08.04,4740.0,400.0,4740.0,4740.0,4740.0,300.0
22,22,2014.08.05,4740.0,0.0,4740.0,4740.0,4740.0,300.0
23,23,2014.08.06,4890.0,150.0,4740.0,4890.0,4500.0,1800.0
24,24,2014.08.07,5200.0,310.0,5000.0,5200.0,5000.0,4900.0
25,25,2014.08.08,5490.0,290.0,5200.0,5500.0,4800.0,9200.0
26,26,2014.08.11,5890.0,400.0,5490.0,5890.0,5490.0,11500.0
27,27,2014.08.12,5830.0,60.0,5040.0,5830.0,5040.0,300.0
28,28,2014.08.13,5830.0,0.0,5690.0,5830.0,5000.0,11300.0
29,29,2014.08.14,5480.0,350.0,5830.0,5830.0,4960.0,6600.0
30,30,2014.08.18,5000.0,480.0,5000.0,5000.0,5000.0,5200.0
31,31,2014.08.19,5380.0,380.0,5380.0,5380.0,5380.0,200.0
32,32,2014.08.20,5080.0,300.0,5080.0,5080.0,5080.0,200.0
33,33,2014.08.21,5000.0,80.0,5080.0,5080.0,4500.0,2100.0
34,34,2014.08.22,4750.0,250.0,4750.0,4750.0,4750.0,300.0
35,35,2014.08.25,5300.0,550.0,5000.0,5300.0,5000.0,1700.0
36,36,2014.08.26,5100.0,200.0,5100.0,5100.0,5100.0,300.0
37,37,2014.08.27,4900.0,200.0,4900.0,4900.0,4900.0,0.0
38,38,2014.08.28,4990.0,90.0,4990.0,4990.0,4990.0,400.0
39,39,2014.08.29,4450.0,540.0,4900.0,4900.0,4450.0,1300.0
40,40,2014.09.01,5040.0,590.0,4000.0,5040.0,4000.0,3800.0
41,41,2014.09.02,5030.0,10.0,5000.0,5030.0,4990.0,2500.0
42,42,2014.09.03,4805.0,225.0,4805.0,4805.0,4805.0,420.0
43,43,2014.09.04,4805.0,0.0,4805.0,4805.0,4805.0,300.0
44,44,2014.09.05,4975.0,170.0,4975.0,4975.0,4500.0,500.0
45,45,2014.09.11,4975.0,0.0,4975.0,4975.0,4975.0,330.0
46,46,2014.09.12,4800.0,175.0,4800.0,4800.0,4800.0,200.0
47,47,2014.09.15,5150.0,350.0,4400.0,5150.0,4400.0,6200.0
48,48,2014.09.16,4790.0,360.0,4400.0,4880.0,4400.0,3900.0
49,49,2014.09.17,4790.0,0.0,5000.0,5000.0,4790.0,740.0
50,50,2014.09.18,4075.0,715.0,4500.0,4600.0,4075.0,9300.0
51,51,2014.09.19,4200.0,125.0,4200.0,4200.0,4200.0,100.0
52,52,2014.09.22,4300.0,100.0,4300.0,4300.0,4300.0,200.0
53,53,2014.09.23,4300.0,0.0,4300.0,4300.0,4300.0,0.0
54,54,2014.09.24,4470.0,170.0,4000.0,4470.0,4000.0,600.0
55,55,2014.09.25,3800.0,670.0,3800.0,3800.0,3800.0,2700.0
56,56,2014.09.26,4200.0,400.0,4200.0,4200.0,4200.0,500.0
57,57,2014.09.29,3570.0,630.0,3750.0,3750.0,3570.0,3000.0
58,58,2014.09.30,4105.0,535.0,3870.0,4105.0,3870.0,610.0
59,59,2014.10.01,4000.0,105.0,4000.0,4000.0,4000.0,800.0
60,60,2014.10.02,4490.0,490.0,4000.0,4490.0,4000.0,600.0
61,61,2014.10.06,4990.0,500.0,4990.0,4990.0,4990.0,200.0
62,62,2014.10.07,4245.0,745.0,4245.0,4245.0,4245.0,600.0
63,63,2014.10.08,4225.0,20.0,3610.0,4225.0,3610.0,5600.0
64,64,2014.10.10,3995.0,230.0,3995.0,3995.0,3995.0,400.0
65,65,2014.10.13,3400.0,595.0,3400.0,3400.0,3400.0,3600.0
66,66,2014.10.14,3470.0,70.0,3470.0,3470.0,3470.0,100.0
67,67,2014.10.15,3540.0,70.0,3540.0,3540.0,3540.0,100.0
68,68,2014.10.16,3890.0,350.0,3890.0,3890.0,3890.0,500.0
69,69,2014.10.17,4000.0,110.0,3800.0,4000.0,3800.0,2000.0
70,70,2014.10.20,3900.0,100.0,3900.0,3900.0,3900.0,400.0
71,71,2014.10.21,3890.0,10.0,3890.0,3890.0,3890.0,400.0
72,72,2014.10.22,3875.0,15.0,3875.0,3875.0,3875.0,0.0
73,73,2014.10.23,3890.0,15.0,3890.0,3890.0,3890.0,300.0
74,74,2014.10.24,3400.0,490.0,3400.0,3795.0,3400.0,6300.0
75,75,2014.10.27,3500.0,100.0,3500.0,3500.0,3500.0,300.0
76,76,2014.10.28,3800.0,300.0,3700.0,3800.0,3700.0,4100.0
77,77,2014.10.29,3990.0,190.0,3585.0,3990.0,3585.0,400.0
78,78,2014.10.30,3975.0,15.0,3975.0,3975.0,3975.0,0.0
79,79,2014.10.31,3885.0,90.0,3885.0,3885.0,3885.0,200.0
80,80,2014.11.03,3885.0,0.0,3885.0,3885.0,3885.0,0.0
81,81,2014.11.04,3885.0,0.0,3885.0,3885.0,3885.0,0.0
82,82,2014.11.05,3500.0,385.0,3500.0,3500.0,3400.0,1700.0
83,83,2014.11.06,3500.0,0.0,3500.0,3500.0,3500.0,300.0
84,84,2014.11.07,3500.0,0.0,3500.0,3500.0,3500.0,0.0
85,85,2014.11.10,3875.0,375.0,3990.0,3990.0,3100.0,10200.0
86,86,2014.11.11,3875.0,0.0,3875.0,3875.0,3875.0,0.0
87,87,2014.11.12,3725.0,150.0,3725.0,3725.0,3725.0,300.0
88,88,2014.11.13,3790.0,65.0,3790.0,3790.0,3790.0,200.0
89,89,2014.11.14,3700.0,90.0,3700.0,3700.0,3700.0,0.0
90,90,2014.11.17,3700.0,0.0,3700.0,3700.0,3700.0,0.0
91,91,2014.11.18,3600.0,100.0,3600.0,3600.0,3600.0,100.0
92,92,2014.11.19,3600.0,0.0,3600.0,3600.0,3600.0,500.0
93,93,2014.11.20,3600.0,0.0,3600.0,3600.0,3600.0,0.0
94,94,2014.11.21,3600.0,0.0,3600.0,3600.0,3600.0,0.0
95,95,2014.11.24,3600.0,0.0,3600.0,3600.0,3600.0,0.0
96,96,2014.11.25,3400.0,200.0,3110.0,3400.0,3060.0,5700.0
97,97,2014.11.26,3600.0,200.0,3700.0,3700.0,3600.0,202.0
98,98,2014.11.27,3600.0,0.0,3600.0,3600.0,3600.0,0.0
99,99,2014.11.28,3600.0,0.0,3600.0,3600.0,3600.0,100.0
100,100,2014.12.01,3100.0,500.0,3600.0,3605.0,3100.0,818.0
101,101,2014.12.02,3400.0,300.0,3565.0,3565.0,3400.0,1304.0
102,102,2014.12.03,3210.0,190.0,3400.0,3400.0,3210.0,2006.0
103,103,2014.12.04,3500.0,290.0,3500.0,3500.0,3500.0,302.0
104,104,2014.12.05,3490.0,10.0,3500.0,3500.0,3490.0,203.0
105,105,2014.12.08,3500.0,10.0,3500.0,3500.0,3500.0,14.0
106,106,2014.12.09,3360.0,140.0,3500.0,3590.0,3360.0,2302.0
107,107,2014.12.10,3495.0,135.0,3500.0,3500.0,3100.0,407.0
108,108,2014.12.11,3490.0,5.0,3500.0,3500.0,3490.0,3503.0
109,109,2014.12.12,3950.0,460.0,3950.0,3950.0,3950.0,2121.0
110,110,2014.12.15,3500.0,450.0,3500.0,3500.0,3500.0,501.0
111,111,2014.12.16,3500.0,0.0,3500.0,3500.0,3500.0,0.0
112,112,2014.12.17,3500.0,0.0,3500.0,3500.0,3500.0,0.0
113,113,2014.12.18,3500.0,0.0,3500.0,3500.0,3500.0,500.0
114,114,2014.12.19,3500.0,0.0,3370.0,3500.0,3370.0,9.0
115,115,2014.12.22,3500.0,0.0,3500.0,3500.0,3500.0,0.0
116,116,2014.12.23,3500.0,0.0,3500.0,3500.0,3500.0,0.0
117,117,2014.12.24,3500.0,0.0,3500.0,3500.0,3500.0,0.0
118,118,2014.12.26,3500.0,0.0,3500.0,3500.0,3500.0,0.0
119,119,2014.12.29,3400.0,100.0,3400.0,3400.0,3400.0,2030.0
120,120,2014.12.30,3910.0,510.0,3910.0,3910.0,3910.0,1.0
121,121,2015.01.02,3890.0,20.0,3400.0,3890.0,3400.0,1001.0
122,122,2015.01.05,3890.0,0.0,3400.0,3890.0,3400.0,509.0
123,123,2015.01.06,4460.0,570.0,3890.0,4470.0,3890.0,4300.0
124,124,2015.01.07,4275.0,185.0,4275.0,4275.0,4275.0,300.0
125,125,2015.01.08,4400.0,125.0,4400.0,4400.0,4400.0,268.0
126,126,2015.01.09,4370.0,30.0,3800.0,4370.0,3800.0,101.0
127,127,2015.01.12,4995.0,625.0,3800.0,4995.0,3800.0,9194.0
128,128,2015.01.13,4520.0,475.0,4250.0,4990.0,4250.0,9959.0
129,129,2015.01.14,4530.0,10.0,4525.0,4700.0,4525.0,5206.0
130,130,2015.01.15,4500.0,30.0,4010.0,5000.0,4010.0,5503.0
131,131,2015.01.16,4450.0,50.0,4100.0,4495.0,4020.0,35696.0
132,132,2015.01.19,4450.0,0.0,4450.0,4450.0,4450.0,0.0
133,133,2015.01.20,4300.0,150.0,4200.0,4300.0,4200.0,3329.0
134,134,2015.01.21,4025.0,275.0,4700.0,4700.0,4000.0,1003.0
135,135,2015.01.22,4395.0,370.0,4400.0,4400.0,4390.0,2241.0
136,136,2015.01.23,4680.0,285.0,4000.0,5040.0,4000.0,15752.0
137,137,2015.01.26,4500.0,180.0,4990.0,4990.0,4200.0,918.0
138,138,2015.01.27,4165.0,335.0,4600.0,5000.0,4165.0,39.0
139,139,2015.01.28,4200.0,35.0,4600.0,4600.0,4200.0,2595.0
140,140,2015.01.29,4700.0,500.0,4700.0,4700.0,4700.0,5701.0
141,141,2015.01.30,4500.0,200.0,4995.0,4995.0,4500.0,2799.0
142,142,2015.02.02,4800.0,300.0,4800.0,4900.0,4500.0,23604.0
143,143,2015.02.03,5000.0,200.0,4800.0,5000.0,4800.0,11600.0
144,144,2015.02.04,5650.0,650.0,5200.0,5700.0,5200.0,20269.0
145,145,2015.02.05,6490.0,840.0,6000.0,6490.0,6000.0,3266.0
146,146,2015.02.06,7000.0,510.0,7390.0,7390.0,7000.0,1001.0
147,147,2015.02.09,7000.0,0.0,7000.0,7000.0,7000.0,2.0
148,148,2015.02.10,7000.0,0.0,6500.0,7000.0,6500.0,437.0
149,149,2015.02.11,6030.0,970.0,7000.0,7000.0,6030.0,25.0
150,150,2015.02.12,6930.0,900.0,6930.0,6930.0,6010.0,873.0
151,151,2015.02.13,7500.0,570.0,7960.0,7960.0,7200.0,3390.0
152,152,2015.02.16,8620.0,1120.0,7990.0,8620.0,7990.0,5166.0
153,153,2015.02.17,8800.0,180.0,8900.0,9490.0,8620.0,3191.0
154,154,2015.02.23,8620.0,180.0,8630.0,9380.0,8510.0,2847.0
155,155,2015.02.24,8200.0,420.0,8020.0,8620.0,8020.0,503.0
156,156,2015.02.25,8790.0,590.0,9420.0,9420.0,8010.0,2469.0
157,157,2015.02.26,9170.0,380.0,9200.0,9200.0,8010.0,9246.0
158,158,2015.02.27,8900.0,270.0,8800.0,9000.0,8800.0,2172.0
159,159,2015.03.02,8600.0,300.0,8500.0,8750.0,8500.0,1173.0
160,160,2015.03.03,8600.0,0.0,7500.0,8600.0,7360.0,500.0
161,161,2015.03.04,8570.0,30.0,7520.0,8600.0,7500.0,2894.0
162,162,2015.03.05,8500.0,70.0,7710.0,9850.0,7600.0,601.0
163,163,2015.03.06,8890.0,390.0,8500.0,8920.0,7700.0,3272.0
164,164,2015.03.09,8940.0,50.0,8990.0,8990.0,8400.0,102.0
165,165,2015.03.10,8790.0,150.0,8980.0,8980.0,8350.0,434.0
166,166,2015.03.11,9240.0,450.0,9240.0,9250.0,9000.0,1112.0
167,167,2015.03.12,9200.0,40.0,9240.0,9900.0,9000.0,6172.0
168,168,2015.03.13,9350.0,150.0,9300.0,9350.0,9300.0,181.0
169,169,2015.03.16,9990.0,640.0,9500.0,10750.0,7950.0,37018.0
170,170,2015.03.17,9850.0,140.0,9700.0,10850.0,9700.0,4607.0
171,171,2015.03.18,11300.0,1450.0,10350.0,11300.0,8380.0,8382.0
172,172,2015.03.19,12950.0,1650.0,11000.0,12950.0,11000.0,18018.0
173,173,2015.03.20,14850.0,1900.0,13900.0,14850.0,13500.0,31345.0
174,174,2015.03.23,15500.0,650.0,15500.0,15500.0,15500.0,1.0
175,175,2015.03.24,13200.0,2300.0,15850.0,15850.0,13200.0,501.0
176,176,2015.03.25,13000.0,200.0,13000.0,13000.0,13000.0,300.0
177,177,2015.03.26,12300.0,700.0,12500.0,12500.0,12300.0,300.0
178,178,2015.03.27,12200.0,100.0,11000.0,12200.0,11000.0,1901.0
179,179,2015.03.30,13450.0,1250.0,12000.0,13450.0,11500.0,2890.0
180,180,2015.03.31,13000.0,450.0,12000.0,13300.0,12000.0,6827.0
181,181,2015.04.01,13000.0,0.0,12950.0,13000.0,12850.0,10796.0
182,182,2015.04.02,12900.0,100.0,13000.0,13000.0,12200.0,1620.0
183,183,2015.04.03,14450.0,1550.0,13000.0,14650.0,13000.0,1003.0
184,184,2015.04.06,14500.0,50.0,13000.0,14500.0,13000.0,801.0
185,185,2015.04.07,14600.0,100.0,14500.0,14600.0,14500.0,797.0
186,186,2015.04.08,14850.0,250.0,14500.0,16350.0,14500.0,168.0
187,187,2015.04.09,15200.0,350.0,14900.0,15300.0,14000.0,7001.0
188,188,2015.04.10,15800.0,600.0,15300.0,15900.0,15300.0,14860.0
189,189,2015.04.13,15900.0,100.0,15400.0,15900.0,15200.0,4550.0
190,190,2015.04.14,16400.0,500.0,15900.0,16750.0,15900.0,542.0
191,191,2015.04.15,15500.0,900.0,16000.0,16000.0,15000.0,607.0
192,192,2015.04.16,14950.0,550.0,15700.0,15700.0,13200.0,6164.0
193,193,2015.04.17,14600.0,350.0,15000.0,15000.0,13000.0,5613.0
194,194,2015.04.20,14550.0,50.0,14600.0,14700.0,13000.0,9667.0
195,195,2015.04.21,15150.0,600.0,14600.0,15400.0,13600.0,29683.0
196,196,2015.04.22,15500.0,350.0,16400.0,16400.0,14000.0,15583.0
197,197,2015.04.23,16850.0,1350.0,15500.0,17500.0,15000.0,17943.0
198,198,2015.04.24,18500.0,1650.0,16500.0,18500.0,16000.0,9036.0
199,199,2015.04.27,20500.0,2000.0,19450.0,20500.0,18900.0,4387.0
200,200,2015.04.28,23500.0,3000.0,21950.0,23500.0,21000.0,6221.0
201,201,2015.04.29,21400.0,2100.0,25000.0,26000.0,21100.0,50948.0
202,202,2015.04.30,23950.0,2550.0,18250.0,24450.0,18250.0,57.0
203,203,2015.05.04,24950.0,1000.0,26950.0,26950.0,23950.0,1002.0
204,204,2015.05.06,25950.0,1000.0,28450.0,28450.0,22000.0,12.0
205,205,2015.05.07,25800.0,150.0,29800.0,29800.0,24000.0,6260.0
206,206,2015.05.08,24950.0,850.0,28950.0,28950.0,22150.0,52.0
207,207,2015.05.11,25800.0,850.0,25700.0,25800.0,25000.0,391.0
208,208,2015.05.12,26900.0,1100.0,26900.0,26900.0,26900.0,1.0
209,209,2015.05.13,26000.0,900.0,23150.0,26000.0,23150.0,2002.0
210,210,2015.05.14,26350.0,350.0,26000.0,26900.0,24000.0,19130.0
211,211,2015.05.15,27300.0,950.0,27300.0,27300.0,27300.0,3.0
212,212,2015.05.18,26950.0,350.0,27300.0,27300.0,25050.0,12.0
213,213,2015.05.19,29000.0,2050.0,29900.0,30000.0,28500.0,2201.0
214,214,2015.05.20,27950.0,1050.0,30000.0,30000.0,27000.0,6218.0
215,215,2015.05.21,27950.0,0.0,28900.0,28900.0,27950.0,11.0
216,216,2015.05.22,23800.0,4150.0,25000.0,27000.0,23800.0,8662.0
217,217,2015.05.26,24000.0,200.0,24100.0,25900.0,23500.0,13696.0
218,218,2015.05.27,23000.0,1000.0,23000.0,23000.0,23000.0,3000.0
219,219,2015.05.28,20500.0,2500.0,21000.0,21000.0,19550.0,3137.0
220,220,2015.05.29,18150.0,2350.0,19000.0,20000.0,18150.0,2251.0
221,221,2015.06.01,19000.0,850.0,19000.0,19000.0,19000.0,3305.0
222,222,2015.06.02,18000.0,1000.0,18000.0,18000.0,18000.0,350.0
223,223,2015.06.03,19000.0,1000.0,17000.0,20700.0,17000.0,5392.0
224,224,2015.06.04,19950.0,950.0,20000.0,20000.0,18000.0,1405.0
225,225,2015.06.05,19000.0,950.0,22450.0,22450.0,18500.0,103.0
226,226,2015.06.08,21850.0,2850.0,19000.0,21850.0,19000.0,4819.0
227,227,2015.06.09,24800.0,2950.0,20500.0,25000.0,20500.0,570.0
228,228,2015.06.10,27450.0,2650.0,23500.0,28000.0,23500.0,825.0
229,229,2015.06.11,27500.0,50.0,27500.0,27500.0,27450.0,1430.0
230,230,2015.06.12,27500.0,0.0,25000.0,27900.0,25000.0,403.0
231,231,2015.06.15,27950.0,450.0,27500.0,28000.0,25000.0,600.0
232,232,2015.06.16,27950.0,0.0,27950.0,28350.0,23800.0,1597.0
233,233,2015.06.17,27900.0,50.0,26000.0,27900.0,24000.0,1615.0
234,234,2015.06.18,28450.0,550.0,25000.0,28600.0,25000.0,6672.0
235,235,2015.06.19,26000.0,2450.0,28500.0,28800.0,24500.0,12891.0
236,236,2015.06.22,27800.0,1800.0,28850.0,28850.0,26000.0,1711.0
237,237,2015.06.23,29000.0,1200.0,28850.0,29000.0,26200.0,3151.0
238,238,2015.06.24,28000.0,1000.0,26800.0,28800.0,26800.0,15142.0
239,239,2015.06.25,28900.0,900.0,27700.0,29000.0,27700.0,5238.0
240,240,2015.06.26,31000.0,2100.0,29150.0,31500.0,29150.0,9962.0
241,241,2015.06.29,28500.0,2500.0,31800.0,31900.0,28500.0,14853.0
242,242,2015.06.30,29500.0,1000.0,28000.0,29800.0,28000.0,4714.0
243,243,2015.07.01,31000.0,1500.0,31000.0,31000.0,30350.0,1702.0
244,244,2015.07.02,31500.0,500.0,31000.0,31500.0,30200.0,3766.0
245,245,2015.07.03,30500.0,1000.0,32750.0,32800.0,29000.0,16078.0
246,246,2015.07.06,30000.0,500.0,32500.0,32500.0,30000.0,2142.0
247,247,2015.07.07,25900.0,4100.0,33350.0,33350.0,25500.0,12367.0
248,248,2015.07.08,28850.0,2950.0,29500.0,29500.0,25000.0,1624.0
249,249,2015.07.09,29050.0,200.0,27500.0,30000.0,27500.0,1236.0
250,250,2015.07.10,29000.0,50.0,32350.0,32350.0,29000.0,1945.0
251,251,2015.07.13,29000.0,0.0,31900.0,31900.0,28000.0,2403.0
252,252,2015.07.14,30000.0,1000.0,31000.0,31000.0,30000.0,75.0
253,253,2015.07.15,29000.0,1000.0,29000.0,29900.0,27500.0,3896.0
254,254,2015.07.16,29500.0,500.0,28000.0,30500.0,27000.0,6172.0
255,255,2015.07.17,29400.0,100.0,29500.0,29500.0,28000.0,642.0
256,256,2015.07.20,28950.0,450.0,29000.0,29200.0,27000.0,7934.0
257,257,2015.07.21,28950.0,0.0,29000.0,29000.0,28000.0,3772.0
258,258,2015.07.22,29700.0,750.0,27400.0,30000.0,27400.0,997.0
259,259,2015.07.23,30400.0,700.0,30000.0,31000.0,29600.0,11618.0
260,260,2015.07.24,30000.0,400.0,29900.0,30400.0,29000.0,3268.0
261,261,2015.07.27,29000.0,1000.0,29000.0,29700.0,27550.0,6729.0
262,262,2015.07.28,29000.0,0.0,25100.0,30000.0,25100.0,5292.0
263,263,2015.07.29,30500.0,1500.0,29500.0,30500.0,29000.0,5608.0
264,264,2015.07.30,31000.0,500.0,30500.0,31000.0,29000.0,2524.0
265,265,2015.07.31,30450.0,550.0,30500.0,30700.0,29600.0,223.0
266,266,2015.08.03,30200.0,250.0,30000.0,30450.0,29800.0,3153.0
267,267,2015.08.04,30300.0,100.0,30300.0,30300.0,29000.0,1002.0
268,268,2015.08.05,30500.0,200.0,30000.0,30500.0,30000.0,4459.0
269,269,2015.08.06,29900.0,600.0,30500.0,30500.0,26000.0,5918.0
270,270,2015.08.07,29800.0,100.0,29850.0,29850.0,28000.0,1207.0
271,271,2015.08.10,29450.0,350.0,29800.0,29800.0,29450.0,5348.0
272,272,2015.08.11,29200.0,250.0,28000.0,29400.0,27600.0,9697.0
273,273,2015.08.12,28800.0,400.0,28000.0,29000.0,26400.0,3733.0
274,274,2015.08.13,28750.0,50.0,28000.0,29500.0,28000.0,1844.0
275,275,2015.08.17,28600.0,150.0,28750.0,28750.0,26500.0,2106.0
276,276,2015.08.18,27300.0,1300.0,26500.0,28850.0,25500.0,3642.0
277,277,2015.08.19,26250.0,1050.0,28600.0,28600.0,24500.0,8005.0
278,278,2015.08.20,26650.0,400.0,26000.0,27450.0,23750.0,2072.0
279,279,2015.08.21,24600.0,2050.0,26600.0,26600.0,22700.0,15937.0
280,280,2015.08.24,23700.0,900.0,24600.0,24600.0,20950.0,24210.0
281,281,2015.08.25,24450.0,750.0,24950.0,24950.0,20150.0,11371.0
282,282,2015.08.26,23450.0,1000.0,21200.0,23700.0,20850.0,13714.0
283,283,2015.08.27,19950.0,3500.0,22600.0,24400.0,19950.0,32879.0
284,284,2015.08.28,21850.0,1900.0,18800.0,22500.0,18800.0,7730.0
285,285,2015.08.31,21500.0,350.0,21850.0,23000.0,19550.0,11157.0
286,286,2015.09.01,21450.0,50.0,21000.0,22200.0,19950.0,1445.0
287,287,2015.09.02,20500.0,950.0,20000.0,21300.0,19500.0,4461.0
288,288,2015.09.03,22100.0,1600.0,22550.0,22550.0,22100.0,505.0
289,289,2015.09.04,21750.0,350.0,22950.0,22950.0,19500.0,2401.0
290,290,2015.09.07,20650.0,1100.0,19200.0,21300.0,18700.0,4520.0
291,291,2015.09.08,18050.0,2600.0,19200.0,20500.0,17600.0,2226.0
292,292,2015.09.09,20300.0,2250.0,20700.0,20700.0,18100.0,1532.0
293,293,2015.09.10,20500.0,200.0,21300.0,21300.0,20000.0,268.0
294,294,2015.09.11,21550.0,1050.0,21450.0,23550.0,19850.0,5848.0
295,295,2015.09.14,21600.0,50.0,22950.0,22950.0,19500.0,1812.0
296,296,2015.09.15,21450.0,150.0,22400.0,22400.0,19300.0,2464.0
297,297,2015.09.16,21750.0,300.0,22900.0,22900.0,20400.0,4080.0
298,298,2015.09.17,20750.0,1000.0,21000.0,21000.0,19800.0,8279.0
299,299,2015.09.18,22650.0,1900.0,20000.0,23000.0,19950.0,8450.0
300,300,2015.09.21,21100.0,1550.0,22900.0,23050.0,21000.0,2922.0
301,301,2015.09.22,20100.0,1000.0,22750.0,22750.0,20000.0,12092.0
302,302,2015.09.23,21300.0,1200.0,21250.0,21700.0,19800.0,917.0
303,303,2015.09.24,19950.0,1350.0,22000.0,22000.0,19200.0,11124.0
304,304,2015.09.25,20100.0,150.0,20950.0,20950.0,18500.0,17916.0
305,305,2015.09.30,19650.0,450.0,20100.0,20100.0,18000.0,13711.0
306,306,2015.10.01,19000.0,650.0,19650.0,20000.0,18800.0,3135.0
307,307,2015.10.02,18700.0,300.0,19950.0,19950.0,17800.0,14624.0
308,308,2015.10.05,18700.0,0.0,18700.0,19000.0,17900.0,5010.0
309,309,2015.10.06,18150.0,550.0,19700.0,19700.0,17300.0,5321.0
310,310,2015.10.07,17350.0,800.0,18000.0,18000.0,16700.0,8885.0
311,311,2015.10.08,17600.0,250.0,18050.0,18050.0,16700.0,9867.0
312,312,2015.10.12,15000.0,2600.0,16700.0,16700.0,15000.0,32191.0
313,313,2015.10.13,14800.0,200.0,14000.0,15000.0,12750.0,41364.0
314,314,2015.10.14,14900.0,100.0,15150.0,15150.0,13150.0,733.0
315,315,2015.10.15,15000.0,100.0,15000.0,15000.0,13500.0,1333.0
316,316,2015.10.16,17150.0,2150.0,14900.0,17150.0,14150.0,1241.0
317,317,2015.10.19,16150.0,1000.0,16000.0,17000.0,15300.0,3472.0
318,318,2015.10.20,16450.0,300.0,17200.0,17200.0,16000.0,1838.0
319,319,2015.10.21,17800.0,1350.0,16950.0,18700.0,16950.0,6228.0
320,320,2015.10.22,18200.0,400.0,18450.0,18450.0,16800.0,1066.0
321,321,2015.10.23,18450.0,250.0,18950.0,18950.0,17000.0,6242.0
322,322,2015.10.26,18450.0,0.0,18650.0,18650.0,16750.0,46.0
323,323,2015.10.27,17500.0,950.0,18250.0,18250.0,17000.0,1274.0
324,324,2015.10.28,17800.0,300.0,18850.0,18850.0,17500.0,1279.0
325,325,2015.10.29,17800.0,0.0,17800.0,17800.0,17100.0,1206.0
326,326,2015.10.30,17950.0,150.0,18450.0,18450.0,17400.0,142.0
327,327,2015.11.02,18000.0,50.0,18450.0,18450.0,17000.0,2728.0
328,328,2015.11.03,18000.0,0.0,19350.0,19350.0,17050.0,2010.0
329,329,2015.11.04,17750.0,250.0,17800.0,17800.0,17300.0,905.0
330,330,2015.11.05,17850.0,100.0,18500.0,18500.0,17050.0,2212.0
331,331,2015.11.06,18100.0,250.0,19600.0,19600.0,17850.0,1494.0
332,332,2015.11.09,18200.0,100.0,19000.0,19000.0,17000.0,5300.0
333,333,2015.11.10,17850.0,350.0,18500.0,18500.0,17350.0,2450.0
334,334,2015.11.11,18000.0,150.0,18200.0,18200.0,17000.0,2576.0
335,335,2015.11.12,18150.0,150.0,18000.0,18500.0,17000.0,2890.0
336,336,2015.11.13,17000.0,1150.0,18400.0,18400.0,17000.0,7244.0
337,337,2015.11.16,16500.0,500.0,18000.0,18000.0,14450.0,8628.0
338,338,2015.11.17,14700.0,1800.0,18400.0,18400.0,14050.0,16777.0
339,339,2015.11.18,14900.0,200.0,14700.0,14900.0,13500.0,811.0
340,340,2015.11.19,16000.0,1100.0,15800.0,16000.0,15250.0,1629.0
341,341,2015.11.20,15400.0,600.0,16850.0,16850.0,13600.0,9191.0
342,342,2015.11.23,14500.0,900.0,15400.0,15400.0,13800.0,1303.0
343,343,2015.11.24,15000.0,500.0,15500.0,15500.0,14500.0,1000.0
344,344,2015.11.25,15300.0,300.0,15450.0,15450.0,14600.0,2145.0
345,345,2015.11.26,16700.0,1400.0,16300.0,16750.0,15900.0,1621.0
346,346,2015.11.27,16900.0,200.0,17000.0,17000.0,16800.0,1664.0
347,347,2015.11.30,16750.0,150.0,16900.0,16900.0,16750.0,801.0
348,348,2015.12.01,17000.0,250.0,16750.0,17000.0,15800.0,2716.0
349,349,2015.12.02,16950.0,50.0,18750.0,18750.0,16050.0,621.0
350,350,2015.12.03,16900.0,50.0,17900.0,17900.0,16500.0,305.0
351,351,2015.12.04,16450.0,450.0,16850.0,16850.0,15000.0,2419.0
352,352,2015.12.07,15850.0,600.0,17500.0,17500.0,14000.0,3805.0
353,353,2015.12.08,14500.0,1350.0,15850.0,15850.0,13500.0,9949.0
354,354,2015.12.09,13900.0,600.0,15350.0,15350.0,13000.0,2925.0
355,355,2015.12.10,14350.0,450.0,14500.0,14500.0,11850.0,4624.0
356,356,2015.12.11,12200.0,2150.0,12200.0,12200.0,12200.0,12461.0
357,357,2015.12.14,11000.0,1200.0,10400.0,12000.0,10400.0,22253.0
358,358,2015.12.15,10200.0,800.0,10850.0,10850.0,9990.0,11549.0
359,359,2015.12.16,10850.0,650.0,10950.0,10950.0,10000.0,3684.0
360,360,2015.12.17,10400.0,450.0,10500.0,10500.0,9600.0,6202.0
361,361,2015.12.18,10800.0,400.0,10800.0,10800.0,10000.0,156.0
362,362,2015.12.21,10650.0,150.0,10800.0,10800.0,10100.0,1317.0
363,363,2015.12.22,12200.0,1550.0,10550.0,12200.0,10550.0,4488.0
364,364,2015.12.23,13700.0,1500.0,12950.0,13800.0,12500.0,8065.0
365,365,2015.12.24,15400.0,1700.0,14400.0,15500.0,14400.0,15827.0
366,366,2015.12.28,15750.0,350.0,16000.0,16450.0,15400.0,2310.0
367,367,2015.12.29,16700.0,950.0,15400.0,16700.0,15400.0,8148.0
368,368,2015.12.30,16800.0,100.0,16500.0,17800.0,16000.0,7920.0
369,369,2016.01.04,16700.0,100.0,16750.0,17400.0,16500.0,14738.0
370,370,2016.01.05,17850.0,1150.0,17400.0,18000.0,16000.0,8614.0
371,371,2016.01.06,17500.0,350.0,18000.0,18100.0,16600.0,7286.0
372,372,2016.01.07,18300.0,800.0,17900.0,18400.0,17050.0,6425.0
373,373,2016.01.08,18500.0,200.0,18750.0,18750.0,16900.0,13632.0
374,374,2016.01.11,20050.0,1550.0,18800.0,20050.0,18800.0,13853.0
375,375,2016.01.12,21000.0,950.0,19000.0,21000.0,19000.0,13502.0
376,376,2016.01.13,22500.0,1500.0,20900.0,22500.0,20900.0,10654.0
377,377,2016.01.14,23800.0,1300.0,23000.0,23800.0,22100.0,13046.0
378,378,2016.01.15,24700.0,900.0,23800.0,24900.0,23800.0,18453.0
379,379,2016.01.18,28000.0,3300.0,24000.0,28000.0,24000.0,67087.0
380,380,2016.01.19,28000.0,0.0,29000.0,29000.0,27100.0,13121.0
381,381,2016.01.20,26500.0,1500.0,28750.0,28750.0,25000.0,31185.0
382,382,2016.01.21,24500.0,2000.0,25900.0,27300.0,22550.0,30270.0
383,383,2016.01.22,25100.0,600.0,24950.0,25300.0,24000.0,2332.0
384,384,2016.01.25,25200.0,100.0,25950.0,25950.0,24000.0,7268.0
385,385,2016.01.26,27500.0,2300.0,26500.0,27600.0,25400.0,8495.0
386,386,2016.01.27,29000.0,1500.0,24500.0,31550.0,24500.0,11436.0
387,387,2016.01.28,29400.0,400.0,29900.0,29900.0,26050.0,10326.0
388,388,2016.01.29,29000.0,400.0,29000.0,29700.0,28000.0,7068.0
389,389,2016.02.01,28500.0,500.0,29000.0,29900.0,28000.0,6526.0
390,390,2016.02.02,28000.0,500.0,27500.0,28400.0,27000.0,6311.0
391,391,2016.02.03,27000.0,1000.0,28500.0,28500.0,26500.0,9861.0
392,392,2016.02.04,27000.0,0.0,26200.0,27000.0,25050.0,12342.0
393,393,2016.02.05,26400.0,600.0,27400.0,27500.0,24200.0,10557.0
394,394,2016.02.11,25750.0,650.0,25500.0,27800.0,24000.0,33417.0
395,395,2016.02.12,24000.0,1750.0,27600.0,27600.0,21900.0,15607.0
396,396,2016.02.15,25450.0,1450.0,23000.0,25800.0,23000.0,8006.0
397,397,2016.02.16,26850.0,1400.0,25500.0,26900.0,25500.0,3761.0
398,398,2016.02.17,26500.0,350.0,24900.0,27250.0,24900.0,1114.0
399,399,2016.02.18,28200.0,1700.0,23000.0,28400.0,23000.0,14305.0
400,400,2016.02.19,28250.0,50.0,28200.0,28500.0,25050.0,2039.0
401,401,2016.02.22,28200.0,50.0,28200.0,28400.0,26200.0,4877.0
402,402,2016.02.23,28000.0,200.0,26900.0,29950.0,26500.0,3644.0
403,403,2016.02.24,26950.0,1050.0,27000.0,28200.0,26000.0,4049.0
404,404,2016.02.25,26700.0,250.0,26050.0,27400.0,25050.0,4908.0
405,405,2016.02.26,26800.0,100.0,25500.0,27000.0,25500.0,1862.0
406,406,2016.02.29,26850.0,50.0,27300.0,27300.0,25400.0,1834.0
407,407,2016.03.02,27450.0,600.0,26050.0,28450.0,26050.0,1217.0
408,408,2016.03.03,27500.0,50.0,27900.0,28000.0,26500.0,16543.0
409,409,2016.03.04,28450.0,950.0,27500.0,28900.0,27000.0,223665.0
410,410,2016.03.07,29200.0,750.0,29000.0,30600.0,28100.0,60572.0
411,411,2016.03.08,30500.0,1300.0,28650.0,30800.0,28650.0,385560.0
412,412,2016.03.09,35000.0,4500.0,29150.0,35050.0,29150.0,172989.0
413,413,2016.03.10,37000.0,2000.0,35000.0,37900.0,35000.0,30852.0
414,414,2016.03.11,36400.0,600.0,37000.0,37000.0,35650.0,5935.0
415,415,2016.03.14,35000.0,1400.0,37000.0,37000.0,32050.0,12990.0
416,416,2016.03.15,33950.0,1050.0,35250.0,35250.0,32000.0,12680.0
417,417,2016.03.16,30600.0,3350.0,31950.0,33800.0,30500.0,13288.0
418,418,2016.03.17,31650.0,1050.0,30000.0,31800.0,30000.0,4668.0
419,419,2016.03.18,31500.0,150.0,31650.0,31650.0,30500.0,9058.0
420,420,2016.03.21,31200.0,300.0,30300.0,32100.0,30300.0,9498.0
421,421,2016.03.22,31150.0,50.0,30600.0,31300.0,30000.0,4338.0
422,422,2016.03.23,31000.0,150.0,30600.0,31400.0,30400.0,7725.0
423,423,2016.03.24,31350.0,350.0,31000.0,35000.0,30500.0,6443.0
424,424,2016.03.25,31100.0,250.0,30700.0,31400.0,30300.0,3756.0
425,425,2016.03.28,30450.0,650.0,30650.0,30800.0,30000.0,7952.0
426,426,2016.03.29,31300.0,850.0,30100.0,31300.0,29200.0,7345.0
427,427,2016.03.30,30850.0,450.0,30500.0,31300.0,30150.0,1898.0
428,428,2016.03.31,28200.0,2650.0,30200.0,30950.0,28200.0,21675.0
429,429,2016.04.01,27900.0,300.0,25300.0,29200.0,25300.0,7440.0
430,430,2016.04.04,27900.0,0.0,26300.0,28500.0,26300.0,12324.0
431,431,2016.04.05,27700.0,200.0,27300.0,27950.0,26500.0,7349.0
432,432,2016.04.06,26300.0,1400.0,27000.0,27800.0,26100.0,8452.0
433,433,2016.04.07,27000.0,700.0,26300.0,27150.0,25050.0,20222.0
434,434,2016.04.08,27250.0,250.0,26200.0,27950.0,26200.0,711.0
435,435,2016.04.11,27250.0,0.0,27250.0,27900.0,27000.0,1551.0
436,436,2016.04.12,28250.0,1000.0,26500.0,28300.0,26500.0,3553.0
437,437,2016.04.14,29600.0,1350.0,28550.0,32400.0,28550.0,5827.0
438,438,2016.04.15,29300.0,300.0,29000.0,29550.0,28500.0,132.0
439,439,2016.04.18,29000.0,300.0,29850.0,29850.0,28000.0,6298.0
440,440,2016.04.19,28950.0,50.0,28950.0,28950.0,28500.0,388.0
441,441,2016.04.20,27300.0,1650.0,28100.0,28500.0,25200.0,13880.0
442,442,2016.04.21,27300.0,0.0,27350.0,27750.0,26500.0,4729.0
443,443,2016.04.22,28000.0,700.0,26000.0,30000.0,26000.0,6394.0
444,444,2016.04.25,28150.0,150.0,28900.0,29200.0,26550.0,5760.0
445,445,2016.04.26,28200.0,50.0,28150.0,29700.0,28150.0,3356.0
446,446,2016.04.27,27600.0,600.0,27550.0,28950.0,27500.0,5364.0
447,447,2016.04.28,27800.0,200.0,27100.0,28900.0,27100.0,984.0
448,448,2016.04.29,27750.0,50.0,27500.0,28500.0,26500.0,8150.0
449,449,2016.05.02,27700.0,50.0,27500.0,27800.0,26700.0,2825.0
450,450,2016.05.03,25550.0,2150.0,27150.0,27700.0,25500.0,18609.0
451,451,2016.05.04,25700.0,150.0,25000.0,26300.0,24900.0,61495.0
452,452,2016.05.09,24950.0,750.0,25000.0,27000.0,24600.0,38143.0
453,453,2016.05.10,23200.0,1750.0,25000.0,25550.0,21300.0,10072.0
454,454,2016.05.11,23600.0,400.0,21000.0,24100.0,21000.0,5730.0
455,455,2016.05.12,24400.0,800.0,25300.0,25300.0,22600.0,3561.0
456,456,2016.05.13,20750.0,3650.0,20750.0,24000.0,20750.0,74555.0
457,457,2016.05.16,20000.0,750.0,18050.0,20400.0,17650.0,43584.0
458,458,2016.05.17,20450.0,450.0,21000.0,21000.0,19650.0,14900.0
459,459,2016.05.18,21000.0,550.0,20000.0,21500.0,20000.0,7123.0
460,460,2016.05.19,21850.0,850.0,20550.0,23900.0,20550.0,2709.0
461,461,2016.05.20,23850.0,2000.0,21900.0,24000.0,21900.0,12255.0
462,462,2016.05.23,24850.0,1000.0,25100.0,25850.0,23900.0,21918.0
463,463,2016.05.24,25700.0,850.0,25000.0,26800.0,24000.0,21562.0
464,464,2016.05.25,25000.0,700.0,25000.0,25000.0,24500.0,6774.0
465,465,2016.05.26,24350.0,650.0,24400.0,25700.0,24100.0,5011.0
466,466,2016.05.27,24200.0,150.0,25100.0,25100.0,23250.0,2166.0
467,467,2016.05.30,24600.0,400.0,24300.0,24700.0,23500.0,3663.0
468,468,2016.05.31,24500.0,100.0,23500.0,25550.0,23250.0,25913.0
469,469,2016.06.01,23200.0,1300.0,22900.0,24450.0,22500.0,9989.0
470,470,2016.06.02,22400.0,800.0,23000.0,23050.0,21550.0,10850.0
471,471,2016.06.03,22800.0,400.0,22400.0,23300.0,21000.0,4243.0
472,472,2016.06.07,24700.0,1900.0,23300.0,25500.0,23300.0,27430.0
473,473,2016.06.08,25000.0,300.0,25450.0,25800.0,24300.0,36103.0
474,474,2016.06.09,24500.0,500.0,25000.0,25400.0,23700.0,19053.0
475,475,2016.06.10,24500.0,0.0,23100.0,25000.0,23100.0,7374.0
476,476,2016.06.13,24850.0,350.0,24500.0,25000.0,24100.0,5756.0
477,477,2016.06.14,24400.0,450.0,23600.0,25450.0,23600.0,10478.0
478,478,2016.06.15,24400.0,0.0,24000.0,26400.0,23700.0,17479.0
479,479,2016.06.16,24300.0,100.0,23300.0,25300.0,23300.0,4219.0
480,480,2016.06.17,24500.0,200.0,25400.0,25400.0,22950.0,70764.0
481,481,2016.06.20,24550.0,50.0,23200.0,24800.0,23200.0,5173.0
482,482,2016.06.21,24550.0,0.0,24600.0,25150.0,24550.0,1128.0
483,483,2016.06.22,23900.0,650.0,23700.0,26000.0,23700.0,3775.0
484,484,2016.06.23,26000.0,2100.0,24500.0,26500.0,23200.0,11615.0
485,485,2016.06.24,23500.0,2500.0,25100.0,26000.0,22500.0,11829.0
486,486,2016.06.27,24350.0,850.0,20700.0,25500.0,20700.0,4522.0
487,487,2016.06.28,24850.0,500.0,25150.0,25150.0,24150.0,4737.0
488,488,2016.06.29,24700.0,150.0,24850.0,24950.0,24300.0,8440.0
489,489,2016.06.30,24700.0,0.0,25400.0,25400.0,24600.0,6871.0
490,490,2016.07.01,25000.0,300.0,24100.0,27700.0,24100.0,5301.0
491,491,2016.07.04,25250.0,250.0,25050.0,25400.0,25000.0,20523.0
492,492,2016.07.05,24850.0,400.0,24550.0,26000.0,24300.0,5209.0
493,493,2016.07.06,24800.0,50.0,24200.0,25200.0,24200.0,3680.0
494,494,2016.07.07,24550.0,250.0,25000.0,25000.0,24000.0,3464.0
495,495,2016.07.08,24650.0,100.0,24550.0,25300.0,23800.0,4008.0
496,496,2016.07.11,25300.0,650.0,24650.0,25300.0,24000.0,24465.0
497,497,2016.07.12,24900.0,400.0,25500.0,25500.0,24700.0,9411.0
498,498,2016.07.13,24950.0,50.0,25400.0,25400.0,24400.0,1635.0
499,499,2016.07.14,24850.0,100.0,24300.0,24950.0,24300.0,2762.0
500,500,2016.07.15,24400.0,450.0,24000.0,24500.0,23700.0,3401.0
501,501,2016.07.18,24300.0,100.0,26500.0,26500.0,23200.0,2893.0
502,502,2016.07.19,23900.0,400.0,23700.0,24300.0,23500.0,7065.0
503,503,2016.07.20,24800.0,900.0,25400.0,25400.0,23900.0,8274.0
504,504,2016.07.21,24850.0,50.0,24800.0,25400.0,24100.0,7083.0
505,505,2016.07.22,26000.0,1150.0,25950.0,27400.0,24900.0,30498.0
506,506,2016.07.25,26700.0,700.0,27450.0,27450.0,26000.0,48611.0
507,507,2016.07.26,26450.0,250.0,26700.0,26700.0,26000.0,5451.0
508,508,2016.07.27,26200.0,250.0,25500.0,26450.0,25500.0,70844.0
509,509,2016.07.28,26400.0,200.0,25100.0,27650.0,25100.0,3173.0
510,510,2016.07.29,26950.0,550.0,26800.0,27050.0,25800.0,7473.0
511,511,2016.08.01,26350.0,600.0,26150.0,28300.0,26150.0,5509.0
512,512,2016.08.02,26350.0,0.0,25750.0,27500.0,25750.0,6415.0
513,513,2016.08.03,25300.0,1050.0,26350.0,26850.0,24900.0,16130.0
514,514,2016.08.04,25050.0,250.0,25300.0,25900.0,24500.0,8490.0
515,515,2016.08.05,24500.0,550.0,24550.0,25300.0,23000.0,20103.0
516,516,2016.08.08,25000.0,500.0,25200.0,25300.0,24650.0,3380.0
517,517,2016.08.09,26000.0,1000.0,23550.0,26400.0,23550.0,12818.0
518,518,2016.08.10,25950.0,50.0,23750.0,26000.0,23750.0,2040.0
519,519,2016.08.11,26100.0,150.0,26350.0,26350.0,26000.0,3017.0
520,520,2016.08.12,26100.0,0.0,26350.0,26350.0,25950.0,6538.0
521,521,2016.08.16,28250.0,2150.0,25050.0,29000.0,25050.0,9585.0
522,522,2016.08.17,28000.0,250.0,28950.0,28950.0,27550.0,2012.0
523,523,2016.08.18,27500.0,500.0,28700.0,28700.0,26000.0,1411.0
524,524,2016.08.19,27500.0,0.0,25700.0,28300.0,25700.0,707.0
525,525,2016.08.22,27300.0,200.0,25150.0,27500.0,25150.0,2848.0
526,526,2016.08.23,27300.0,0.0,27300.0,30950.0,26300.0,27776.0
527,527,2016.08.24,26650.0,650.0,27500.0,27500.0,26500.0,9541.0
528,528,2016.08.25,27900.0,1250.0,27400.0,28300.0,26800.0,13403.0
529,529,2016.08.26,27900.0,0.0,27900.0,27900.0,27300.0,7769.0
530,530,2016.08.29,28000.0,100.0,27900.0,30750.0,27900.0,5999.0
531,531,2016.08.30,28300.0,300.0,28000.0,29500.0,27700.0,12610.0
532,532,2016.08.31,28300.0,0.0,28500.0,28500.0,27350.0,5272.0
533,533,2016.09.01,28250.0,50.0,28500.0,29000.0,27700.0,1762.0
534,534,2016.09.02,31000.0,2750.0,28900.0,32450.0,28850.0,10441.0
535,535,2016.09.05,32000.0,1000.0,30000.0,33800.0,30000.0,9828.0
536,536,2016.09.06,35900.0,3900.0,32500.0,36450.0,31000.0,56694.0
537,537,2016.09.07,34000.0,1900.0,36000.0,36500.0,33400.0,23154.0
538,538,2016.09.08,32000.0,2000.0,34000.0,34000.0,31500.0,13856.0
539,539,2016.09.09,31000.0,1000.0,33500.0,33500.0,30000.0,32720.0
540,540,2016.09.12,31300.0,300.0,31000.0,32900.0,30100.0,7124.0
541,541,2016.09.13,32000.0,700.0,32200.0,32200.0,31000.0,12276.0
542,542,2016.09.19,31950.0,50.0,32800.0,32800.0,31000.0,11348.0
543,543,2016.09.20,31450.0,500.0,30300.0,31600.0,30300.0,10630.0
544,544,2016.09.21,31500.0,50.0,31000.0,31900.0,30900.0,7132.0
545,545,2016.09.22,31000.0,500.0,32100.0,32100.0,30800.0,11438.0
546,546,2016.09.23,31000.0,0.0,31000.0,31550.0,30500.0,24793.0
547,547,2016.09.26,30400.0,600.0,30550.0,31600.0,29400.0,26266.0
548,548,2016.09.27,30350.0,50.0,30850.0,30850.0,29550.0,3539.0
549,549,2016.09.28,30000.0,350.0,30500.0,30500.0,29000.0,4186.0
550,550,2016.09.29,29650.0,350.0,29900.0,30200.0,29000.0,6399.0
551,551,2016.09.30,29650.0,0.0,29900.0,29900.0,27500.0,6900.0
552,552,2016.10.04,30100.0,450.0,30550.0,31000.0,28050.0,3980.0
553,553,2016.10.05,30050.0,50.0,29000.0,31000.0,29000.0,1910.0
554,554,2016.10.06,29150.0,900.0,30000.0,30400.0,28650.0,7415.0
555,555,2016.10.07,28300.0,850.0,30000.0,30000.0,27300.0,14724.0
556,556,2016.10.10,28250.0,50.0,27000.0,28300.0,27000.0,7334.0
557,557,2016.10.11,28000.0,250.0,26550.0,28500.0,26550.0,2399.0
558,558,2016.10.12,28550.0,550.0,27600.0,29800.0,27600.0,5119.0
559,559,2016.10.13,28750.0,200.0,27100.0,29750.0,27100.0,1417.0
560,560,2016.10.14,29450.0,700.0,29500.0,30350.0,28450.0,7604.0
561,561,2016.10.17,29550.0,100.0,29400.0,30950.0,29000.0,5936.0
562,562,2016.10.18,30000.0,450.0,30600.0,30600.0,29950.0,992.0
563,563,2016.10.19,30300.0,300.0,30550.0,30550.0,30000.0,7005.0
564,564,2016.10.20,30300.0,0.0,29500.0,30600.0,29500.0,1037.0
565,565,2016.10.21,30000.0,300.0,29500.0,30400.0,29500.0,3799.0
566,566,2016.10.24,30000.0,0.0,29350.0,30350.0,29350.0,545.0
567,567,2016.10.25,29800.0,200.0,30000.0,31550.0,29500.0,2260.0
568,568,2016.10.26,29800.0,0.0,29800.0,30000.0,28100.0,1481.0
569,569,2016.10.27,29900.0,100.0,29950.0,29950.0,29000.0,671.0
570,570,2016.10.28,29900.0,0.0,30100.0,30100.0,29000.0,1125.0
571,571,2016.10.31,29200.0,700.0,29100.0,30000.0,28800.0,3103.0
572,572,2016.11.01,29450.0,250.0,28750.0,29900.0,28750.0,579.0
573,573,2016.11.02,28400.0,1050.0,29400.0,29500.0,28400.0,5592.0
574,574,2016.11.03,29350.0,950.0,28100.0,30000.0,28100.0,1724.0
575,575,2016.11.04,28500.0,850.0,28700.0,29650.0,27400.0,5436.0
576,576,2016.11.07,29400.0,900.0,27300.0,29400.0,27300.0,1356.0
577,577,2016.11.08,29800.0,400.0,28500.0,29800.0,28500.0,11639.0
578,578,2016.11.09,28700.0,1100.0,30000.0,30000.0,27200.0,7821.0
579,579,2016.11.10,29400.0,700.0,29500.0,29500.0,28000.0,58.0
580,580,2016.11.11,29300.0,100.0,27250.0,29300.0,27250.0,5372.0
581,581,2016.11.14,29350.0,50.0,29850.0,29850.0,27400.0,104.0
582,582,2016.11.15,29400.0,50.0,29850.0,29850.0,28450.0,268.0
583,583,2016.11.16,29300.0,100.0,29750.0,29750.0,28400.0,435.0
584,584,2016.11.17,29400.0,100.0,30450.0,30450.0,28800.0,5043.0
585,585,2016.11.18,28600.0,800.0,28050.0,29200.0,27700.0,4615.0
586,586,2016.11.21,28500.0,100.0,28250.0,28900.0,27650.0,448.0
587,587,2016.11.22,28050.0,450.0,28900.0,28900.0,27500.0,1087.0
588,588,2016.11.23,28150.0,100.0,29200.0,29200.0,27950.0,270.0
589,589,2016.11.24,28150.0,0.0,27100.0,28950.0,27000.0,1448.0
590,590,2016.11.25,28000.0,150.0,29250.0,29250.0,27000.0,1156.0
591,591,2016.11.28,27900.0,100.0,29000.0,29000.0,26500.0,2004.0
592,592,2016.11.29,26400.0,1500.0,29300.0,29300.0,25550.0,9782.0
593,593,2016.11.30,26300.0,100.0,26500.0,26500.0,25500.0,1329.0
594,594,2016.12.01,26350.0,50.0,26000.0,26500.0,25000.0,543.0
595,595,2016.12.02,26950.0,600.0,25800.0,26950.0,25800.0,1027.0
596,596,2016.12.05,26800.0,150.0,28000.0,28000.0,25000.0,515.0
597,597,2016.12.06,26000.0,800.0,26300.0,26600.0,25000.0,770.0
598,598,2016.12.07,24800.0,1200.0,25500.0,25950.0,24050.0,3901.0
599,599,2016.12.08,26000.0,1200.0,24100.0,26450.0,24100.0,1654.0
600,600,2016.12.09,27000.0,1000.0,27500.0,27500.0,26000.0,11630.0
601,601,2016.12.12,26500.0,500.0,28800.0,28800.0,26500.0,6708.0
602,602,2016.12.13,26350.0,150.0,26000.0,27400.0,25500.0,1057.0
603,603,2016.12.14,26700.0,350.0,26350.0,27200.0,25900.0,1312.0
604,604,2016.12.15,27900.0,1200.0,27100.0,28500.0,26000.0,1122.0
605,605,2016.12.16,27900.0,0.0,28000.0,28000.0,27500.0,1867.0
606,606,2016.12.19,28300.0,400.0,28400.0,28400.0,26950.0,2108.0
607,607,2016.12.20,28000.0,300.0,28500.0,28500.0,28000.0,149.0
608,608,2016.12.21,28000.0,0.0,28500.0,28500.0,27250.0,337.0
609,609,2016.12.22,27800.0,200.0,28400.0,28400.0,27300.0,1206.0
610,610,2016.12.23,27700.0,100.0,27050.0,28400.0,27000.0,267.0
611,611,2016.12.26,27850.0,150.0,27500.0,28400.0,24050.0,30522.0
612,612,2016.12.27,27750.0,100.0,26650.0,28200.0,26650.0,707.0
613,613,2016.12.28,27500.0,250.0,28200.0,28200.0,27300.0,807.0
614,614,2016.12.29,27750.0,250.0,27950.0,27950.0,27100.0,242.0
615,615,2017.01.02,27200.0,550.0,28000.0,28000.0,26050.0,2107.0
616,616,2017.01.03,27750.0,550.0,27900.0,27900.0,26800.0,1207.0
617,617,2017.01.04,27500.0,250.0,27900.0,27900.0,26800.0,1216.0
618,618,2017.01.05,29000.0,1500.0,30000.0,30000.0,27300.0,16063.0
619,619,2017.01.06,28300.0,700.0,29100.0,29100.0,27800.0,1118.0
620,620,2017.01.09,28100.0,200.0,28850.0,28850.0,28000.0,2825.0
621,621,2017.01.10,28000.0,100.0,28850.0,28850.0,28000.0,2121.0
622,622,2017.01.11,28250.0,250.0,28600.0,28600.0,27500.0,2484.0
623,623,2017.01.12,28150.0,100.0,28500.0,28500.0,27700.0,483.0
624,624,2017.01.13,28800.0,650.0,28300.0,29000.0,28000.0,5296.0
625,625,2017.01.16,28500.0,300.0,31000.0,31000.0,28000.0,4318.0
626,626,2017.01.17,28800.0,300.0,29200.0,29200.0,28750.0,223.0
627,627,2017.01.18,29000.0,200.0,27800.0,29950.0,27800.0,1558.0
628,628,2017.01.19,29000.0,0.0,29000.0,29500.0,29000.0,3651.0
629,629,2017.01.20,29400.0,400.0,29950.0,29950.0,28600.0,1448.0
630,630,2017.01.23,29400.0,0.0,29400.0,30000.0,28050.0,1710.0
631,631,2017.01.24,29000.0,400.0,29900.0,29900.0,28550.0,3613.0
632,632,2017.01.25,28800.0,200.0,29950.0,29950.0,28300.0,5897.0
633,633,2017.01.26,28800.0,0.0,29400.0,29400.0,28600.0,5744.0
634,634,2017.01.31,29500.0,700.0,30000.0,30000.0,29200.0,13155.0
635,635,2017.02.01,29200.0,300.0,29500.0,29500.0,28850.0,1884.0
636,636,2017.02.02,29200.0,0.0,29000.0,29500.0,29000.0,2280.0
637,637,2017.02.03,30000.0,800.0,29000.0,30000.0,29000.0,5314.0
638,638,2017.02.06,30000.0,0.0,31000.0,31000.0,29500.0,4739.0
639,639,2017.02.07,29950.0,50.0,29000.0,30500.0,29000.0,8077.0
640,640,2017.02.08,30000.0,50.0,30700.0,30700.0,29150.0,10180.0
641,641,2017.02.09,29950.0,50.0,30300.0,30400.0,29000.0,6146.0
642,642,2017.02.10,29800.0,150.0,29950.0,30300.0,29500.0,1488.0
643,643,2017.02.13,29550.0,250.0,30600.0,30600.0,29500.0,1818.0
644,644,2017.02.14,29350.0,200.0,30400.0,30400.0,28600.0,2798.0
645,645,2017.02.15,28600.0,750.0,30350.0,30350.0,28250.0,5023.0
646,646,2017.02.16,30500.0,1900.0,29100.0,30600.0,28000.0,9650.0
647,647,2017.02.17,29600.0,900.0,29050.0,30500.0,28700.0,4419.0
648,648,2017.02.20,29700.0,100.0,29950.0,29950.0,29000.0,2638.0
649,649,2017.02.21,29600.0,100.0,29000.0,29950.0,29000.0,1045.0
650,650,2017.02.22,29700.0,100.0,29100.0,30400.0,29100.0,4922.0
651,651,2017.02.23,30300.0,600.0,29350.0,30300.0,29350.0,1880.0
652,652,2017.02.24,30600.0,300.0,29650.0,30600.0,29650.0,14117.0
653,653,2017.02.27,31300.0,700.0,30900.0,31400.0,30650.0,6068.0
654,654,2017.02.28,31450.0,150.0,30150.0,32400.0,30150.0,7474.0
655,655,2017.03.02,33000.0,1550.0,30550.0,34000.0,30550.0,9381.0
656,656,2017.03.03,32950.0,50.0,32050.0,33400.0,32050.0,4722.0
657,657,2017.03.06,33900.0,950.0,33200.0,34000.0,32800.0,5487.0
658,658,2017.03.07,34500.0,600.0,34000.0,34800.0,34000.0,5338.0
659,659,2017.03.08,35300.0,800.0,34500.0,36300.0,34200.0,14611.0
660,660,2017.03.09,34600.0,700.0,35300.0,35750.0,34600.0,4490.0
661,661,2017.03.10,33950.0,650.0,34300.0,35150.0,33200.0,3886.0
662,662,2017.03.13,34800.0,850.0,38700.0,38700.0,33600.0,2298.0
663,663,2017.03.14,35000.0,200.0,34050.0,35350.0,34050.0,4334.0
664,664,2017.03.15,35600.0,600.0,34550.0,36400.0,34550.0,2944.0
665,665,2017.03.16,35400.0,200.0,35000.0,37700.0,34800.0,5986.0
666,666,2017.03.17,36000.0,600.0,35000.0,40000.0,35000.0,3878.0
667,667,2017.03.20,36000.0,0.0,36000.0,36800.0,34500.0,13909.0
668,668,2017.03.21,36500.0,500.0,35900.0,37900.0,35800.0,9047.0
669,669,2017.03.22,36150.0,350.0,36400.0,36650.0,35200.0,6618.0
670,670,2017.03.23,36200.0,50.0,35500.0,36450.0,35400.0,5635.0
671,671,2017.03.24,36200.0,0.0,36200.0,36200.0,36000.0,12048.0
672,672,2017.03.27,36000.0,200.0,35600.0,38950.0,35500.0,3223.0
673,673,2017.03.28,35950.0,50.0,36250.0,36400.0,35500.0,5183.0
674,674,2017.03.29,38200.0,2250.0,36000.0,38600.0,36000.0,14337.0
675,675,2017.03.30,41400.0,3200.0,38300.0,41850.0,38200.0,16712.0
676,676,2017.03.31,47600.0,6200.0,41400.0,47600.0,41400.0,29063.0
677,677,2017.04.03,47800.0,200.0,49150.0,51000.0,47000.0,15662.0
678,678,2017.04.04,48000.0,200.0,49350.0,49350.0,46700.0,7314.0
679,679,2017.04.05,49000.0,1000.0,47800.0,49350.0,47800.0,5634.0
680,680,2017.04.06,49900.0,900.0,48600.0,49950.0,47000.0,7535.0
681,681,2017.04.07,49650.0,250.0,49900.0,51000.0,48300.0,9933.0
682,682,2017.04.10,46650.0,3000.0,48300.0,49850.0,42250.0,15211.0
683,683,2017.04.11,45900.0,750.0,45000.0,48500.0,45000.0,5082.0
684,684,2017.04.12,42850.0,3050.0,45900.0,45900.0,40000.0,17721.0
685,685,2017.04.13,45900.0,3050.0,43450.0,47650.0,42000.0,7989.0
686,686,2017.04.14,45600.0,300.0,45050.0,47300.0,44000.0,6188.0
687,687,2017.04.17,45300.0,300.0,44050.0,45600.0,44050.0,1085.0
688,688,2017.04.18,45500.0,200.0,45200.0,47000.0,44850.0,7707.0
689,689,2017.04.19,45350.0,150.0,46500.0,46500.0,44150.0,832.0
690,690,2017.04.20,45700.0,350.0,46800.0,46800.0,45350.0,3399.0
691,691,2017.04.21,45750.0,50.0,45700.0,46300.0,44800.0,4213.0
692,692,2017.04.24,46150.0,400.0,45750.0,46900.0,45000.0,3114.0
693,693,2017.04.25,45400.0,750.0,45050.0,46450.0,44600.0,6632.0
694,694,2017.04.26,45100.0,300.0,44300.0,45800.0,44300.0,1237.0
695,695,2017.04.27,45100.0,0.0,44300.0,45950.0,44300.0,1692.0
696,696,2017.04.28,45350.0,250.0,46300.0,46300.0,45000.0,1346.0
697,697,2017.05.02,46150.0,800.0,46000.0,46450.0,44900.0,2383.0
698,698,2017.05.04,46300.0,150.0,45200.0,46400.0,44900.0,1915.0
699,699,2017.05.08,45500.0,800.0,46300.0,46500.0,45000.0,2901.0
700,700,2017.05.10,44850.0,650.0,46800.0,46800.0,44800.0,2947.0
701,701,2017.05.11,44200.0,650.0,44550.0,45000.0,43200.0,5978.0
702,702,2017.05.12,43200.0,1000.0,43500.0,44850.0,42550.0,3301.0
703,703,2017.05.15,42000.0,1200.0,44000.0,44000.0,41000.0,6604.0
704,704,2017.05.16,42600.0,600.0,42200.0,45050.0,41700.0,6267.0
705,705,2017.05.17,40700.0,1900.0,42800.0,42800.0,38500.0,15709.0
706,706,2017.05.18,40800.0,100.0,42500.0,42500.0,39500.0,3661.0
707,707,2017.05.19,40000.0,800.0,41300.0,41300.0,39000.0,4251.0
708,708,2017.05.22,36300.0,3700.0,42000.0,42000.0,34350.0,29279.0
709,709,2017.05.23,35250.0,1050.0,38250.0,38250.0,34100.0,10848.0
710,710,2017.05.24,34350.0,900.0,36850.0,36850.0,33750.0,16321.0
711,711,2017.05.25,34350.0,0.0,36000.0,36000.0,32100.0,5999.0
712,712,2017.05.26,34450.0,100.0,34450.0,35500.0,34400.0,5273.0
713,713,2017.05.29,36000.0,1550.0,33500.0,37700.0,33500.0,4134.0
714,714,2017.05.30,35800.0,200.0,35950.0,36600.0,34600.0,5698.0
715,715,2017.05.31,36200.0,400.0,34900.0,36500.0,34900.0,744.0
716,716,2017.06.01,35850.0,350.0,36200.0,36650.0,35800.0,5019.0
717,717,2017.06.02,35400.0,450.0,35300.0,36000.0,35200.0,6084.0
718,718,2017.06.05,34950.0,450.0,35250.0,35400.0,34950.0,5059.0
719,719,2017.06.07,35800.0,850.0,35050.0,35950.0,34800.0,6572.0
720,720,2017.06.08,35800.0,0.0,35750.0,36800.0,35700.0,6420.0
721,721,2017.06.09,35700.0,100.0,35750.0,37850.0,35100.0,5687.0
722,722,2017.06.12,36200.0,500.0,36000.0,36350.0,35200.0,1763.0
723,723,2017.06.13,36400.0,200.0,35800.0,37450.0,35800.0,6431.0
724,724,2017.06.14,36000.0,400.0,36550.0,36550.0,35050.0,7685.0
725,725,2017.06.15,35000.0,1000.0,35000.0,35900.0,34600.0,8319.0
726,726,2017.06.16,34950.0,50.0,35550.0,35550.0,34000.0,3484.0
727,727,2017.06.19,35000.0,50.0,34200.0,35450.0,34200.0,5526.0
728,728,2017.06.20,35000.0,0.0,35000.0,35300.0,34600.0,2778.0
729,729,2017.06.21,32500.0,2500.0,34600.0,34600.0,32400.0,9920.0
730,730,2017.06.22,32400.0,100.0,32500.0,33000.0,32300.0,3116.0
731,731,2017.06.23,34000.0,1600.0,32400.0,34200.0,32400.0,903.0
732,732,2017.06.26,32100.0,1900.0,33350.0,33350.0,31500.0,6381.0
733,733,2017.06.27,31950.0,150.0,32100.0,34600.0,30500.0,4787.0
734,734,2017.06.28,31250.0,700.0,31950.0,31950.0,30550.0,3642.0
735,735,2017.06.29,30350.0,900.0,31250.0,32500.0,29600.0,7523.0
736,736,2017.06.30,31250.0,900.0,30300.0,31900.0,29700.0,4397.0
737,737,2017.07.03,31250.0,0.0,30000.0,31250.0,30000.0,3596.0
738,738,2017.07.04,31450.0,200.0,30150.0,31900.0,30150.0,1032.0
739,739,2017.07.05,30850.0,600.0,30150.0,31450.0,30150.0,337.0
740,740,2017.07.06,31200.0,350.0,29800.0,31400.0,29800.0,3487.0
741,741,2017.07.07,31000.0,200.0,30100.0,31150.0,30100.0,781.0
742,742,2017.07.10,30650.0,350.0,30600.0,30800.0,29900.0,4755.0
743,743,2017.07.11,29950.0,700.0,30050.0,30650.0,29800.0,3885.0
744,744,2017.07.12,28750.0,1200.0,29950.0,29950.0,28600.0,3747.0
745,745,2017.07.13,29000.0,250.0,30000.0,30000.0,28450.0,2811.0
746,746,2017.07.14,31950.0,2950.0,28950.0,31950.0,28900.0,5166.0
747,747,2017.07.17,32750.0,800.0,31650.0,32800.0,31200.0,4477.0
748,748,2017.07.18,33300.0,550.0,33000.0,33450.0,32500.0,1504.0
749,749,2017.07.19,32950.0,350.0,33500.0,33500.0,32500.0,4058.0
750,750,2017.07.20,32800.0,150.0,32550.0,33850.0,32300.0,2417.0
751,751,2017.07.21,31900.0,900.0,32050.0,33100.0,31500.0,4754.0
752,752,2017.07.24,32100.0,200.0,31900.0,32400.0,31800.0,647.0
753,753,2017.07.25,31750.0,350.0,32100.0,32700.0,31000.0,5911.0
754,754,2017.07.26,31350.0,400.0,31100.0,32500.0,31100.0,3728.0
755,755,2017.07.27,31700.0,350.0,30150.0,31950.0,30150.0,5062.0
756,756,2017.07.28,31550.0,150.0,31950.0,31950.0,30800.0,1374.0
757,757,2017.07.31,31500.0,50.0,30500.0,31950.0,30500.0,521.0
758,758,2017.08.01,31250.0,250.0,31500.0,31550.0,30700.0,1089.0
759,759,2017.08.02,31050.0,200.0,31200.0,31200.0,30300.0,2866.0
760,760,2017.08.03,31800.0,750.0,32850.0,32850.0,31000.0,3740.0
761,761,2017.08.04,31350.0,450.0,31800.0,32500.0,31000.0,5450.0
762,762,2017.08.07,31550.0,200.0,31350.0,32250.0,31000.0,4200.0
763,763,2017.08.08,32350.0,800.0,30950.0,32350.0,30950.0,7424.0
764,764,2017.08.09,32300.0,50.0,32350.0,32450.0,31650.0,3840.0
765,765,2017.08.10,32000.0,300.0,32200.0,32400.0,31350.0,8864.0
766,766,2017.08.11,31500.0,500.0,32000.0,32050.0,31300.0,2838.0
767,767,2017.08.14,31700.0,200.0,31850.0,31850.0,31000.0,2222.0
768,768,2017.08.16,32350.0,650.0,31500.0,32400.0,31050.0,9747.0
769,769,2017.08.17,35000.0,2650.0,35400.0,37100.0,33450.0,21642.0
770,770,2017.08.18,33950.0,1050.0,35900.0,35900.0,33800.0,7706.0
771,771,2017.08.21,34800.0,850.0,34450.0,37000.0,34300.0,8206.0
772,772,2017.08.22,35200.0,400.0,35000.0,35500.0,34400.0,8136.0
773,773,2017.08.23,35000.0,200.0,35450.0,35500.0,34900.0,3838.0
774,774,2017.08.24,35250.0,250.0,34500.0,35650.0,34000.0,6290.0
775,775,2017.08.25,35250.0,0.0,35000.0,35400.0,35000.0,2518.0
776,776,2017.08.28,38050.0,2800.0,35950.0,39500.0,35900.0,11852.0
777,777,2017.08.29,40300.0,2250.0,37900.0,40400.0,37900.0,11644.0
778,778,2017.08.30,41500.0,1200.0,42000.0,43200.0,40050.0,6390.0
779,779,2017.08.31,41600.0,100.0,42000.0,42300.0,40100.0,13696.0
780,780,2017.09.01,40400.0,1200.0,42000.0,42100.0,40200.0,3900.0
781,781,2017.09.04,37200.0,3200.0,38550.0,40400.0,37000.0,19365.0
782,782,2017.09.05,39500.0,2300.0,37500.0,39500.0,37300.0,4377.0
783,783,2017.09.06,35350.0,4150.0,39500.0,39950.0,33600.0,55788.0
784,784,2017.09.07,35900.0,550.0,35750.0,36700.0,34200.0,1886.0
785,785,2017.09.08,36100.0,200.0,35950.0,36650.0,35650.0,2104.0
786,786,2017.09.11,37950.0,1850.0,36400.0,39850.0,35250.0,8544.0
787,787,2017.09.12,38350.0,400.0,38000.0,38750.0,37050.0,2554.0
788,788,2017.09.13,38300.0,50.0,38950.0,38950.0,37350.0,2378.0
789,789,2017.09.14,38500.0,200.0,38500.0,38750.0,38250.0,2450.0
790,790,2017.09.15,37900.0,600.0,38250.0,38500.0,37100.0,5564.0
791,791,2017.09.18,37400.0,500.0,38750.0,38750.0,37000.0,5806.0
792,792,2017.09.19,37600.0,200.0,37400.0,38000.0,36900.0,3944.0
793,793,2017.09.20,36500.0,1100.0,37500.0,37500.0,32000.0,8955.0
794,794,2017.09.21,36550.0,50.0,36500.0,36950.0,36500.0,1673.0
795,795,2017.09.22,35250.0,1300.0,36000.0,37000.0,35000.0,3703.0
796,796,2017.09.25,34200.0,1050.0,35300.0,36000.0,30050.0,6408.0
797,797,2017.09.26,33500.0,700.0,30600.0,35450.0,30600.0,4673.0
798,798,2017.09.27,33400.0,100.0,32150.0,36000.0,32000.0,6042.0
799,799,2017.09.28,34750.0,1350.0,33400.0,34900.0,32500.0,5652.0
800,800,2017.09.29,36150.0,1400.0,34100.0,36600.0,34100.0,3518.0
801,801,2017.10.10,36000.0,150.0,36150.0,36900.0,35800.0,5541.0
802,802,2017.10.11,36400.0,400.0,36950.0,36950.0,35500.0,5137.0
803,803,2017.10.12,37900.0,1500.0,36400.0,37900.0,36000.0,6713.0
804,804,2017.10.13,39700.0,1800.0,38000.0,40500.0,38000.0,7421.0
805,805,2017.10.16,39850.0,150.0,40750.0,40750.0,39050.0,4780.0
806,806,2017.10.17,39950.0,100.0,39850.0,40000.0,39200.0,9788.0
807,807,2017.10.18,39850.0,100.0,39900.0,41400.0,39100.0,7861.0
808,808,2017.10.19,39800.0,50.0,40450.0,40450.0,39400.0,3051.0
809,809,2017.10.20,38800.0,1000.0,40000.0,40000.0,38750.0,8194.0
810,810,2017.10.23,38100.0,700.0,39900.0,39900.0,38000.0,3622.0
811,811,2017.10.24,39500.0,1400.0,38250.0,40350.0,38150.0,12177.0
812,812,2017.10.25,39600.0,100.0,39500.0,40300.0,38700.0,6624.0
813,813,2017.10.26,39550.0,50.0,39700.0,40000.0,39000.0,5365.0
814,814,2017.10.27,40200.0,650.0,39600.0,40850.0,39450.0,16217.0
815,815,2017.10.30,42500.0,2300.0,40200.0,42700.0,40200.0,15800.0
816,816,2017.10.31,44100.0,1600.0,42950.0,44550.0,42950.0,20872.0
817,817,2017.11.01,43050.0,1050.0,46900.0,46900.0,42950.0,15621.0
818,818,2017.11.02,42900.0,150.0,42100.0,44500.0,42100.0,3373.0
819,819,2017.11.03,43500.0,600.0,44000.0,45000.0,42600.0,10866.0
820,820,2017.11.06,43900.0,400.0,43000.0,44700.0,43000.0,11391.0
821,821,2017.11.07,43500.0,400.0,44000.0,44900.0,42250.0,7203.0
822,822,2017.11.08,43500.0,0.0,43500.0,44000.0,43050.0,3382.0
823,823,2017.11.09,46000.0,2500.0,46150.0,46400.0,43750.0,15092.0
824,824,2017.11.10,46000.0,0.0,46000.0,46750.0,45500.0,19903.0
825,825,2017.11.13,46500.0,500.0,47800.0,47800.0,46000.0,10122.0
826,826,2017.11.14,45500.0,1000.0,46500.0,47100.0,45000.0,14439.0
827,827,2017.11.15,46550.0,1050.0,46400.0,46750.0,45300.0,16718.0
828,828,2017.11.16,46700.0,150.0,46650.0,47400.0,46000.0,13154.0
829,829,2017.11.17,47200.0,500.0,46750.0,47450.0,46500.0,16149.0
830,830,2017.11.20,50600.0,3400.0,47200.0,52200.0,47200.0,29471.0
831,831,2017.11.21,55000.0,4400.0,52000.0,56800.0,52000.0,43890.0
832,832,2017.11.22,53000.0,2000.0,56000.0,56800.0,51300.0,31520.0
833,833,2017.11.23,53400.0,400.0,52900.0,54100.0,52800.0,7836.0
834,834,2017.11.24,53500.0,100.0,53800.0,56300.0,53500.0,25090.0
835,835,2017.11.27,53200.0,300.0,58000.0,58000.0,50800.0,23000.0
836,836,2017.11.28,51000.0,2200.0,55500.0,55500.0,49500.0,18239.0
837,837,2017.11.29,48650.0,2350.0,51000.0,51500.0,43400.0,29375.0
838,838,2017.11.30,50000.0,1350.0,48900.0,50000.0,48100.0,11796.0
839,839,2017.12.01,53900.0,3900.0,51000.0,55300.0,50900.0,27975.0
840,840,2017.12.04,55000.0,1100.0,55800.0,56600.0,53000.0,29966.0
841,841,2017.12.05,53700.0,1300.0,55100.0,55100.0,52000.0,16767.0
842,842,2017.12.06,53000.0,700.0,53800.0,54500.0,50000.0,20751.0
843,843,2017.12.07,49500.0,3500.0,53000.0,53000.0,48000.0,32021.0
844,844,2017.12.08,50000.0,500.0,50500.0,50500.0,48000.0,9770.0
845,845,2017.12.11,51000.0,1000.0,50500.0,51200.0,49900.0,9679.0
846,846,2017.12.12,52000.0,1000.0,51000.0,52000.0,50600.0,12130.0
847,847,2017.12.13,52500.0,500.0,52000.0,53900.0,50600.0,19322.0
848,848,2017.12.14,53500.0,1000.0,53500.0,53900.0,51900.0,21421.0
849,849,2017.12.15,54000.0,500.0,54000.0,54500.0,53000.0,11484.0
850,850,2017.12.18,53300.0,700.0,54300.0,54400.0,52500.0,13898.0
851,851,2017.12.19,51400.0,1900.0,53000.0,53200.0,50000.0,20625.0
852,852,2017.12.20,50200.0,1200.0,51400.0,51400.0,49300.0,12588.0
853,853,2017.12.21,49450.0,750.0,51500.0,51500.0,49000.0,15609.0
854,854,2017.12.22,50600.0,1150.0,49800.0,51500.0,49500.0,14667.0
855,855,2017.12.26,50500.0,100.0,50900.0,51300.0,50000.0,32607.0
856,856,2017.12.27,57300.0,6800.0,50600.0,57400.0,50600.0,37477.0
857,857,2017.12.28,57700.0,400.0,57300.0,59600.0,57300.0,34210.0
858,858,2018.01.02,66300.0,8600.0,58200.0,66300.0,58200.0,37225.0
859,859,2018.01.03,73800.0,7500.0,67200.0,76200.0,67200.0,58389.0
860,860,2018.01.04,75000.0,1200.0,74300.0,79500.0,73600.0,40846.0
861,861,2018.01.05,75800.0,800.0,77500.0,77500.0,73800.0,21107.0
862,862,2018.01.08,87100.0,11300.0,80000.0,87100.0,80000.0,40780.0
863,863,2018.01.09,100100.0,13000.0,99900.0,100100.0,98200.0,43827.0
864,864,2018.01.10,115100.0,15000.0,115100.0,115100.0,105000.0,86262.0
865,865,2018.01.11,115500.0,400.0,120000.0,121000.0,101000.0,46075.0
866,866,2018.01.12,115500.0,0.0,113500.0,117200.0,108000.0,22100.0
867,867,2018.01.15,132800.0,17300.0,129600.0,132800.0,119700.0,37425.0
868,868,2018.01.16,150300.0,17500.0,149100.0,152700.0,147400.0,60736.0
869,869,2018.01.17,150300.0,0.0,0.0,0.0,0.0,0.0
870,870,2018.01.18,142100.0,8200.0,153000.0,153700.0,127800.0,59977.0
871,871,2018.01.19,129100.0,13000.0,142100.0,143000.0,120900.0,51092.0
872,872,2018.01.22,126000.0,3100.0,116000.0,129100.0,116000.0,19147.0
873,873,2018.01.23,144900.0,18900.0,134000.0,144900.0,124900.0,32544.0
874,874,2018.01.24,154500.0,9600.0,153500.0,162500.0,141300.0,26187.0
875,875,2018.01.25,148300.0,6200.0,157000.0,159500.0,144500.0,14074.0
876,876,2018.01.26,143800.0,4500.0,148300.0,149900.0,138000.0,15812.0
877,877,2018.01.29,139000.0,4800.0,146900.0,146900.0,134000.0,18505.0
878,878,2018.01.30,134000.0,5000.0,140000.0,142400.0,131000.0,12147.0
879,879,2018.01.31,127000.0,7000.0,135000.0,135000.0,124800.0,30564.0
880,880,2018.02.01,118000.0,9000.0,127000.0,127000.0,111000.0,40639.0
881,881,2018.02.02,124000.0,6000.0,118000.0,126000.0,102000.0,62057.0
882,882,2018.02.05,125800.0,1800.0,122400.0,133800.0,117600.0,19816.0
883,883,2018.02.06,129000.0,3200.0,118000.0,131400.0,114000.0,19199.0
884,884,2018.02.07,123000.0,6000.0,133300.0,139000.0,121100.0,15201.0
885,885,2018.02.08,125000.0,2000.0,125000.0,128500.0,122000.0,8188.0
886,886,2018.02.09,134000.0,9000.0,124500.0,134100.0,119800.0,14624.0
887,887,2018.02.12,142500.0,8500.0,137900.0,143200.0,137000.0,17220.0
888,888,2018.02.13,145100.0,2600.0,143800.0,150100.0,143800.0,17912.0
889,889,2018.02.14,149000.0,3900.0,146100.0,150000.0,145000.0,11868.0
890,890,2018.02.19,149400.0,400.0,151000.0,151000.0,149200.0,13023.0
891,891,2018.02.20,143500.0,5900.0,149500.0,150000.0,138800.0,13862.0
892,892,2018.02.21,144300.0,800.0,147000.0,147000.0,140100.0,4483.0
893,893,2018.02.22,146900.0,2600.0,148000.0,148500.0,144600.0,7304.0
894,894,2018.02.23,149900.0,3000.0,147000.0,152100.0,147000.0,21521.0
895,895,2018.02.26,157500.0,7600.0,150000.0,160800.0,150000.0,23281.0
896,896,2018.02.27,168800.0,11300.0,159200.0,169900.0,159200.0,22856.0
897,897,2018.02.28,164000.0,4800.0,170000.0,173700.0,159800.0,12212.0
898,898,2018.03.02,164000.0,0.0,157000.0,164600.0,157000.0,7163.0
899,899,2018.03.05,158000.0,6000.0,163900.0,163900.0,152500.0,14998.0
900,900,2018.03.06,160000.0,2000.0,160100.0,163000.0,155500.0,10091.0
901,901,2018.03.07,156900.0,3100.0,161000.0,161000.0,154700.0,12520.0
902,902,2018.03.08,157300.0,400.0,154000.0,158000.0,154000.0,6043.0
903,903,2018.03.09,157300.0,0.0,156000.0,158900.0,156000.0,7979.0
904,904,2018.03.12,154100.0,3200.0,155500.0,159700.0,154000.0,12904.0
905,905,2018.03.13,148000.0,6100.0,154000.0,154100.0,146900.0,12220.0
906,906,2018.03.14,142500.0,5500.0,148000.0,148000.0,139800.0,10786.0
907,907,2018.03.15,149200.0,6700.0,142500.0,150000.0,139000.0,10563.0
908,908,2018.03.16,144800.0,4400.0,150900.0,150900.0,143200.0,11271.0
909,909,2018.03.19,140000.0,4800.0,145100.0,146200.0,140000.0,8204.0
910,910,2018.03.20,144000.0,4000.0,140000.0,144800.0,139900.0,8266.0
911,911,2018.03.21,139900.0,4100.0,144600.0,148000.0,139900.0,8505.0
912,912,2018.03.22,137800.0,2100.0,139100.0,142800.0,128300.0,15912.0
913,913,2018.03.23,128100.0,9700.0,131500.0,137800.0,128100.0,18605.0
914,914,2018.03.26,122500.0,5600.0,129900.0,131000.0,116100.0,29026.0
915,915,2018.03.27,125300.0,2800.0,127400.0,129900.0,122000.0,12456.0
916,916,2018.03.28,120200.0,5100.0,122000.0,122000.0,118700.0,13095.0
917,917,2018.03.29,121800.0,1600.0,120000.0,123700.0,119900.0,7041.0
918,918,2018.03.30,133000.0,11200.0,124000.0,134100.0,122600.0,9886.0
919,919,2018.04.02,138500.0,5500.0,138000.0,142600.0,137900.0,13050.0
920,920,2018.04.03,137000.0,1500.0,138500.0,138500.0,131000.0,10708.0
921,921,2018.04.04,133000.0,4000.0,137000.0,139900.0,131800.0,7041.0
922,922,2018.04.05,142800.0,9800.0,133200.0,146000.0,133200.0,9460.0
923,923,2018.04.06,139900.0,2900.0,140500.0,145900.0,137500.0,11410.0
924,924,2018.04.09,136900.0,3000.0,141800.0,141800.0,136000.0,6389.0
925,925,2018.04.10,140000.0,3100.0,140900.0,140900.0,136200.0,5208.0
926,926,2018.04.11,142900.0,2900.0,140000.0,145800.0,138500.0,15287.0
927,927,2018.04.12,138000.0,4900.0,142900.0,143900.0,136500.0,7625.0
928,928,2018.04.13,142900.0,4900.0,138000.0,142900.0,136200.0,6427.0
929,929,2018.04.16,150000.0,7100.0,142900.0,150900.0,140000.0,12969.0
930,930,2018.04.17,149000.0,1000.0,145100.0,152000.0,145100.0,8762.0
931,931,2018.04.18,145000.0,4000.0,150900.0,150900.0,142500.0,7803.0
932,932,2018.04.19,137900.0,7100.0,142000.0,144700.0,135000.0,15418.0
933,933,2018.04.20,137000.0,900.0,139900.0,140000.0,133000.0,6755.0
934,934,2018.04.23,140300.0,3300.0,137300.0,141200.0,129500.0,9698.0
935,935,2018.04.24,140000.0,300.0,141500.0,142900.0,132000.0,6193.0
936,936,2018.04.25,135800.0,4200.0,135100.0,138000.0,132100.0,4561.0
937,937,2018.04.26,134000.0,1800.0,135000.0,139000.0,129700.0,9682.0
938,938,2018.04.27,134500.0,500.0,133600.0,135000.0,129900.0,7396.0
939,939,2018.04.30,133700.0,800.0,142800.0,142800.0,133500.0,3571.0
940,940,2018.05.02,130500.0,3200.0,133000.0,136800.0,128000.0,6991.0
941,941,2018.05.03,130400.0,100.0,130600.0,134700.0,128500.0,6634.0
942,942,2018.05.04,125900.0,4500.0,135500.0,135500.0,123900.0,8650.0
943,943,2018.05.08,119400.0,6500.0,129000.0,129000.0,119200.0,15722.0
944,944,2018.05.09,124200.0,4800.0,118200.0,126000.0,114600.0,24325.0
945,945,2018.05.10,119500.0,4700.0,122600.0,126700.0,119000.0,8971.0
946,946,2018.05.11,119700.0,200.0,119800.0,121000.0,117200.0,7439.0
947,947,2018.05.14,120000.0,300.0,120500.0,123000.0,119500.0,3537.0
948,948,2018.05.15,122900.0,2900.0,120000.0,122900.0,116500.0,3834.0
949,949,2018.05.16,123500.0,600.0,121100.0,124800.0,120600.0,6032.0
950,950,2018.05.17,129000.0,5500.0,121700.0,129000.0,120900.0,4850.0
951,951,2018.05.18,137000.0,8000.0,131000.0,140800.0,131000.0,10965.0
952,952,2018.05.21,137000.0,0.0,137000.0,139000.0,135400.0,4322.0
953,953,2018.05.23,130100.0,6900.0,137000.0,137000.0,130000.0,5041.0
954,954,2018.05.24,129300.0,800.0,130200.0,134000.0,127000.0,6070.0
955,955,2018.05.25,127900.0,1400.0,125600.0,130000.0,125600.0,4778.0
956,956,2018.05.28,124700.0,3200.0,128000.0,129900.0,123400.0,5311.0
957,957,2018.05.29,126600.0,1900.0,127800.0,129800.0,124800.0,7510.0
958,958,2018.05.30,127600.0,1000.0,129700.0,129700.0,126000.0,5160.0
959,959,2018.05.31,124000.0,3600.0,126000.0,128600.0,123100.0,8089.0
960,960,2018.06.01,127700.0,3700.0,127900.0,128000.0,123900.0,3561.0
961,961,2018.06.04,127000.0,700.0,125000.0,129000.0,124000.0,4931.0
962,962,2018.06.05,126300.0,700.0,128100.0,129300.0,124700.0,4702.0
963,963,2018.06.07,127900.0,1600.0,128000.0,129600.0,126000.0,3152.0
964,964,2018.06.08,127400.0,500.0,126300.0,129800.0,126200.0,1234.0
965,965,2018.06.11,126000.0,1400.0,127500.0,128400.0,124500.0,2318.0
966,966,2018.06.12,121700.0,4300.0,119500.0,122000.0,114000.0,26963.0
967,967,2018.06.14,121500.0,200.0,122700.0,125300.0,119400.0,6292.0
968,968,2018.06.15,120400.0,1100.0,122000.0,122000.0,118600.0,3908.0
969,969,2018.06.18,118000.0,2400.0,120500.0,122000.0,117000.0,3399.0
970,970,2018.06.19,115500.0,2500.0,117100.0,119500.0,113100.0,10790.0
971,971,2018.06.20,114500.0,1000.0,116300.0,116300.0,112800.0,6625.0
972,972,2018.06.21,114300.0,200.0,119000.0,119000.0,114100.0,6262.0
973,973,2018.06.22,115400.0,1100.0,115000.0,115400.0,112800.0,8500.0
974,974,2018.06.25,115900.0,500.0,115400.0,116000.0,114500.0,3898.0
975,975,2018.06.26,115900.0,0.0,119400.0,119400.0,113100.0,3096.0
976,976,2018.06.27,117800.0,1900.0,122800.0,122800.0,116000.0,2600.0
977,977,2018.06.28,115500.0,2300.0,117800.0,119300.0,115100.0,5011.0
978,978,2018.06.29,115400.0,100.0,116100.0,118900.0,115400.0,2304.0
979,979,2018.07.02,113800.0,1600.0,115400.0,115500.0,113700.0,5497.0
980,980,2018.07.03,112600.0,1200.0,113700.0,114900.0,112300.0,8447.0
981,981,2018.07.04,118000.0,5400.0,114600.0,119000.0,111000.0,7949.0
982,982,2018.07.05,118100.0,100.0,118000.0,120000.0,115200.0,5346.0
983,983,2018.07.06,118700.0,600.0,115100.0,118700.0,115100.0,3034.0
984,984,2018.07.09,124000.0,5300.0,116400.0,124600.0,115600.0,6030.0
985,985,2018.07.10,140000.0,16000.0,122600.0,142600.0,122600.0,20967.0
986,986,2018.07.11,130700.0,9300.0,145000.0,146500.0,130700.0,14008.0
987,987,2018.07.12,131000.0,300.0,129900.0,134400.0,127200.0,6004.0
988,988,2018.07.13,128700.0,2300.0,126600.0,130700.0,126000.0,3531.0
989,989,2018.07.16,124000.0,4700.0,125300.0,129800.0,121500.0,5673.0
990,990,2018.07.17,122500.0,1500.0,121200.0,123400.0,120000.0,5778.0
991,991,2018.07.18,120000.0,2500.0,122200.0,122200.0,119000.0,7039.0
992,992,2018.07.19,117400.0,2600.0,118200.0,122300.0,115500.0,11937.0
993,993,2018.07.20,116400.0,1000.0,117400.0,118800.0,113800.0,6568.0
994,994,2018.07.23,117900.0,1500.0,116500.0,124800.0,116000.0,6066.0
995,995,2018.07.24,123200.0,5300.0,117900.0,124100.0,116000.0,3676.0
996,996,2018.07.25,119600.0,3600.0,122000.0,122000.0,118500.0,4804.0
997,997,2018.07.26,120500.0,900.0,119600.0,122900.0,118900.0,2330.0
998,998,2018.07.27,120300.0,200.0,121500.0,121500.0,117700.0,5684.0
999,999,2018.07.30,121700.0,1400.0,124000.0,124000.0,118000.0,2191.0
1000,1000,2018.07.31,125800.0,4100.0,121800.0,126200.0,121800.0,3497.0
1001,1001,2018.08.01,126000.0,200.0,126900.0,126900.0,125000.0,1269.0
1002,1002,2018.08.02,124900.0,1100.0,126000.0,126200.0,123500.0,1980.0
1003,1003,2018.08.03,125500.0,600.0,125000.0,126000.0,123000.0,1990.0
1004,1004,2018.08.06,125300.0,200.0,125500.0,127300.0,123500.0,1803.0
1005,1005,2018.08.07,125900.0,600.0,124600.0,126500.0,124100.0,2083.0
1006,1006,2018.08.08,125900.0,0.0,126800.0,126800.0,125000.0,1487.0
1007,1007,2018.08.09,125000.0,900.0,125000.0,126000.0,123900.0,1651.0
1008,1008,2018.08.10,125000.0,0.0,125600.0,125600.0,124300.0,812.0
1009,1009,2018.08.13,120000.0,5000.0,125000.0,125000.0,120000.0,4568.0
1010,1010,2018.08.14,121400.0,1400.0,122500.0,122700.0,118500.0,2934.0
1011,1011,2018.08.16,122000.0,600.0,120000.0,124000.0,118000.0,5131.0
1012,1012,2018.08.17,127000.0,5000.0,123500.0,127100.0,122000.0,8948.0
1013,1013,2018.08.20,125000.0,2000.0,129900.0,129900.0,123000.0,3899.0
1014,1014,2018.08.21,124500.0,500.0,126500.0,126500.0,123500.0,3634.0
1015,1015,2018.08.22,120000.0,4500.0,125400.0,125400.0,119200.0,6279.0
1016,1016,2018.08.23,119900.0,100.0,120000.0,122900.0,119900.0,2251.0
1017,1017,2018.08.24,119800.0,100.0,124800.0,124800.0,118100.0,8281.0
1018,1018,2018.08.27,121500.0,1700.0,122400.0,122900.0,119800.0,10431.0
1019,1019,2018.08.28,123000.0,1500.0,124000.0,125000.0,122000.0,2891.0
1020,1020,2018.08.29,122200.0,800.0,125000.0,125000.0,121000.0,1401.0
1021,1021,2018.08.30,121900.0,300.0,122000.0,123500.0,120500.0,3406.0
1022,1022,2018.08.31,125400.0,3500.0,121900.0,125400.0,121900.0,5515.0
1023,1023,2018.09.03,124500.0,900.0,123300.0,125000.0,122500.0,4156.0
1024,1024,2018.09.04,126300.0,1800.0,125000.0,126500.0,125000.0,3516.0
1025,1025,2018.09.05,128300.0,2000.0,126500.0,129200.0,124300.0,2250.0
1026,1026,2018.09.06,126400.0,1900.0,128000.0,128000.0,124000.0,4506.0
1027,1027,2018.09.07,125400.0,1000.0,127400.0,127400.0,124800.0,823.0
1028,1028,2018.09.10,106600.0,18800.0,106600.0,116000.0,106600.0,65251.0
1029,1029,2018.09.11,90700.0,15900.0,90700.0,90700.0,90700.0,17544.0
1030,1030,2018.09.12,88000.0,2700.0,77100.0,88000.0,77100.0,249233.0
1031,1031,2018.09.13,90000.0,2000.0,91400.0,94900.0,87000.0,33121.0
1032,1032,2018.09.14,82000.0,8000.0,90000.0,92300.0,81100.0,28895.0
1033,1033,2018.09.17,89900.0,7900.0,83000.0,94000.0,83000.0,33864.0
1034,1034,2018.09.18,92500.0,2600.0,91400.0,96400.0,91000.0,16789.0
1035,1035,2018.09.19,91900.0,600.0,95100.0,96000.0,89400.0,18249.0
1036,1036,2018.09.20,93600.0,1700.0,92000.0,93700.0,90500.0,10981.0
1037,1037,2018.09.21,98200.0,4600.0,93700.0,99100.0,93700.0,19550.0
1038,1038,2018.09.27,106200.0,8000.0,98400.0,106900.0,98200.0,14609.0
1039,1039,2018.09.28,102000.0,4200.0,110000.0,110000.0,97000.0,15553.0
1040,1040,2018.10.01,100400.0,1600.0,102000.0,102000.0,98600.0,10240.0
1041,1041,2018.10.02,100000.0,400.0,103000.0,103000.0,99100.0,14219.0
1042,1042,2018.10.04,99600.0,400.0,100000.0,100800.0,99200.0,8353.0
1043,1043,2018.10.05,98900.0,700.0,100000.0,100100.0,97000.0,9712.0
1044,1044,2018.10.08,97000.0,1900.0,99000.0,100000.0,96400.0,2671.0
1045,1045,2018.10.10,92900.0,4100.0,96500.0,97000.0,89900.0,7862.0
1046,1046,2018.10.11,87000.0,5900.0,90000.0,91700.0,87000.0,7885.0
1047,1047,2018.10.12,87200.0,200.0,85000.0,89500.0,85000.0,5735.0
1048,1048,2018.10.15,84200.0,3000.0,89100.0,89100.0,82100.0,10019.0
1049,1049,2018.10.16,82100.0,2100.0,84200.0,85000.0,82000.0,9461.0
1050,1050,2018.10.17,82600.0,500.0,89000.0,89000.0,80000.0,7476.0
1051,1051,2018.10.18,79700.0,2900.0,80200.0,83000.0,78900.0,12668.0
1052,1052,2018.10.19,84000.0,4300.0,82000.0,88000.0,78500.0,5244.0
1053,1053,2018.10.22,86300.0,2300.0,87400.0,87400.0,84000.0,8906.0
1054,1054,2018.10.23,92000.0,5700.0,89800.0,93000.0,83000.0,13901.0
1055,1055,2018.10.24,91000.0,1000.0,94800.0,95700.0,89000.0,13014.0
1056,1056,2018.10.25,88900.0,2100.0,86300.0,91000.0,86300.0,4594.0
1057,1057,2018.10.26,85100.0,3800.0,89200.0,89900.0,84100.0,7087.0
1058,1058,2018.10.29,84000.0,1100.0,86100.0,87900.0,81200.0,14747.0
1059,1059,2018.10.30,83900.0,100.0,80000.0,84000.0,78500.0,6114.0
1060,1060,2018.10.31,81700.0,2200.0,82000.0,84900.0,80900.0,5783.0
1061,1061,2018.11.01,86200.0,4500.0,81000.0,90000.0,80800.0,9956.0
1062,1062,2018.11.02,89800.0,3600.0,89500.0,92500.0,85000.0,14173.0
1063,1063,2018.11.05,90500.0,700.0,89900.0,91300.0,89500.0,5324.0
1064,1064,2018.11.06,89100.0,1400.0,91000.0,92000.0,87100.0,3916.0
1065,1065,2018.11.07,88300.0,800.0,92100.0,92100.0,87600.0,4522.0
1066,1066,2018.11.08,87800.0,500.0,90900.0,91000.0,87100.0,4436.0
1067,1067,2018.11.09,86500.0,1300.0,89800.0,89800.0,86000.0,4136.0
1068,1068,2018.11.12,82900.0,3600.0,87500.0,87500.0,81700.0,3722.0
1069,1069,2018.11.13,82300.0,600.0,82800.0,82800.0,80000.0,8537.0
1070,1070,2018.11.14,82400.0,100.0,83500.0,83500.0,81300.0,5579.0
1071,1071,2018.11.15,82000.0,400.0,82800.0,82800.0,81100.0,5643.0
1072,1072,2018.11.16,82000.0,0.0,82000.0,83000.0,80500.0,3831.0
1073,1073,2018.11.19,81700.0,300.0,82000.0,82900.0,81000.0,7502.0
1074,1074,2018.11.20,79700.0,2000.0,81700.0,81700.0,79400.0,7613.0
1075,1075,2018.11.21,81800.0,2100.0,78400.0,82000.0,76700.0,6729.0
1076,1076,2018.11.22,82700.0,900.0,85000.0,85000.0,80800.0,3717.0
1077,1077,2018.11.23,81500.0,1200.0,82700.0,84000.0,81500.0,8198.0
1078,1078,2018.11.26,81900.0,400.0,79500.0,82900.0,79500.0,5192.0
1079,1079,2018.11.27,83500.0,1600.0,82000.0,84600.0,81600.0,6873.0
1080,1080,2018.11.28,85000.0,1500.0,84500.0,85800.0,83900.0,2949.0
1081,1081,2018.11.29,85600.0,600.0,86600.0,86700.0,84100.0,4854.0
1082,1082,2018.11.30,86000.0,400.0,86000.0,86500.0,81000.0,17813.0
1083,1083,2018.12.03,88100.0,2100.0,86300.0,88100.0,86300.0,5754.0
1084,1084,2018.12.04,95400.0,7300.0,88800.0,97300.0,88800.0,11657.0
1085,1085,2018.12.05,97100.0,1700.0,93600.0,97300.0,93000.0,7823.0
1086,1086,2018.12.06,92500.0,4600.0,98000.0,99100.0,91300.0,12463.0
1087,1087,2018.12.07,92300.0,200.0,92100.0,93800.0,89500.0,5930.0
1088,1088,2018.12.10,88000.0,4300.0,89900.0,91900.0,87600.0,4636.0
1089,1089,2018.12.11,90300.0,2300.0,90000.0,90400.0,88000.0,14866.0
1090,1090,2018.12.12,91800.0,1500.0,92400.0,92400.0,90100.0,4012.0
1091,1091,2018.12.13,90700.0,1100.0,92500.0,92500.0,90100.0,10035.0
1092,1092,2018.12.14,88200.0,2500.0,90000.0,90000.0,87000.0,4506.0
1093,1093,2018.12.17,84600.0,3600.0,89600.0,89600.0,84500.0,16172.0
1094,1094,2018.12.18,84300.0,300.0,84600.0,84600.0,82500.0,6085.0
1095,1095,2018.12.19,86000.0,1700.0,84300.0,86000.0,81700.0,12321.0
1096,1096,2018.12.20,87000.0,1000.0,85000.0,87500.0,84600.0,13507.0
1097,1097,2018.12.21,87500.0,500.0,87800.0,88200.0,86500.0,12787.0
1098,1098,2018.12.24,87700.0,200.0,87500.0,88200.0,84500.0,27812.0
1099,1099,2018.12.26,85200.0,2500.0,84000.0,86800.0,83800.0,48110.0
1100,1100,2018.12.27,94700.0,9500.0,88100.0,94700.0,88100.0,30664.0
1101,1101,2018.12.28,100000.0,5300.0,93500.0,100200.0,93500.0,14697.0
1102,1102,2019.01.02,103000.0,3000.0,100000.0,108500.0,100000.0,23283.0
1103,1103,2019.01.03,99500.0,3500.0,104000.0,105500.0,99500.0,5254.0
1104,1104,2019.01.04,99700.0,200.0,97500.0,99700.0,97100.0,4437.0
1105,1105,2019.01.07,100000.0,300.0,100000.0,103900.0,99700.0,5484.0
1106,1106,2019.01.08,98800.0,1200.0,101800.0,101800.0,98800.0,2805.0
1107,1107,2019.01.09,98000.0,800.0,98800.0,98800.0,92000.0,7222.0
1108,1108,2019.01.10,98500.0,500.0,99900.0,99900.0,95600.0,726.0
1109,1109,2019.01.11,97000.0,1500.0,98400.0,98400.0,92800.0,3166.0
1110,1110,2019.01.14,93400.0,3600.0,95800.0,95900.0,91900.0,7188.0
1111,1111,2019.01.15,93300.0,100.0,94000.0,94500.0,91800.0,2950.0
1112,1112,2019.01.16,92000.0,1300.0,93000.0,93300.0,91900.0,5208.0
1113,1113,2019.01.17,92000.0,0.0,92600.0,93000.0,90000.0,6352.0
1114,1114,2019.01.18,92000.0,0.0,92000.0,92400.0,90400.0,4873.0
1115,1115,2019.01.21,90800.0,1200.0,92000.0,92800.0,90500.0,1446.0
1116,1116,2019.01.22,92500.0,1700.0,90000.0,92900.0,90000.0,1718.0
1117,1117,2019.01.23,92000.0,500.0,93200.0,93200.0,90500.0,6539.0
1118,1118,2019.01.24,93300.0,1300.0,92900.0,93500.0,91200.0,3145.0
1119,1119,2019.01.25,93300.0,0.0,93300.0,93400.0,92400.0,3002.0
1120,1120,2019.01.28,95000.0,1700.0,94000.0,95000.0,93000.0,3973.0
1121,1121,2019.01.29,96100.0,1100.0,94100.0,97400.0,94100.0,5361.0
1122,1122,2019.01.30,101500.0,5400.0,97000.0,102800.0,97000.0,17664.0
1123,1123,2019.01.31,102400.0,900.0,103500.0,104500.0,100500.0,5627.0
1124,1124,2019.02.01,87100.0,15300.0,87100.0,87100.0,87100.0,16765.0
1125,1125,2019.02.07,90300.0,3200.0,85000.0,92200.0,83100.0,33174.0
1126,1126,2019.02.08,92400.0,2100.0,87800.0,92700.0,87800.0,5068.0
1127,1127,2019.02.11,91200.0,1200.0,92100.0,92300.0,90200.0,2745.0
1128,1128,2019.02.12,90300.0,900.0,92400.0,92500.0,89500.0,3647.0
1129,1129,2019.02.13,87900.0,2400.0,91000.0,91000.0,87900.0,8172.0
1130,1130,2019.02.14,86800.0,1100.0,87900.0,88000.0,86200.0,4687.0
1131,1131,2019.02.15,86000.0,800.0,87900.0,87900.0,85900.0,5971.0
1132,1132,2019.02.18,85000.0,1000.0,86000.0,86400.0,81700.0,10959.0
1133,1133,2019.02.19,84900.0,100.0,86000.0,86000.0,83700.0,4176.0
1134,1134,2019.02.20,85200.0,300.0,84900.0,86000.0,84100.0,3578.0
1135,1135,2019.02.21,85100.0,100.0,85200.0,86200.0,84600.0,23053.0
1136,1136,2019.02.22,84200.0,900.0,85000.0,85100.0,84000.0,3409.0
1137,1137,2019.02.25,82300.0,1900.0,84900.0,84900.0,81000.0,8768.0
1138,1138,2019.02.26,82100.0,200.0,84000.0,85900.0,82000.0,5216.0
1139,1139,2019.02.27,82100.0,0.0,82100.0,83500.0,81700.0,3945.0
1140,1140,2019.02.28,82000.0,100.0,82900.0,82900.0,81000.0,5109.0
1141,1141,2019.03.04,81900.0,100.0,77700.0,83300.0,76700.0,13763.0
1142,1142,2019.03.05,83200.0,1300.0,79200.0,83600.0,79200.0,5119.0
1143,1143,2019.03.06,86700.0,3500.0,83900.0,86700.0,83800.0,8924.0
1144,1144,2019.03.07,86500.0,200.0,86600.0,87000.0,85300.0,2930.0
1145,1145,2019.03.08,86500.0,0.0,86000.0,87000.0,85000.0,2773.0
1146,1146,2019.03.11,86900.0,400.0,86400.0,86900.0,84500.0,7803.0
1147,1147,2019.03.12,98400.0,11500.0,87800.0,98500.0,86300.0,9600.0
1148,1148,2019.03.13,101400.0,3000.0,104000.0,109000.0,98600.0,21372.0
1149,1149,2019.03.14,100400.0,1000.0,101000.0,104000.0,98800.0,13045.0
1150,1150,2019.03.15,99400.0,1000.0,100000.0,100600.0,96900.0,10019.0
1151,1151,2019.03.18,100000.0,600.0,92000.0,102500.0,92000.0,5921.0
1152,1152,2019.03.19,98600.0,1400.0,100000.0,101400.0,98500.0,6145.0
1153,1153,2019.03.20,98000.0,600.0,98600.0,98600.0,97500.0,6813.0
1154,1154,2019.03.21,98000.0,0.0,101500.0,101600.0,96100.0,11392.0
1155,1155,2019.03.22,97000.0,1000.0,100000.0,100000.0,96100.0,3402.0
1156,1156,2019.03.25,94300.0,2700.0,97000.0,97000.0,93000.0,6398.0
1157,1157,2019.03.26,93500.0,800.0,95000.0,95000.0,91700.0,5087.0
1158,1158,2019.03.27,92600.0,900.0,94000.0,94000.0,90000.0,4473.0
1159,1159,2019.03.28,91500.0,1100.0,92300.0,92400.0,90300.0,2176.0
1160,1160,2019.03.29,95500.0,4000.0,91500.0,103900.0,91000.0,5518.0
1161,1161,2019.04.01,95800.0,300.0,95500.0,96900.0,94800.0,3703.0
1162,1162,2019.04.02,94900.0,900.0,96100.0,96900.0,93300.0,3430.0
1163,1163,2019.04.03,94500.0,400.0,91000.0,95900.0,91000.0,2988.0
1164,1164,2019.04.04,95400.0,900.0,96300.0,96900.0,93000.0,7337.0
1165,1165,2019.04.05,94600.0,800.0,95900.0,95900.0,93500.0,5576.0
1166,1166,2019.04.08,93700.0,900.0,94800.0,94800.0,92500.0,4045.0
1167,1167,2019.04.09,93600.0,100.0,94300.0,94300.0,92000.0,6769.0
1168,1168,2019.04.10,93700.0,100.0,93600.0,94700.0,93300.0,4850.0
1169,1169,2019.04.11,93400.0,300.0,94300.0,94300.0,92500.0,4024.0
1170,1170,2019.04.12,93400.0,0.0,93000.0,93400.0,92100.0,3236.0
1171,1171,2019.04.15,93200.0,200.0,92500.0,93400.0,92500.0,3256.0
1172,1172,2019.04.16,93000.0,200.0,92500.0,93900.0,92000.0,4581.0
1173,1173,2019.04.17,93400.0,400.0,94800.0,94800.0,92700.0,3314.0
1174,1174,2019.04.18,93000.0,400.0,94500.0,94500.0,92600.0,9553.0
1175,1175,2019.04.19,93000.0,0.0,93000.0,93200.0,92400.0,4999.0
1176,1176,2019.04.22,93000.0,0.0,93000.0,93400.0,92600.0,3774.0
1177,1177,2019.04.23,94000.0,1000.0,93100.0,94500.0,93000.0,9337.0
1178,1178,2019.04.24,96400.0,2400.0,93500.0,96500.0,93500.0,7100.0
1179,1179,2019.04.25,95400.0,1000.0,96400.0,96400.0,94500.0,4966.0
1180,1180,2019.04.26,93300.0,2100.0,95400.0,95400.0,93000.0,5632.0
1181,1181,2019.04.29,93700.0,400.0,94000.0,94000.0,93100.0,1429.0
1182,1182,2019.04.30,93700.0,0.0,98900.0,98900.0,92600.0,7755.0
1183,1183,2019.05.02,93400.0,300.0,93600.0,93700.0,93000.0,1225.0
1184,1184,2019.05.03,93000.0,400.0,93400.0,93400.0,91500.0,5475.0
1185,1185,2019.05.07,90700.0,2300.0,91100.0,91500.0,86000.0,8777.0
1186,1186,2019.05.08,90000.0,700.0,90700.0,90700.0,87700.0,7177.0
1187,1187,2019.05.09,86600.0,3400.0,90100.0,90900.0,86500.0,3846.0
1188,1188,2019.05.10,88200.0,1600.0,86900.0,91200.0,86900.0,1123.0
1189,1189,2019.05.13,87900.0,300.0,88300.0,91000.0,86000.0,2048.0
1190,1190,2019.05.14,86000.0,1900.0,86000.0,86500.0,85100.0,2862.0
1191,1191,2019.05.15,86300.0,300.0,91400.0,91400.0,83000.0,4836.0
1192,1192,2019.05.16,84900.0,1400.0,87000.0,88900.0,84300.0,2802.0
1193,1193,2019.05.17,84900.0,0.0,85000.0,87000.0,84000.0,2383.0
1194,1194,2019.05.20,80900.0,4000.0,84000.0,84000.0,79800.0,6299.0
1195,1195,2019.05.21,80900.0,0.0,81000.0,81500.0,78600.0,3409.0
1196,1196,2019.05.22,81000.0,100.0,85400.0,85400.0,79700.0,3242.0
1197,1197,2019.05.23,80700.0,300.0,81700.0,81700.0,79400.0,2077.0
1198,1198,2019.05.24,80200.0,500.0,82000.0,82000.0,79300.0,4915.0
1199,1199,2019.05.27,79700.0,500.0,79000.0,80900.0,78100.0,2878.0
1200,1200,2019.05.28,78800.0,900.0,79700.0,83000.0,76500.0,8014.0
1201,1201,2019.05.29,76600.0,2200.0,78800.0,79000.0,76600.0,6254.0
1202,1202,2019.05.30,76000.0,600.0,76600.0,80000.0,75300.0,5215.0
1203,1203,2019.05.31,76000.0,0.0,76000.0,78000.0,73000.0,8994.0
1204,1204,2019.06.03,74900.0,1100.0,76000.0,76000.0,73800.0,2665.0
1205,1205,2019.06.04,73800.0,1100.0,74900.0,75000.0,71600.0,4636.0
1206,1206,2019.06.05,75000.0,1200.0,73800.0,75500.0,73500.0,1998.0
1207,1207,2019.06.07,74900.0,100.0,75000.0,75000.0,71100.0,3639.0
1208,1208,2019.06.10,74600.0,300.0,74900.0,74900.0,73500.0,1719.0
1209,1209,2019.06.11,75000.0,400.0,74600.0,75000.0,74000.0,2115.0
1210,1210,2019.06.12,75500.0,500.0,74200.0,75700.0,74100.0,995.0
1211,1211,2019.06.13,77200.0,1700.0,75500.0,77700.0,75100.0,2191.0
1212,1212,2019.06.14,80500.0,3300.0,77200.0,80500.0,77100.0,4344.0
1213,1213,2019.06.17,79600.0,900.0,80500.0,80800.0,78400.0,2770.0
1214,1214,2019.06.18,79800.0,200.0,79800.0,81400.0,77100.0,3810.0
1215,1215,2019.06.19,81900.0,2100.0,80700.0,82000.0,80500.0,526.0
1216,1216,2019.06.20,81300.0,600.0,86000.0,90900.0,80200.0,64764.0
1217,1217,2019.06.21,79000.0,2300.0,81600.0,81800.0,78500.0,6593.0
1218,1218,2019.06.24,77000.0,2000.0,80000.0,80000.0,76000.0,11060.0
1219,1219,2019.06.25,74300.0,2700.0,77000.0,77000.0,72000.0,14901.0
1220,1220,2019.06.26,74900.0,600.0,75500.0,75500.0,73500.0,6569.0
1221,1221,2019.06.27,71200.0,3700.0,76500.0,76500.0,70000.0,14662.0
1222,1222,2019.06.28,66800.0,4400.0,72500.0,72500.0,66100.0,9273.0
1223,1223,2019.07.01,69600.0,2800.0,69300.0,69800.0,65000.0,8201.0
1224,1224,2019.07.02,75300.0,5700.0,69900.0,76800.0,69900.0,12216.0
1225,1225,2019.07.03,74000.0,1300.0,75200.0,75200.0,73200.0,419.0
1226,1226,2019.07.04,73400.0,600.0,73800.0,73800.0,70000.0,2822.0
1227,1227,2019.07.05,73200.0,200.0,73900.0,73900.0,71600.0,731.0
1228,1228,2019.07.08,71500.0,1700.0,73200.0,75400.0,71200.0,971.0
1229,1229,2019.07.09,68500.0,3000.0,71400.0,71400.0,68500.0,2668.0
1230,1230,2019.07.10,68000.0,500.0,66900.0,69500.0,65000.0,7077.0
1231,1231,2019.07.11,70000.0,2000.0,72500.0,72500.0,67800.0,336.0
1232,1232,2019.07.12,67600.0,2400.0,72100.0,72200.0,67400.0,3151.0
1233,1233,2019.07.15,67600.0,0.0,69900.0,69900.0,67100.0,394.0
1234,1234,2019.07.16,67000.0,600.0,67900.0,67900.0,66500.0,1350.0
1235,1235,2019.07.17,67000.0,0.0,67000.0,67500.0,66000.0,5812.0
1236,1236,2019.07.18,64800.0,2200.0,67500.0,67500.0,64800.0,1349.0
1237,1237,2019.07.19,65800.0,1000.0,66000.0,66900.0,65000.0,2915.0
1238,1238,2019.07.22,64400.0,1400.0,65800.0,65800.0,62300.0,1700.0
1239,1239,2019.07.23,66000.0,1600.0,65900.0,67500.0,65000.0,3263.0
1240,1240,2019.07.24,65000.0,1000.0,66700.0,66700.0,64000.0,3788.0
1241,1241,2019.07.25,64800.0,200.0,64000.0,65000.0,62800.0,8259.0
1242,1242,2019.07.26,62900.0,1900.0,64800.0,65400.0,62500.0,2896.0
1243,1243,2019.07.29,59000.0,3900.0,62900.0,62900.0,57200.0,4156.0
1244,1244,2019.07.30,60000.0,1000.0,62000.0,62000.0,58000.0,7262.0
1245,1245,2019.07.31,60000.0,0.0,60000.0,60000.0,53000.0,1956.0
1246,1246,2019.08.01,60500.0,500.0,63000.0,63000.0,58500.0,1020.0
1247,1247,2019.08.02,59300.0,1200.0,58100.0,59900.0,54000.0,3443.0
1248,1248,2019.08.05,50500.0,8800.0,56500.0,58500.0,50500.0,7437.0
1249,1249,2019.08.06,47300.0,3200.0,43500.0,53400.0,43500.0,7604.0
1250,1250,2019.08.07,48800.0,1500.0,46150.0,49700.0,45500.0,3048.0
1251,1251,2019.08.08,50900.0,2100.0,53900.0,53900.0,48850.0,1113.0
1252,1252,2019.08.09,50700.0,200.0,52700.0,52700.0,49950.0,3796.0
1253,1253,2019.08.12,46400.0,4300.0,45100.0,50900.0,44200.0,4802.0
1254,1254,2019.08.13,46800.0,400.0,49500.0,49500.0,46450.0,1456.0
1255,1255,2019.08.14,47600.0,800.0,49150.0,49150.0,46000.0,827.0
1256,1256,2019.08.16,49150.0,1550.0,47600.0,49150.0,46100.0,1280.0
1257,1257,2019.08.19,53500.0,4350.0,49150.0,54000.0,49150.0,2543.0
1258,1258,2019.08.20,50200.0,3300.0,50000.0,52400.0,48000.0,22816.0
1259,1259,2019.08.21,48600.0,1600.0,50200.0,50400.0,47700.0,6220.0
1260,1260,2019.08.22,47250.0,1350.0,47550.0,49000.0,45000.0,6030.0
1261,1261,2019.08.23,45400.0,1850.0,47250.0,47250.0,44700.0,4807.0
1262,1262,2019.08.26,43000.0,2400.0,45800.0,45800.0,41300.0,9569.0
1263,1263,2019.08.27,43000.0,0.0,44500.0,44500.0,41500.0,6865.0
1264,1264,2019.08.28,44800.0,1800.0,43900.0,44800.0,41300.0,4105.0
1265,1265,2019.08.29,43850.0,950.0,44800.0,45400.0,42000.0,1805.0
1266,1266,2019.08.30,44350.0,500.0,44600.0,44600.0,42700.0,1016.0
1267,1267,2019.09.02,44900.0,550.0,44000.0,45050.0,43900.0,936.0
1268,1268,2019.09.03,46650.0,1750.0,45350.0,47950.0,45350.0,2752.0
1269,1269,2019.09.04,49600.0,2950.0,47000.0,49800.0,47000.0,4675.0
1270,1270,2019.09.05,50400.0,800.0,51500.0,51500.0,48300.0,1359.0
1271,1271,2019.09.06,49900.0,500.0,50400.0,51300.0,49050.0,328.0
1272,1272,2019.09.09,47950.0,1950.0,50600.0,50600.0,42450.0,3215.0
1273,1273,2019.09.10,46750.0,1200.0,47950.0,49750.0,46000.0,2264.0
1274,1274,2019.09.11,46900.0,150.0,47500.0,47700.0,45000.0,3521.0
1275,1275,2019.09.16,45300.0,1600.0,47200.0,47200.0,44500.0,7927.0
1276,1276,2019.09.17,45350.0,50.0,44700.0,46600.0,44000.0,4119.0
1277,1277,2019.09.18,46100.0,750.0,46450.0,47000.0,45800.0,3056.0
1278,1278,2019.09.19,46350.0,250.0,47000.0,47000.0,45000.0,4764.0
1279,1279,2019.09.20,46700.0,350.0,46650.0,46950.0,45700.0,5467.0
1280,1280,2019.09.23,46000.0,700.0,45850.0,46500.0,45000.0,5821.0
1281,1281,2019.09.24,45000.0,1000.0,45100.0,46000.0,44500.0,6790.0
1282,1282,2019.09.25,42400.0,2600.0,44400.0,44950.0,41500.0,11565.0
1283,1283,2019.09.26,48700.0,6300.0,45400.0,48700.0,44500.0,23891.0
1284,1284,2019.09.27,56000.0,7300.0,49300.0,56000.0,49300.0,20076.0
1285,1285,2019.09.30,60000.0,4000.0,56100.0,61400.0,56100.0,10159.0
1286,1286,2019.10.01,58300.0,1700.0,61000.0,61000.0,51100.0,8538.0
1287,1287,2019.10.02,58100.0,200.0,59500.0,59500.0,57800.0,817.0
1288,1288,2019.10.04,55200.0,2900.0,57300.0,58900.0,54900.0,2494.0
1289,1289,2019.10.07,54300.0,900.0,56000.0,56000.0,52800.0,3518.0
1290,1290,2019.10.08,53000.0,1300.0,54300.0,54300.0,52100.0,3994.0
1291,1291,2019.10.10,58800.0,5800.0,54000.0,58800.0,53000.0,4716.0
1292,1292,2019.10.11,58000.0,800.0,60000.0,60000.0,57100.0,3720.0
1293,1293,2019.10.14,58700.0,700.0,59800.0,60700.0,57200.0,2249.0
1294,1294,2019.10.15,60200.0,1500.0,58900.0,60700.0,57400.0,6720.0
1295,1295,2019.10.16,66700.0,6500.0,61900.0,67200.0,59600.0,8053.0
1296,1296,2019.10.17,67400.0,700.0,67000.0,69300.0,66700.0,6654.0
1297,1297,2019.10.18,68400.0,1000.0,69200.0,69200.0,67400.0,3271.0
1298,1298,2019.10.21,67900.0,500.0,68400.0,70000.0,67000.0,3898.0
1299,1299,2019.10.22,67900.0,0.0,69000.0,69000.0,66000.0,4412.0
1300,1300,2019.10.23,63800.0,4100.0,66800.0,66800.0,61200.0,8659.0
1301,1301,2019.10.24,61700.0,2100.0,62500.0,65700.0,60600.0,2893.0
1302,1302,2019.10.25,60000.0,1700.0,64700.0,64700.0,58500.0,5431.0
1303,1303,2019.10.28,60600.0,600.0,57100.0,63500.0,57100.0,2126.0
1304,1304,2019.10.29,60500.0,100.0,61000.0,61800.0,59600.0,2278.0
1305,1305,2019.10.30,59800.0,700.0,59400.0,61400.0,59100.0,1301.0
1306,1306,2019.10.31,60000.0,200.0,60900.0,60900.0,59600.0,1836.0
1307,1307,2019.11.01,60000.0,0.0,59200.0,60000.0,59200.0,1272.0
1308,1308,2019.11.04,63300.0,3300.0,60100.0,64000.0,60100.0,5080.0
1309,1309,2019.11.05,62100.0,1200.0,63300.0,63300.0,61500.0,2317.0
1310,1310,2019.11.06,61700.0,400.0,63900.0,63900.0,61500.0,3288.0
1311,1311,2019.11.07,60900.0,800.0,65000.0,65000.0,60000.0,2128.0
1312,1312,2019.11.08,59400.0,1500.0,60900.0,60900.0,58100.0,4207.0
1313,1313,2019.11.11,56800.0,2600.0,58600.0,59300.0,55900.0,4166.0
1314,1314,2019.11.12,55800.0,1000.0,57000.0,57100.0,55600.0,1709.0
1315,1315,2019.11.13,57500.0,1700.0,55800.0,57500.0,55600.0,2061.0
1316,1316,2019.11.14,57900.0,400.0,60000.0,60000.0,57000.0,2031.0
1317,1317,2019.11.15,58900.0,1000.0,60000.0,62500.0,57900.0,1067.0
1318,1318,2019.11.18,57400.0,1500.0,59200.0,59200.0,57000.0,2127.0
1319,1319,2019.11.19,54000.0,3400.0,57800.0,57800.0,48850.0,2808.0
1320,1320,2019.11.20,52700.0,1300.0,56300.0,57900.0,52500.0,3384.0
1321,1321,2019.11.21,50700.0,2000.0,51700.0,52900.0,50000.0,5160.0
1322,1322,2019.11.22,50800.0,100.0,54900.0,54900.0,50000.0,3112.0
1323,1323,2019.11.25,51400.0,600.0,50100.0,52500.0,50100.0,1421.0
1324,1324,2019.11.26,50800.0,600.0,50600.0,51900.0,50300.0,2083.0
1325,1325,2019.11.27,51200.0,400.0,51600.0,52800.0,50800.0,3076.0
1326,1326,2019.11.28,51200.0,0.0,51200.0,51700.0,50000.0,3430.0
1327,1327,2019.11.29,50400.0,800.0,52400.0,52400.0,50000.0,1167.0
1328,1328,2019.12.02,50300.0,100.0,50800.0,50800.0,49900.0,1815.0
1329,1329,2019.12.03,49700.0,600.0,45900.0,50000.0,45900.0,4459.0
1330,1330,2019.12.04,48800.0,900.0,50000.0,50700.0,48150.0,1549.0
1331,1331,2019.12.05,49700.0,900.0,51800.0,51800.0,48000.0,1663.0
1332,1332,2019.12.06,49100.0,600.0,50000.0,50200.0,48200.0,3836.0
1333,1333,2019.12.09,48950.0,150.0,48000.0,49800.0,47900.0,4314.0
1334,1334,2019.12.10,49400.0,450.0,50000.0,50000.0,48050.0,1231.0
1335,1335,2019.12.11,48150.0,1250.0,48000.0,49000.0,47400.0,7057.0
1336,1336,2019.12.12,47150.0,1000.0,48000.0,48000.0,46600.0,5651.0
1337,1337,2019.12.13,47450.0,300.0,53200.0,53200.0,47100.0,2517.0
1338,1338,2019.12.16,48000.0,550.0,48000.0,49000.0,47450.0,3879.0
1339,1339,2019.12.17,48150.0,150.0,47550.0,48150.0,47350.0,4405.0
1340,1340,2019.12.18,50000.0,1850.0,47500.0,50900.0,47500.0,8731.0
1341,1341,2019.12.19,48100.0,1900.0,49200.0,49850.0,45500.0,33421.0
1342,1342,2019.12.20,49150.0,1050.0,48750.0,49150.0,47200.0,5177.0
1343,1343,2019.12.23,49500.0,350.0,49700.0,49700.0,48000.0,10289.0
1344,1344,2019.12.24,49850.0,350.0,49300.0,49900.0,48000.0,8082.0
1345,1345,2019.12.26,51600.0,1750.0,49850.0,54600.0,49000.0,10922.0
1346,1346,2019.12.27,51400.0,200.0,54000.0,54000.0,43900.0,11925.0
1347,1347,2019.12.30,53600.0,2200.0,51400.0,53700.0,50000.0,7649.0
1348,1348,2020.01.02,53300.0,300.0,52500.0,53700.0,50500.0,4979.0
1349,1349,2020.01.03,53300.0,0.0,54500.0,54500.0,52500.0,5520.0
1350,1350,2020.01.06,51900.0,1400.0,53300.0,53400.0,50500.0,1735.0
1351,1351,2020.01.07,51000.0,900.0,50600.0,51500.0,49850.0,5431.0
1352,1352,2020.01.08,43400.0,7600.0,49800.0,50600.0,43400.0,58595.0
1353,1353,2020.01.09,46050.0,2650.0,43400.0,46600.0,41000.0,28236.0
1354,1354,2020.01.10,48900.0,2850.0,47000.0,49550.0,46800.0,6305.0
1355,1355,2020.01.13,49250.0,350.0,49000.0,50000.0,48750.0,2489.0
1356,1356,2020.01.14,48400.0,850.0,46300.0,49450.0,46300.0,3198.0
1357,1357,2020.01.15,48300.0,100.0,48400.0,48900.0,47950.0,3751.0
1358,1358,2020.01.16,47600.0,700.0,48000.0,48700.0,47000.0,1509.0
1359,1359,2020.01.17,47850.0,250.0,48000.0,48000.0,47000.0,1188.0
1360,1360,2020.01.20,47200.0,650.0,47900.0,47950.0,46500.0,1494.0
1361,1361,2020.01.21,46700.0,500.0,47950.0,48000.0,46300.0,3956.0
1362,1362,2020.01.22,45850.0,850.0,47400.0,47400.0,45850.0,1348.0
1363,1363,2020.01.23,45000.0,850.0,45850.0,45850.0,44900.0,3368.0
1364,1364,2020.01.28,44000.0,1000.0,45000.0,45000.0,43000.0,3515.0
1365,1365,2020.01.29,43900.0,100.0,44400.0,44500.0,43500.0,2059.0
1366,1366,2020.01.30,43500.0,400.0,44850.0,44850.0,43400.0,1095.0
1367,1367,2020.01.31,42800.0,700.0,44150.0,44150.0,42450.0,1879.0
1368,1368,2020.02.03,41700.0,1100.0,42000.0,42000.0,40000.0,3207.0
1369,1369,2020.02.04,41950.0,250.0,42000.0,43000.0,41600.0,2470.0
1370,1370,2020.02.05,41950.0,0.0,42700.0,43000.0,41300.0,2502.0
1371,1371,2020.02.06,42250.0,300.0,42900.0,42900.0,41200.0,4073.0
1372,1372,2020.02.07,43950.0,1700.0,42950.0,45050.0,41700.0,4444.0
1373,1373,2020.02.10,44750.0,800.0,43150.0,45900.0,43100.0,2765.0
1374,1374,2020.02.11,44750.0,0.0,45650.0,45650.0,44400.0,1923.0
1375,1375,2020.02.12,44450.0,300.0,45800.0,45800.0,43050.0,4133.0
1376,1376,2020.02.13,43700.0,750.0,44000.0,44750.0,43200.0,5018.0
1377,1377,2020.02.14,43300.0,400.0,43700.0,44000.0,42700.0,7781.0
1378,1378,2020.02.17,42300.0,1000.0,43000.0,43300.0,41500.0,4845.0
1379,1379,2020.02.18,42300.0,0.0,42000.0,43750.0,41500.0,2900.0
1380,1380,2020.02.19,41800.0,500.0,42950.0,42950.0,41500.0,1951.0
1381,1381,2020.02.20,41000.0,800.0,42500.0,42500.0,40200.0,13439.0
1382,1382,2020.02.21,40100.0,900.0,40150.0,41700.0,39900.0,3771.0
1383,1383,2020.02.24,37900.0,2200.0,38200.0,40000.0,37800.0,6196.0
1384,1384,2020.02.25,38000.0,100.0,38500.0,38500.0,37100.0,4152.0
1385,1385,2020.02.26,37400.0,600.0,38500.0,38950.0,37000.0,9710.0
1386,1386,2020.02.27,35500.0,1900.0,37750.0,37750.0,35100.0,6133.0
1387,1387,2020.02.28,33800.0,1700.0,34400.0,35000.0,32450.0,28838.0
1388,1388,2020.03.02,32600.0,1200.0,33800.0,34400.0,32300.0,13757.0
1389,1389,2020.03.03,32900.0,300.0,33000.0,35000.0,32000.0,17814.0
1390,1390,2020.03.04,34100.0,1200.0,32400.0,34700.0,31750.0,4510.0
1391,1391,2020.03.05,37000.0,2900.0,34750.0,37000.0,34100.0,3603.0
1392,1392,2020.03.06,37200.0,200.0,36950.0,37200.0,35300.0,4294.0
1393,1393,2020.03.09,35000.0,2200.0,37900.0,37950.0,34000.0,14706.0
1394,1394,2020.03.10,34800.0,200.0,34500.0,35750.0,30400.0,13550.0
1395,1395,2020.03.11,34550.0,250.0,35800.0,35800.0,33200.0,4277.0
1396,1396,2020.03.12,31550.0,3000.0,33900.0,33900.0,29900.0,18101.0
1397,1397,2020.03.13,27500.0,4050.0,27500.0,29000.0,26850.0,60232.0
1398,1398,2020.03.16,27900.0,400.0,27500.0,30500.0,27200.0,6202.0
1399,1399,2020.03.17,29000.0,1100.0,27750.0,29600.0,27200.0,10501.0
1400,1400,2020.03.18,27750.0,1250.0,29000.0,30800.0,26700.0,6314.0
1401,1401,2020.03.19,23600.0,4150.0,28000.0,29000.0,23600.0,21742.0
1402,1402,2020.03.20,26750.0,3150.0,23700.0,26900.0,22100.0,6632.0
1403,1403,2020.03.23,23600.0,3150.0,24350.0,25750.0,22900.0,9858.0
1404,1404,2020.03.24,24400.0,800.0,24950.0,24950.0,22100.0,5414.0
1405,1405,2020.03.25,25800.0,1400.0,25500.0,26850.0,24500.0,5381.0
1406,1406,2020.03.26,27650.0,1850.0,26150.0,27800.0,26100.0,7874.0
1407,1407,2020.03.27,30300.0,2650.0,29500.0,31700.0,28200.0,12385.0
1408,1408,2020.03.30,28000.0,2300.0,30300.0,30300.0,27800.0,9472.0
1409,1409,2020.03.31,29250.0,1250.0,28800.0,29900.0,28550.0,5334.0
1410,1410,2020.04.01,30250.0,1000.0,30000.0,31000.0,29550.0,8537.0
1411,1411,2020.04.02,30100.0,150.0,28500.0,31000.0,28300.0,1381.0
1412,1412,2020.04.03,30200.0,100.0,30500.0,31000.0,28600.0,3091.0
1413,1413,2020.04.06,31500.0,1300.0,31000.0,31800.0,29050.0,13023.0
1414,1414,2020.04.07,32000.0,500.0,31500.0,32450.0,30800.0,5282.0
1415,1415,2020.04.08,33000.0,1000.0,32000.0,33000.0,31800.0,4494.0
1416,1416,2020.04.09,34200.0,1200.0,33850.0,35000.0,33100.0,6692.0
1417,1417,2020.04.10,34300.0,100.0,34500.0,35000.0,33000.0,4830.0
1418,1418,2020.04.13,31500.0,2800.0,34900.0,34900.0,31500.0,7138.0
1419,1419,2020.04.14,34700.0,3200.0,32000.0,34700.0,32000.0,12090.0
